customer_id,age,gender,city,account_age_days,account_type,preferred_device,preferred_payment_method
C10000,18,Female,Jaipur,473,Standard,Android,Wallet
C10001,41,Female,Hyderabad,328,Basic,Android,UPI
C10002,42,Female,Lucknow,819,Basic,Web,Wallet
C10003,27,Female,Kolkata,1474,Standard,Android,UPI
C10004,36,Male,Mumbai,1762,Standard,Android,UPI
C10005,29,Female,Indore,98,Basic,iOS,Card
C10006,33,Female,Ahmedabad,1032,Basic,Android,UPI
C10007,21,Male,Jaipur,2070,Basic,iOS,Card
C10008,37,Male,Mumbai,1813,Basic,iOS,Net Banking
C10009,18,Female,Hyderabad,2069,Premium,iOS,Wallet
C10010,18,Female,Bengaluru,2106,Basic,Android,UPI
C10011,30,Male,Noida,229,Standard,Android,Card
C10012,29,Male,Kolkata,1507,Standard,Web,Card
C10013,33,Male,Lucknow,1225,Standard,Web,UPI
C10014,25,Female,Hyderabad,1065,Basic,iOS,UPI
C10015,48,Male,Delhi,1760,Standard,Android,Card
C10016,32,Female,Pune,2057,Standard,Android,UPI
C10017,33,Female,Mumbai,1038,Basic,iOS,Card
C10018,33,Male,Lucknow,1437,Basic,Android,UPI
C10019,40,Male,Pune,1068,Standard,Web,Card
C10020,36,Female,Ahmedabad,1409,Standard,Web,UPI
C10021,35,Female,Bengaluru,2135,Basic,Android,UPI
C10022,38,Male,Indore,1790,Standard,Android,Net Banking
C10023,18,Female,Kanpur,530,Basic,Android,UPI
C10024,18,Female,Jaipur,1911,Basic,Android,Card
C10025,30,Female,Delhi,1172,Basic,Android,UPI
C10026,29,Female,Hyderabad,1298,Basic,iOS,UPI
C10027,36,Male,Mumbai,279,Standard,Android,Net Banking
C10028,31,Female,Delhi,995,Basic,Android,UPI
C10029,36,Male,Kolkata,686,Basic,Android,UPI
C10030,20,Male,Ahmedabad,220,Standard,Android,UPI
C10031,31,Female,Indore,1876,Standard,Android,UPI
C10032,19,Male,Bengaluru,310,Standard,Web,Wallet
C10033,34,Female,Bengaluru,1584,Basic,Android,UPI
C10034,18,Male,Hyderabad,1646,Basic,iOS,UPI
C10035,34,Male,Delhi,1358,Premium,Android,UPI
C10036,18,Male,Mumbai,1853,Basic,iOS,UPI
C10037,28,Female,Chennai,277,Basic,Android,Card
C10038,39,Male,Delhi,65,Standard,Android,UPI
C10039,33,Male,Kolkata,1876,Standard,Android,UPI
C10040,18,Female,Hyderabad,427,Premium,iOS,UPI
C10041,25,Female,Lucknow,676,Basic,Android,UPI
C10042,18,Female,Kolkata,1526,Premium,Android,Net Banking
C10043,18,Female,Bengaluru,1190,Basic,Android,Card
C10044,32,Female,Lucknow,465,Standard,iOS,UPI
C10045,36,Male,Jaipur,536,Basic,Android,UPI
C10046,35,Other,Hyderabad,1844,Premium,Android,Card
C10047,36,Female,Bengaluru,1159,Premium,iOS,UPI
C10048,31,Male,Kolkata,2031,Standard,Android,UPI
C10049,29,Male,Delhi,1249,Standard,Android,Wallet
C10050,21,Male,Delhi,1469,Basic,Android,Card
C10051,27,Male,Mumbai,768,Standard,iOS,UPI
C10052,19,Male,Jaipur,94,Basic,Web,UPI
C10053,23,Male,Kolkata,1127,Standard,iOS,Card
C10054,32,Female,Ahmedabad,1614,Basic,iOS,Card
C10055,30,Female,Jaipur,911,Basic,iOS,UPI
C10056,59,Male,Hyderabad,1896,Basic,Android,UPI
C10057,19,Female,Pune,1543,Standard,Web,Net Banking
C10058,30,Female,Delhi,1128,Basic,Android,UPI
C10059,18,Female,Mumbai,1210,Standard,iOS,Card
C10060,28,Male,Kolkata,523,Basic,Android,Net Banking
C10061,28,Female,Hyderabad,1935,Basic,iOS,UPI
C10062,39,Male,Pune,159,Standard,Web,Wallet
C10063,27,Female,Jaipur,137,Basic,Web,UPI
C10064,29,Male,Kolkata,1731,Standard,Web,Card
C10065,27,Male,Chennai,87,Standard,iOS,UPI
C10066,18,Male,Pune,1135,Premium,Android,UPI
C10067,25,Female,Bengaluru,439,Basic,Android,Card
C10068,28,Female,Mumbai,1507,Basic,Android,Card
C10069,32,Male,Hyderabad,287,Premium,Android,UPI
C10070,36,Male,Delhi,604,Premium,Android,UPI
C10071,29,Female,Hyderabad,1171,Standard,Android,UPI
C10072,29,Male,Lucknow,849,Basic,Web,Wallet
C10073,18,Male,Delhi,464,Basic,iOS,Card
C10074,36,Female,Mumbai,165,Standard,Android,UPI
C10075,25,Male,Bengaluru,64,Basic,iOS,UPI
C10076,38,Male,Bengaluru,446,Basic,iOS,Net Banking
C10077,43,Male,Kolkata,643,Standard,Web,Card
C10078,29,Female,Pune,290,Basic,Android,Card
C10079,22,Female,Jaipur,1134,Premium,iOS,Card
C10080,31,Female,Kolkata,1951,Basic,Android,UPI
C10081,34,Female,Hyderabad,1579,Premium,Web,UPI
C10082,28,Female,Lucknow,696,Standard,Web,UPI
C10083,26,Male,Delhi,981,Premium,Android,UPI
C10084,36,Male,Mumbai,1699,Standard,Android,Card
C10085,35,Female,Mumbai,2119,Basic,Android,Card
C10086,28,Male,Ahmedabad,1226,Basic,Android,Net Banking
C10087,18,Female,Hyderabad,462,Basic,Android,UPI
C10088,35,Female,Delhi,1912,Standard,iOS,Card
C10089,24,Male,Chennai,1145,Basic,Android,Wallet
C10090,33,Male,Delhi,94,Standard,Android,UPI
C10091,32,Female,Kolkata,579,Premium,iOS,UPI
C10092,18,Male,Hyderabad,1185,Basic,iOS,Net Banking
C10093,32,Male,Hyderabad,1780,Standard,Android,UPI
C10094,36,Male,Bengaluru,1878,Premium,iOS,Card
C10095,37,Other,Pune,437,Standard,iOS,UPI
C10096,32,Female,Bengaluru,1598,Basic,Android,UPI
C10097,18,Female,Mumbai,2116,Basic,Android,Wallet
C10098,42,Male,Mumbai,1763,Standard,iOS,UPI
C10099,35,Male,Indore,1585,Basic,Android,UPI
C10100,20,Female,Noida,1757,Standard,Android,UPI
C10101,24,Female,Kolkata,1238,Premium,Android,UPI
C10102,33,Female,Bengaluru,1346,Standard,Web,UPI
C10103,37,Female,Indore,1185,Basic,iOS,Card
C10104,27,Female,Jaipur,2103,Basic,iOS,UPI
C10105,38,Male,Ahmedabad,816,Premium,Android,UPI
C10106,18,Female,Hyderabad,1715,Basic,iOS,UPI
C10107,22,Male,Bengaluru,75,Basic,Android,Card
C10108,18,Female,Mumbai,938,Standard,Web,UPI
C10109,23,Female,Noida,2015,Standard,iOS,Net Banking
C10110,45,Male,Hyderabad,557,Basic,iOS,Wallet
C10111,50,Female,Delhi,1755,Standard,Web,UPI
C10112,33,Female,Bengaluru,1120,Standard,Web,UPI
C10113,25,Male,Pune,322,Basic,Android,Card
C10114,29,Female,Delhi,260,Basic,Android,UPI
C10115,35,Female,Lucknow,294,Standard,iOS,Net Banking
C10116,18,Male,Ahmedabad,1039,Basic,Android,Wallet
C10117,26,Female,Ahmedabad,698,Premium,Android,Card
C10118,44,Male,Hyderabad,1971,Basic,Android,UPI
C10119,22,Female,Pune,1686,Standard,Android,UPI
C10120,24,Female,Pune,340,Standard,iOS,UPI
C10121,31,Female,Kolkata,1121,Standard,Android,UPI
C10122,34,Male,Mumbai,1691,Basic,Android,Card
C10123,25,Female,Hyderabad,1449,Standard,Android,UPI
C10124,32,Male,Mumbai,50,Premium,Web,Card
C10125,36,Male,Chennai,43,Basic,Android,Card
C10126,49,Male,Bengaluru,1296,Basic,Web,UPI
C10127,30,Female,Delhi,2034,Basic,Web,Card
C10128,31,Male,Mumbai,139,Basic,Android,Net Banking
C10129,45,Male,Pune,389,Basic,iOS,UPI
C10130,26,Female,Delhi,439,Standard,Android,Card
C10131,19,Male,Noida,722,Premium,Android,UPI
C10132,33,Male,Pune,1962,Premium,Android,Card
C10133,41,Male,Bengaluru,2085,Basic,iOS,Wallet
C10134,34,Male,Pune,695,Standard,Web,Card
C10135,30,Female,Mumbai,1620,Basic,Android,UPI
C10136,18,Female,Indore,51,Basic,Android,UPI
C10137,30,Male,Chennai,1139,Standard,iOS,Wallet
C10138,42,Male,Jaipur,1392,Basic,Android,Card
C10139,20,Male,Mumbai,1902,Basic,Android,UPI
C10140,29,Female,Chennai,1813,Standard,Android,Card
C10141,28,Male,Chennai,162,Standard,iOS,UPI
C10142,25,Male,Gurugram,926,Premium,Android,Wallet
C10143,33,Other,Pune,195,Basic,Android,UPI
C10144,35,Female,Hyderabad,50,Premium,Android,UPI
C10145,35,Male,Bengaluru,366,Basic,Android,UPI
C10146,22,Female,Bengaluru,2054,Basic,Android,UPI
C10147,18,Male,Chennai,604,Standard,Android,Card
C10148,33,Female,Hyderabad,1634,Standard,iOS,Card
C10149,26,Male,Mumbai,1568,Standard,iOS,Card
C10150,48,Female,Lucknow,1912,Standard,Android,UPI
C10151,48,Female,Kanpur,1185,Basic,iOS,Card
C10152,49,Female,Delhi,2146,Premium,Android,Net Banking
C10153,23,Male,Chennai,954,Basic,Android,Card
C10154,36,Male,Mumbai,1738,Standard,Android,Card
C10155,39,Male,Kolkata,1728,Premium,Android,UPI
C10156,38,Male,Bengaluru,1209,Standard,iOS,Net Banking
C10157,28,Female,Kolkata,718,Premium,iOS,UPI
C10158,43,Female,Ahmedabad,374,Standard,Android,Net Banking
C10159,31,Female,Jaipur,215,Basic,Android,UPI
C10160,32,Female,Mumbai,1113,Standard,Android,UPI
C10161,18,Male,Noida,890,Standard,iOS,UPI
C10162,37,Female,Delhi,483,Basic,Web,Wallet
C10163,29,Male,Mumbai,1693,Basic,iOS,Card
C10164,35,Male,Pune,382,Basic,Android,UPI
C10165,33,Male,Bengaluru,1058,Basic,Android,Wallet
C10166,33,Female,Lucknow,960,Premium,Android,UPI
C10167,31,Male,Jaipur,2150,Premium,Android,Net Banking
C10168,38,Male,Bengaluru,256,Standard,Web,Net Banking
C10169,29,Male,Gurugram,1887,Basic,Android,Card
C10170,18,Male,Bengaluru,1515,Basic,Web,UPI
C10171,36,Female,Chennai,1746,Basic,Android,Wallet
C10172,24,Male,Delhi,1717,Basic,Android,Card
C10173,19,Male,Gurugram,1707,Standard,iOS,UPI
C10174,22,Male,Delhi,974,Standard,Android,Card
C10175,34,Male,Mumbai,1291,Standard,Android,UPI
C10176,30,Male,Hyderabad,821,Basic,Android,UPI
C10177,18,Female,Chandigarh,1985,Premium,Android,Card
C10178,28,Female,Kanpur,519,Basic,Android,Card
C10179,42,Male,Ahmedabad,1310,Basic,Web,UPI
C10180,27,Male,Kanpur,487,Basic,iOS,Card
C10181,30,Male,Kanpur,838,Basic,iOS,Wallet
C10182,40,Female,Chennai,2120,Standard,Android,UPI
C10183,38,Male,Bengaluru,455,Standard,Android,UPI
C10184,40,Male,Jaipur,1952,Standard,iOS,UPI
C10185,18,Male,Kolkata,1794,Basic,Android,Wallet
C10186,47,Female,Bengaluru,824,Premium,Android,UPI
C10187,37,Female,Mumbai,835,Standard,Android,UPI
C10188,53,Male,Ahmedabad,42,Premium,Android,Net Banking
C10189,24,Male,Bengaluru,1746,Basic,Android,Card
C10190,18,Female,Gurugram,1475,Premium,Android,UPI
C10191,31,Male,Delhi,2163,Standard,iOS,Wallet
C10192,29,Female,Mumbai,662,Standard,Android,UPI
C10193,37,Female,Lucknow,895,Basic,Android,UPI
C10194,41,Female,Delhi,1519,Basic,Android,UPI
C10195,30,Female,Delhi,769,Standard,iOS,Card
C10196,29,Male,Pune,721,Basic,Android,UPI
C10197,36,Female,Kanpur,399,Standard,Web,Net Banking
C10198,29,Male,Delhi,2174,Standard,Android,Card
C10199,28,Male,Bengaluru,1061,Standard,Android,UPI
C10200,40,Female,Jaipur,1699,Basic,iOS,Net Banking
C10201,42,Female,Indore,1449,Premium,Android,Card
C10202,41,Female,Chennai,1330,Basic,Android,UPI
C10203,29,Male,Delhi,708,Standard,Android,UPI
C10204,18,Male,Mumbai,714,Standard,Android,UPI
C10205,30,Male,Delhi,1083,Basic,Android,UPI
C10206,24,Male,Mumbai,323,Basic,Android,Net Banking
C10207,30,Male,Kolkata,1195,Standard,Android,UPI
C10208,25,Male,Mumbai,227,Standard,iOS,UPI
C10209,31,Male,Chennai,627,Basic,iOS,Card
C10210,22,Male,Kolkata,1403,Basic,Android,Wallet
C10211,19,Female,Pune,81,Standard,Web,UPI
C10212,42,Female,Delhi,127,Basic,Android,UPI
C10213,22,Male,Jaipur,497,Basic,Web,Net Banking
C10214,31,Male,Ahmedabad,1670,Standard,Web,Wallet
C10215,40,Female,Ahmedabad,1772,Basic,iOS,Card
C10216,39,Male,Mumbai,32,Basic,Android,Card
C10217,38,Female,Mumbai,633,Standard,Web,UPI
C10218,34,Male,Noida,153,Standard,Android,Wallet
C10219,38,Male,Hyderabad,59,Standard,Android,Card
C10220,43,Female,Bengaluru,2074,Basic,Web,Card
C10221,35,Male,Chennai,952,Standard,Android,Net Banking
C10222,18,Male,Kolkata,1755,Basic,Android,Net Banking
C10223,26,Male,Indore,1510,Standard,iOS,UPI
C10224,37,Male,Bengaluru,1005,Basic,Web,UPI
C10225,25,Male,Noida,1662,Basic,Android,UPI
C10226,46,Male,Mumbai,569,Standard,Web,Net Banking
C10227,30,Male,Pune,928,Basic,Android,UPI
C10228,32,Female,Kolkata,851,Premium,iOS,Card
C10229,41,Female,Mumbai,1270,Premium,Android,UPI
C10230,29,Female,Delhi,486,Basic,Android,UPI
C10231,33,Female,Hyderabad,1647,Standard,Android,UPI
C10232,39,Male,Indore,1857,Standard,Android,Wallet
C10233,18,Male,Pune,1959,Basic,Android,UPI
C10234,28,Male,Gurugram,1970,Basic,iOS,Net Banking
C10235,38,Female,Jaipur,1418,Premium,Android,UPI
C10236,32,Male,Hyderabad,1761,Basic,iOS,UPI
C10237,44,Male,Jaipur,1529,Standard,Web,UPI
C10238,18,Female,Mumbai,2098,Standard,iOS,UPI
C10239,18,Male,Mumbai,244,Basic,iOS,Card
C10240,38,Female,Lucknow,460,Standard,iOS,UPI
C10241,39,Male,Jaipur,942,Premium,Web,UPI
C10242,29,Female,Delhi,1377,Basic,iOS,UPI
C10243,35,Male,Chennai,1959,Basic,Android,Wallet
C10244,38,Male,Pune,235,Basic,iOS,UPI
C10245,24,Male,Kanpur,378,Standard,iOS,Card
C10246,25,Female,Pune,1897,Standard,iOS,Net Banking
C10247,33,Female,Hyderabad,702,Standard,Android,Wallet
C10248,39,Male,Bengaluru,66,Standard,Android,Card
C10249,21,Female,Hyderabad,1501,Premium,Web,Card
C10250,29,Female,Kolkata,1934,Basic,Web,Card
C10251,29,Male,Kanpur,1987,Standard,Android,Card
C10252,35,Male,Hyderabad,1883,Basic,Android,Net Banking
C10253,31,Male,Delhi,158,Basic,Android,UPI
C10254,26,Female,Delhi,322,Basic,iOS,Card
C10255,42,Male,Ahmedabad,1918,Basic,Android,Wallet
C10256,26,Male,Lucknow,1533,Premium,Web,UPI
C10257,28,Female,Mumbai,508,Standard,Android,Card
C10258,18,Female,Mumbai,871,Standard,Android,UPI
C10259,25,Female,Pune,1898,Basic,Android,UPI
C10260,36,Male,Delhi,2045,Basic,iOS,Card
C10261,34,Female,Lucknow,1959,Premium,iOS,UPI
C10262,36,Male,Bengaluru,1029,Standard,iOS,UPI
C10263,36,Female,Delhi,1712,Standard,Android,Net Banking
C10264,50,Female,Noida,127,Basic,Android,UPI
C10265,24,Male,Delhi,2034,Basic,Android,UPI
C10266,18,Male,Bengaluru,511,Premium,Android,UPI
C10267,22,Male,Delhi,2115,Basic,Android,Wallet
C10268,25,Male,Mumbai,65,Basic,Android,UPI
C10269,22,Female,Mumbai,2037,Standard,iOS,Net Banking
C10270,32,Male,Mumbai,1173,Premium,Android,UPI
C10271,42,Female,Delhi,1143,Basic,iOS,UPI
C10272,45,Male,Mumbai,1498,Standard,Android,UPI
C10273,36,Male,Pune,1036,Basic,Android,UPI
C10274,50,Male,Kolkata,2093,Standard,Android,Net Banking
C10275,28,Female,Hyderabad,258,Basic,Android,Card
C10276,18,Female,Bengaluru,1453,Premium,Android,UPI
C10277,40,Other,Chennai,498,Standard,Web,UPI
C10278,18,Male,Kanpur,110,Premium,Android,UPI
C10279,24,Female,Lucknow,1445,Standard,Android,Card
C10280,36,Female,Mumbai,1500,Premium,Web,Card
C10281,30,Female,Delhi,306,Standard,Android,Card
C10282,29,Female,Delhi,1607,Standard,iOS,Net Banking
C10283,20,Female,Delhi,2074,Basic,iOS,Card
C10284,31,Male,Pune,1539,Standard,Android,UPI
C10285,40,Male,Hyderabad,522,Basic,Android,UPI
C10286,31,Male,Mumbai,213,Standard,iOS,Net Banking
C10287,24,Female,Bengaluru,220,Standard,Android,UPI
C10288,20,Female,Chennai,1372,Standard,Android,UPI
C10289,24,Female,Mumbai,540,Standard,Android,Card
C10290,35,Male,Lucknow,835,Standard,Android,UPI
C10291,34,Male,Mumbai,136,Standard,Web,UPI
C10292,24,Female,Noida,986,Standard,Web,Net Banking
C10293,18,Male,Mumbai,390,Standard,Web,UPI
C10294,35,Male,Lucknow,958,Standard,Android,Card
C10295,23,Male,Noida,1305,Standard,Web,UPI
C10296,37,Male,Indore,2115,Standard,iOS,Card
C10297,24,Other,Jaipur,657,Basic,iOS,Card
C10298,22,Female,Jaipur,726,Basic,iOS,UPI
C10299,32,Male,Kolkata,1768,Standard,iOS,Net Banking
C10300,52,Male,Jaipur,2097,Premium,Android,Card
C10301,38,Male,Mumbai,908,Basic,iOS,Net Banking
C10302,32,Female,Chennai,780,Premium,iOS,UPI
C10303,34,Male,Chennai,1579,Basic,Android,Card
C10304,18,Female,Lucknow,1661,Premium,Android,Wallet
C10305,21,Male,Hyderabad,1566,Premium,Android,Card
C10306,18,Male,Hyderabad,1418,Standard,Android,Net Banking
C10307,47,Female,Kolkata,324,Premium,iOS,UPI
C10308,45,Other,Bengaluru,599,Standard,iOS,Card
C10309,35,Male,Delhi,152,Basic,iOS,Card
C10310,32,Male,Chennai,875,Standard,Android,UPI
C10311,18,Other,Hyderabad,1857,Basic,iOS,Card
C10312,29,Male,Delhi,515,Basic,Android,UPI
C10313,47,Female,Bengaluru,1550,Basic,iOS,Wallet
C10314,32,Male,Bengaluru,943,Standard,Android,Card
C10315,26,Male,Bengaluru,409,Standard,Web,Net Banking
C10316,18,Male,Hyderabad,514,Standard,Android,Card
C10317,43,Male,Kolkata,1505,Premium,iOS,Net Banking
C10318,30,Male,Bengaluru,1746,Premium,Android,UPI
C10319,18,Female,Gurugram,744,Standard,Android,Card
C10320,23,Male,Noida,2021,Premium,Android,UPI
C10321,20,Male,Chennai,153,Basic,Android,Card
C10322,30,Female,Bengaluru,1277,Standard,Android,UPI
C10323,33,Female,Chennai,526,Basic,Android,Card
C10324,26,Female,Lucknow,1965,Basic,Android,UPI
C10325,38,Male,Kolkata,1670,Basic,Android,Wallet
C10326,32,Female,Jaipur,157,Basic,Android,Net Banking
C10327,41,Female,Chennai,877,Premium,Android,Card
C10328,28,Female,Pune,1648,Standard,Android,UPI
C10329,58,Male,Bengaluru,1212,Premium,Android,Card
C10330,26,Female,Ahmedabad,1092,Standard,iOS,Card
C10331,23,Female,Delhi,326,Standard,Android,UPI
C10332,22,Male,Kolkata,1268,Basic,Android,Card
C10333,29,Female,Lucknow,231,Premium,iOS,Net Banking
C10334,18,Female,Mumbai,721,Basic,Android,UPI
C10335,34,Male,Pune,549,Standard,Android,UPI
C10336,18,Female,Mumbai,1455,Premium,iOS,Net Banking
C10337,32,Female,Ahmedabad,1055,Standard,iOS,UPI
C10338,19,Female,Mumbai,952,Standard,Android,Net Banking
C10339,28,Female,Gurugram,1867,Basic,Android,Card
C10340,36,Male,Mumbai,875,Standard,Android,UPI
C10341,52,Other,Indore,1686,Basic,Android,Wallet
C10342,21,Female,Jaipur,1957,Basic,iOS,UPI
C10343,30,Male,Pune,377,Basic,iOS,UPI
C10344,24,Male,Jaipur,1645,Standard,Android,UPI
C10345,23,Male,Jaipur,185,Premium,iOS,Wallet
C10346,25,Male,Gurugram,1421,Standard,Web,UPI
C10347,38,Male,Delhi,519,Standard,Web,UPI
C10348,27,Male,Pune,585,Standard,Android,UPI
C10349,51,Male,Mumbai,1879,Basic,Web,Card
C10350,35,Female,Pune,434,Standard,Android,UPI
C10351,22,Male,Delhi,1149,Basic,Android,UPI
C10352,28,Male,Pune,1724,Standard,Android,UPI
C10353,24,Male,Pune,1780,Premium,Android,Card
C10354,38,Female,Hyderabad,474,Basic,Android,Card
C10355,18,Female,Chennai,831,Basic,Android,Card
C10356,19,Female,Jaipur,1249,Basic,iOS,Card
C10357,26,Male,Jaipur,1311,Standard,iOS,Net Banking
C10358,37,Male,Chennai,384,Basic,iOS,Card
C10359,42,Male,Pune,1320,Standard,Android,Card
C10360,43,Female,Gurugram,33,Basic,Android,UPI
C10361,36,Female,Mumbai,1389,Standard,iOS,Wallet
C10362,30,Female,Mumbai,1626,Premium,iOS,Net Banking
C10363,38,Female,Mumbai,1050,Basic,Android,Card
C10364,21,Male,Kolkata,562,Standard,Web,UPI
C10365,18,Male,Hyderabad,549,Basic,iOS,UPI
C10366,35,Male,Jaipur,1527,Basic,iOS,Wallet
C10367,22,Male,Kolkata,959,Standard,iOS,UPI
C10368,30,Female,Bengaluru,2045,Basic,iOS,UPI
C10369,32,Male,Kanpur,2145,Premium,iOS,UPI
C10370,33,Male,Jaipur,972,Standard,iOS,UPI
C10371,39,Male,Bengaluru,620,Premium,Android,UPI
C10372,38,Male,Bengaluru,1792,Basic,Android,Card
C10373,33,Female,Bengaluru,1602,Standard,Android,UPI
C10374,27,Female,Delhi,386,Standard,Web,UPI
C10375,32,Male,Delhi,2080,Basic,Android,Card
C10376,26,Male,Gurugram,464,Standard,Android,Card
C10377,29,Male,Hyderabad,1258,Premium,Android,Card
C10378,55,Female,Hyderabad,435,Premium,Android,Wallet
C10379,33,Male,Ahmedabad,1091,Premium,Web,UPI
C10380,35,Female,Chennai,1385,Basic,iOS,UPI
C10381,25,Male,Gurugram,292,Premium,Android,UPI
C10382,40,Female,Jaipur,592,Premium,iOS,UPI
C10383,38,Male,Chennai,1664,Standard,Web,Net Banking
C10384,38,Female,Hyderabad,2104,Basic,iOS,UPI
C10385,33,Female,Chandigarh,2007,Basic,iOS,UPI
C10386,40,Female,Ahmedabad,1661,Basic,iOS,UPI
C10387,42,Male,Gurugram,2158,Basic,iOS,UPI
C10388,34,Male,Mumbai,388,Premium,Web,Card
C10389,30,Other,Lucknow,467,Premium,iOS,Card
C10390,39,Male,Kolkata,910,Premium,Android,Card
C10391,23,Male,Mumbai,2026,Basic,Android,UPI
C10392,25,Male,Pune,1763,Standard,Android,UPI
C10393,31,Female,Kolkata,833,Standard,Android,Card
C10394,18,Male,Mumbai,65,Standard,iOS,UPI
C10395,38,Male,Hyderabad,1373,Standard,Web,UPI
C10396,22,Male,Lucknow,700,Premium,Android,Net Banking
C10397,27,Female,Bengaluru,515,Standard,Android,UPI
C10398,29,Female,Hyderabad,494,Standard,iOS,UPI
C10399,31,Female,Hyderabad,569,Basic,Android,Wallet
C10400,28,Male,Bengaluru,722,Basic,Android,Net Banking
C10401,30,Male,Noida,1373,Standard,iOS,UPI
C10402,30,Male,Jaipur,385,Standard,Android,Net Banking
C10403,27,Male,Mumbai,1082,Premium,iOS,UPI
C10404,24,Male,Chandigarh,2028,Basic,iOS,Card
C10405,41,Female,Kanpur,2122,Basic,iOS,UPI
C10406,18,Female,Bengaluru,1830,Premium,Android,Wallet
C10407,29,Male,Lucknow,603,Standard,Android,Card
C10408,27,Female,Mumbai,347,Standard,Android,UPI
C10409,35,Female,Chandigarh,1935,Premium,Android,UPI
C10410,18,Female,Kolkata,906,Standard,Android,UPI
C10411,27,Female,Kolkata,1029,Standard,iOS,UPI
C10412,30,Male,Mumbai,955,Basic,Android,UPI
C10413,41,Male,Kanpur,321,Standard,iOS,UPI
C10414,34,Other,Mumbai,1595,Standard,iOS,Card
C10415,20,Male,Delhi,548,Standard,Android,Card
C10416,27,Female,Delhi,535,Standard,Android,UPI
C10417,39,Female,Jaipur,1669,Basic,Android,UPI
C10418,20,Male,Delhi,1576,Basic,iOS,UPI
C10419,30,Female,Noida,1823,Standard,Android,UPI
C10420,31,Other,Kolkata,1562,Standard,Android,UPI
C10421,28,Female,Mumbai,115,Basic,iOS,UPI
C10422,55,Male,Mumbai,935,Premium,Android,UPI
C10423,27,Male,Mumbai,919,Basic,Android,UPI
C10424,35,Male,Pune,727,Standard,Android,UPI
C10425,24,Male,Jaipur,1102,Standard,Android,Wallet
C10426,36,Male,Delhi,1108,Standard,iOS,Net Banking
C10427,39,Female,Lucknow,1364,Basic,iOS,UPI
C10428,26,Male,Mumbai,2113,Basic,Android,Card
C10429,31,Male,Jaipur,1441,Basic,iOS,Card
C10430,23,Male,Noida,2053,Basic,Android,UPI
C10431,21,Male,Jaipur,1832,Basic,Android,Net Banking
C10432,40,Female,Kolkata,1623,Standard,iOS,UPI
C10433,26,Female,Lucknow,623,Standard,Android,UPI
C10434,18,Male,Mumbai,1284,Basic,iOS,Net Banking
C10435,47,Female,Delhi,272,Standard,Android,UPI
C10436,24,Male,Mumbai,2034,Basic,Android,UPI
C10437,29,Male,Chennai,434,Premium,Android,Net Banking
C10438,46,Male,Ahmedabad,547,Standard,iOS,UPI
C10439,30,Female,Pune,2062,Standard,Android,Wallet
C10440,30,Female,Lucknow,294,Basic,iOS,UPI
C10441,20,Male,Delhi,1216,Standard,Android,Card
C10442,18,Male,Ahmedabad,1276,Standard,Android,UPI
C10443,30,Male,Delhi,505,Premium,iOS,UPI
C10444,34,Female,Bengaluru,875,Basic,Android,UPI
C10445,34,Female,Ahmedabad,1735,Standard,Android,Card
C10446,27,Male,Chandigarh,1573,Standard,Android,Card
C10447,31,Male,Pune,1303,Standard,Android,UPI
C10448,18,Male,Mumbai,1210,Standard,iOS,Wallet
C10449,35,Male,Pune,827,Premium,iOS,Net Banking
C10450,32,Male,Mumbai,1383,Basic,Android,Card
C10451,49,Male,Kanpur,69,Basic,iOS,Card
C10452,31,Male,Ahmedabad,182,Premium,Android,UPI
C10453,23,Male,Delhi,1728,Basic,iOS,UPI
C10454,31,Male,Mumbai,408,Standard,iOS,UPI
C10455,28,Female,Delhi,1586,Basic,Web,UPI
C10456,35,Male,Indore,65,Basic,iOS,UPI
C10457,31,Male,Hyderabad,598,Basic,Web,UPI
C10458,20,Male,Jaipur,2065,Premium,Web,Card
C10459,18,Female,Kolkata,606,Basic,Web,UPI
C10460,33,Male,Pune,2162,Basic,iOS,UPI
C10461,43,Male,Delhi,619,Basic,Android,Card
C10462,32,Male,Gurugram,1410,Basic,iOS,UPI
C10463,38,Female,Bengaluru,1484,Basic,iOS,UPI
C10464,40,Female,Pune,1405,Premium,Web,Net Banking
C10465,33,Male,Kolkata,668,Standard,iOS,UPI
C10466,24,Other,Kolkata,1676,Basic,Android,UPI
C10467,33,Female,Gurugram,703,Basic,Android,Card
C10468,42,Female,Delhi,1796,Basic,Android,Card
C10469,36,Male,Chennai,847,Basic,Android,Card
C10470,38,Female,Hyderabad,1846,Basic,iOS,UPI
C10471,27,Female,Hyderabad,2157,Premium,Android,Card
C10472,29,Male,Mumbai,1668,Basic,Android,UPI
C10473,30,Male,Mumbai,1028,Basic,Android,UPI
C10474,31,Female,Bengaluru,947,Standard,iOS,Card
C10475,42,Female,Bengaluru,848,Basic,Android,UPI
C10476,18,Other,Hyderabad,792,Standard,Android,Card
C10477,31,Male,Pune,1049,Standard,Android,Net Banking
C10478,30,Male,Kolkata,1084,Basic,Android,UPI
C10479,19,Female,Hyderabad,1590,Premium,iOS,UPI
C10480,37,Male,Hyderabad,1960,Basic,Web,Card
C10481,24,Male,Delhi,1947,Basic,Android,Net Banking
C10482,28,Female,Pune,1341,Standard,Web,UPI
C10483,48,Male,Bengaluru,2180,Standard,iOS,Card
C10484,40,Male,Mumbai,1969,Basic,Android,UPI
C10485,36,Female,Hyderabad,1084,Basic,Android,Net Banking
C10486,34,Male,Hyderabad,924,Premium,Android,UPI
C10487,30,Female,Delhi,1028,Standard,Android,Card
C10488,49,Male,Pune,80,Standard,Android,Card
C10489,38,Other,Pune,746,Standard,Web,UPI
C10490,24,Female,Kolkata,860,Standard,Android,Net Banking
C10491,18,Female,Kolkata,1720,Standard,Web,Net Banking
C10492,36,Female,Kolkata,599,Basic,Android,UPI
C10493,30,Other,Bengaluru,1452,Basic,Android,UPI
C10494,18,Female,Jaipur,728,Standard,iOS,Card
C10495,35,Female,Chennai,818,Standard,iOS,UPI
C10496,29,Male,Hyderabad,179,Standard,Web,UPI
C10497,36,Male,Pune,1155,Standard,Android,UPI
C10498,35,Male,Bengaluru,240,Standard,Android,UPI
C10499,26,Other,Chennai,476,Basic,Android,Card
C10500,37,Female,Ahmedabad,1118,Standard,Android,UPI
C10501,27,Male,Kanpur,1535,Premium,Android,UPI
C10502,27,Male,Noida,906,Standard,iOS,Wallet
C10503,26,Female,Chennai,577,Premium,Android,UPI
C10504,41,Male,Chennai,1977,Premium,iOS,UPI
C10505,28,Male,Jaipur,788,Basic,iOS,UPI
C10506,43,Female,Bengaluru,726,Standard,Android,Net Banking
C10507,47,Female,Lucknow,177,Standard,Android,Net Banking
C10508,24,Female,Chennai,793,Standard,iOS,UPI
C10509,18,Male,Mumbai,507,Standard,Android,Card
C10510,40,Female,Mumbai,798,Basic,Android,UPI
C10511,28,Male,Lucknow,452,Basic,Android,Card
C10512,23,Female,Mumbai,456,Basic,Android,UPI
C10513,26,Other,Bengaluru,1625,Basic,Android,UPI
C10514,27,Male,Bengaluru,1059,Basic,Android,Net Banking
C10515,43,Female,Delhi,1536,Basic,Android,UPI
C10516,32,Female,Bengaluru,1281,Basic,iOS,UPI
C10517,43,Male,Ahmedabad,1197,Standard,iOS,Card
C10518,35,Female,Mumbai,1042,Standard,Android,UPI
C10519,28,Female,Lucknow,869,Standard,Android,Net Banking
C10520,27,Male,Lucknow,598,Basic,Android,UPI
C10521,36,Male,Bengaluru,1960,Premium,Android,UPI
C10522,38,Male,Delhi,917,Basic,Android,Card
C10523,40,Male,Pune,1948,Standard,iOS,UPI
C10524,29,Male,Mumbai,1696,Premium,Android,UPI
C10525,33,Male,Bengaluru,1338,Premium,Web,UPI
C10526,36,Female,Indore,1858,Standard,Android,Card
C10527,28,Male,Chandigarh,1457,Basic,Android,Wallet
C10528,21,Male,Jaipur,1800,Standard,Web,Card
C10529,24,Male,Bengaluru,1758,Standard,iOS,Card
C10530,29,Other,Kolkata,1431,Standard,Android,Net Banking
C10531,37,Male,Ahmedabad,1598,Basic,Android,Net Banking
C10532,42,Male,Hyderabad,1804,Premium,iOS,UPI
C10533,19,Male,Kolkata,518,Premium,iOS,UPI
C10534,26,Female,Mumbai,1932,Standard,Android,Card
C10535,28,Female,Delhi,1122,Premium,Android,Wallet
C10536,38,Male,Chennai,295,Standard,Android,Net Banking
C10537,26,Female,Delhi,359,Basic,iOS,UPI
C10538,27,Male,Delhi,1658,Standard,Android,Net Banking
C10539,18,Male,Lucknow,1786,Standard,Android,UPI
C10540,35,Male,Chandigarh,1449,Standard,Web,UPI
C10541,30,Male,Pune,1448,Basic,Web,Net Banking
C10542,25,Female,Lucknow,1908,Standard,iOS,UPI
C10543,29,Female,Chandigarh,2154,Basic,Android,Card
C10544,41,Male,Delhi,1835,Standard,Android,UPI
C10545,22,Female,Hyderabad,326,Premium,iOS,Wallet
C10546,23,Male,Hyderabad,1771,Basic,iOS,UPI
C10547,42,Female,Mumbai,1137,Standard,Android,Card
C10548,32,Female,Ahmedabad,1762,Basic,Android,UPI
C10549,37,Other,Hyderabad,1601,Standard,Web,UPI
C10550,35,Male,Hyderabad,1500,Premium,Android,UPI
C10551,31,Male,Delhi,1912,Basic,Web,UPI
C10552,28,Female,Delhi,358,Basic,Android,UPI
C10553,38,Other,Noida,1881,Premium,iOS,UPI
C10554,41,Male,Mumbai,783,Basic,Android,Net Banking
C10555,41,Male,Delhi,468,Basic,Android,UPI
C10556,20,Female,Bengaluru,1592,Standard,Web,Card
C10557,43,Female,Chennai,2161,Basic,iOS,Card
C10558,28,Male,Pune,220,Basic,Android,Net Banking
C10559,24,Male,Chennai,2159,Standard,Android,UPI
C10560,29,Female,Mumbai,773,Standard,Android,UPI
C10561,38,Female,Delhi,2132,Basic,iOS,UPI
C10562,36,Male,Lucknow,136,Standard,Android,UPI
C10563,29,Other,Kolkata,1361,Basic,Android,UPI
C10564,39,Male,Kolkata,1189,Standard,Android,Card
C10565,32,Male,Kolkata,1835,Premium,iOS,Card
C10566,26,Male,Jaipur,1053,Standard,Android,Net Banking
C10567,25,Male,Mumbai,194,Standard,Web,Net Banking
C10568,35,Male,Bengaluru,429,Standard,iOS,UPI
C10569,30,Female,Chennai,584,Standard,Web,Card
C10570,19,Male,Bengaluru,1920,Standard,Android,UPI
C10571,39,Male,Lucknow,229,Basic,Android,Net Banking
C10572,27,Male,Chennai,1850,Basic,Web,UPI
C10573,45,Female,Jaipur,1127,Basic,Android,Card
C10574,18,Male,Lucknow,1256,Premium,Web,Card
C10575,29,Male,Chennai,2123,Standard,Android,Card
C10576,25,Female,Noida,1694,Basic,iOS,UPI
C10577,22,Male,Pune,1438,Basic,iOS,Wallet
C10578,27,Female,Lucknow,1818,Premium,iOS,UPI
C10579,47,Female,Bengaluru,1030,Basic,iOS,Card
C10580,32,Female,Chennai,2050,Standard,Android,UPI
C10581,24,Male,Chennai,1750,Standard,Android,UPI
C10582,18,Female,Mumbai,2150,Premium,Android,UPI
C10583,18,Male,Hyderabad,1224,Basic,Web,UPI
C10584,26,Male,Noida,1424,Standard,Android,UPI
C10585,25,Male,Pune,1023,Basic,Android,UPI
C10586,29,Male,Delhi,2037,Premium,Android,Card
C10587,18,Male,Bengaluru,1395,Basic,Web,Card
C10588,30,Female,Delhi,373,Standard,Web,UPI
C10589,40,Female,Mumbai,1140,Standard,Web,Card
C10590,46,Female,Noida,318,Premium,Android,Wallet
C10591,18,Male,Hyderabad,1422,Basic,iOS,UPI
C10592,24,Female,Bengaluru,1547,Basic,Android,UPI
C10593,23,Male,Pune,1771,Standard,iOS,Net Banking
C10594,32,Male,Mumbai,362,Basic,iOS,UPI
C10595,20,Male,Bengaluru,1033,Basic,Android,Net Banking
C10596,46,Female,Ahmedabad,799,Basic,Android,Wallet
C10597,31,Female,Kolkata,930,Premium,Android,UPI
C10598,30,Female,Chandigarh,2069,Standard,Android,UPI
C10599,45,Male,Pune,1242,Standard,Android,Wallet
C10600,31,Male,Chennai,991,Premium,Android,UPI
C10601,35,Male,Ahmedabad,1993,Standard,Android,UPI
C10602,24,Male,Noida,1184,Standard,Android,UPI
C10603,19,Male,Ahmedabad,947,Basic,iOS,Card
C10604,26,Female,Indore,1202,Standard,iOS,Card
C10605,51,Female,Jaipur,1869,Standard,Web,Net Banking
C10606,37,Female,Kanpur,1012,Basic,Android,UPI
C10607,33,Female,Mumbai,1369,Premium,iOS,UPI
C10608,22,Female,Ahmedabad,417,Basic,Web,Card
C10609,39,Male,Hyderabad,56,Standard,Android,UPI
C10610,19,Female,Chennai,176,Standard,iOS,Net Banking
C10611,18,Female,Kolkata,1063,Premium,Web,UPI
C10612,26,Female,Indore,1589,Basic,iOS,UPI
C10613,49,Female,Chandigarh,486,Basic,Android,UPI
C10614,48,Female,Bengaluru,2076,Standard,Android,Card
C10615,27,Female,Ahmedabad,356,Premium,Android,Card
C10616,25,Female,Ahmedabad,1540,Standard,iOS,Net Banking
C10617,18,Other,Bengaluru,538,Basic,iOS,Card
C10618,32,Female,Mumbai,158,Premium,Android,Net Banking
C10619,32,Female,Mumbai,1575,Standard,Android,UPI
C10620,38,Male,Jaipur,1154,Basic,Android,Net Banking
C10621,39,Female,Chennai,1391,Basic,iOS,Net Banking
C10622,29,Male,Chandigarh,2072,Standard,Android,UPI
C10623,36,Female,Hyderabad,1194,Standard,Android,UPI
C10624,25,Male,Indore,1855,Basic,iOS,Wallet
C10625,36,Male,Hyderabad,1104,Standard,Android,UPI
C10626,26,Male,Jaipur,787,Premium,iOS,Card
C10627,35,Female,Mumbai,874,Standard,Android,UPI
C10628,34,Male,Pune,778,Standard,Android,UPI
C10629,32,Female,Jaipur,1953,Basic,iOS,UPI
C10630,38,Male,Noida,1139,Basic,Android,UPI
C10631,18,Female,Lucknow,2053,Premium,Android,Card
C10632,21,Male,Mumbai,575,Standard,Web,Net Banking
C10633,29,Female,Bengaluru,1688,Basic,iOS,Card
C10634,18,Male,Mumbai,280,Standard,Android,UPI
C10635,27,Female,Mumbai,655,Basic,iOS,UPI
C10636,28,Female,Kolkata,102,Basic,Android,UPI
C10637,43,Male,Ahmedabad,2013,Basic,iOS,UPI
C10638,32,Male,Jaipur,677,Premium,iOS,Card
C10639,40,Female,Kanpur,1807,Standard,Android,Card
C10640,34,Female,Ahmedabad,953,Standard,iOS,UPI
C10641,26,Male,Jaipur,299,Basic,Android,Card
C10642,32,Male,Mumbai,775,Premium,Android,UPI
C10643,38,Male,Delhi,771,Basic,Android,Wallet
C10644,42,Male,Pune,1134,Basic,Web,UPI
C10645,30,Male,Lucknow,740,Premium,iOS,Net Banking
C10646,18,Male,Mumbai,1497,Premium,Web,Card
C10647,18,Female,Chennai,1614,Basic,Android,Wallet
C10648,28,Male,Kolkata,367,Basic,Android,Card
C10649,18,Male,Mumbai,1166,Standard,iOS,Card
C10650,47,Female,Hyderabad,1285,Basic,Android,UPI
C10651,36,Male,Kanpur,609,Standard,Web,UPI
C10652,25,Female,Kolkata,1704,Standard,iOS,UPI
C10653,21,Female,Delhi,530,Standard,Web,Wallet
C10654,40,Male,Lucknow,1921,Standard,Android,Card
C10655,21,Male,Bengaluru,1022,Standard,Android,Card
C10656,22,Female,Lucknow,824,Premium,Android,UPI
C10657,24,Male,Bengaluru,1475,Standard,Web,UPI
C10658,32,Female,Pune,1374,Basic,Android,UPI
C10659,37,Male,Hyderabad,1133,Premium,iOS,UPI
C10660,42,Male,Bengaluru,1520,Standard,iOS,UPI
C10661,40,Male,Kanpur,596,Basic,Web,UPI
C10662,31,Female,Delhi,1785,Basic,Web,Card
C10663,40,Female,Mumbai,1375,Basic,iOS,UPI
C10664,25,Male,Bengaluru,492,Basic,Android,UPI
C10665,18,Female,Ahmedabad,2197,Standard,iOS,Card
C10666,25,Female,Jaipur,1907,Basic,Android,Card
C10667,24,Female,Chandigarh,413,Basic,iOS,UPI
C10668,25,Male,Bengaluru,1732,Premium,Android,Wallet
C10669,22,Female,Hyderabad,1176,Basic,iOS,UPI
C10670,27,Male,Mumbai,1699,Standard,Android,Card
C10671,37,Female,Pune,845,Premium,iOS,Card
C10672,46,Male,Chandigarh,560,Basic,Android,UPI
C10673,18,Male,Kolkata,503,Basic,iOS,UPI
C10674,19,Female,Pune,173,Basic,Android,UPI
C10675,24,Male,Hyderabad,1929,Standard,Android,UPI
C10676,38,Male,Noida,708,Basic,Web,UPI
C10677,29,Female,Chennai,2108,Premium,iOS,Card
C10678,24,Male,Mumbai,520,Standard,Android,UPI
C10679,37,Male,Bengaluru,789,Standard,iOS,UPI
C10680,40,Male,Mumbai,1937,Premium,iOS,UPI
C10681,31,Male,Delhi,783,Basic,iOS,Card
C10682,24,Male,Mumbai,1675,Standard,Android,UPI
C10683,33,Male,Hyderabad,229,Standard,iOS,Card
C10684,29,Female,Kolkata,2100,Standard,Android,UPI
C10685,29,Male,Bengaluru,1370,Standard,iOS,UPI
C10686,26,Male,Hyderabad,1658,Basic,Android,Net Banking
C10687,39,Female,Indore,87,Standard,iOS,Card
C10688,33,Male,Ahmedabad,2123,Standard,Android,Card
C10689,40,Male,Chennai,1106,Standard,Android,Wallet
C10690,43,Male,Bengaluru,489,Premium,Web,Net Banking
C10691,35,Male,Kanpur,361,Standard,Web,Net Banking
C10692,26,Male,Delhi,219,Premium,Web,UPI
C10693,40,Male,Bengaluru,1488,Basic,iOS,UPI
C10694,35,Male,Noida,491,Basic,Android,Wallet
C10695,54,Male,Chennai,2045,Basic,iOS,Card
C10696,34,Female,Ahmedabad,524,Basic,Android,UPI
C10697,37,Female,Pune,222,Standard,Android,UPI
C10698,34,Other,Kolkata,1880,Basic,Android,Card
C10699,30,Male,Bengaluru,1717,Standard,Android,Card
C10700,29,Male,Delhi,1155,Premium,Android,UPI
C10701,34,Female,Bengaluru,1832,Standard,Android,UPI
C10702,36,Female,Delhi,1605,Standard,iOS,UPI
C10703,41,Male,Kanpur,412,Premium,Web,Net Banking
C10704,34,Female,Bengaluru,932,Standard,Android,UPI
C10705,27,Female,Pune,2032,Standard,Android,Net Banking
C10706,28,Female,Jaipur,1501,Basic,Android,Card
C10707,19,Male,Jaipur,1377,Standard,iOS,Wallet
C10708,46,Male,Hyderabad,414,Basic,Android,Net Banking
C10709,26,Female,Chennai,1190,Basic,iOS,UPI
C10710,40,Male,Chandigarh,389,Basic,Android,Card
C10711,33,Female,Kolkata,1486,Standard,iOS,Card
C10712,34,Male,Lucknow,512,Basic,iOS,UPI
C10713,30,Male,Noida,655,Standard,Android,UPI
C10714,24,Male,Jaipur,1274,Standard,Web,Card
C10715,22,Female,Delhi,85,Basic,Android,Net Banking
C10716,47,Female,Pune,1548,Basic,Android,UPI
C10717,32,Female,Mumbai,989,Premium,iOS,UPI
C10718,41,Male,Kolkata,1141,Premium,Android,Net Banking
C10719,43,Female,Gurugram,1643,Premium,Web,UPI
C10720,27,Male,Chennai,1701,Standard,Android,Wallet
C10721,35,Female,Hyderabad,2023,Basic,Web,UPI
C10722,31,Other,Mumbai,420,Basic,iOS,UPI
C10723,21,Male,Indore,963,Standard,iOS,UPI
C10724,29,Female,Mumbai,236,Premium,Android,UPI
C10725,36,Male,Mumbai,602,Basic,Android,UPI
C10726,27,Male,Delhi,1227,Basic,Web,Card
C10727,28,Male,Mumbai,314,Standard,iOS,UPI
C10728,29,Other,Hyderabad,997,Standard,Web,Wallet
C10729,50,Male,Chennai,2060,Basic,Android,UPI
C10730,18,Male,Bengaluru,183,Premium,iOS,UPI
C10731,36,Male,Mumbai,531,Standard,Web,Card
C10732,29,Female,Mumbai,643,Premium,iOS,UPI
C10733,25,Male,Hyderabad,2007,Basic,Android,Card
C10734,28,Male,Mumbai,1623,Standard,iOS,UPI
C10735,37,Female,Kolkata,428,Basic,Android,Net Banking
C10736,38,Male,Delhi,1550,Basic,Android,UPI
C10737,33,Female,Bengaluru,69,Basic,Android,UPI
C10738,41,Female,Hyderabad,1761,Basic,Web,Card
C10739,42,Male,Hyderabad,516,Basic,Web,UPI
C10740,38,Female,Mumbai,1574,Standard,Web,Wallet
C10741,26,Male,Mumbai,1099,Basic,Android,UPI
C10742,35,Female,Kanpur,1621,Basic,iOS,UPI
C10743,35,Male,Mumbai,786,Standard,Android,UPI
C10744,24,Male,Chennai,1182,Basic,Android,UPI
C10745,18,Male,Chennai,1999,Basic,iOS,Card
C10746,18,Male,Bengaluru,1771,Premium,Android,UPI
C10747,32,Female,Hyderabad,1212,Standard,Android,Card
C10748,34,Female,Jaipur,2032,Standard,iOS,UPI
C10749,20,Male,Lucknow,285,Basic,iOS,Net Banking
C10750,40,Male,Bengaluru,1549,Standard,Android,UPI
C10751,32,Male,Bengaluru,1386,Basic,iOS,UPI
C10752,43,Male,Delhi,586,Basic,Web,UPI
C10753,34,Female,Chennai,874,Standard,Android,UPI
C10754,21,Female,Kolkata,910,Premium,iOS,UPI
C10755,35,Male,Delhi,1503,Standard,iOS,Net Banking
C10756,37,Male,Bengaluru,1385,Basic,Android,UPI
C10757,26,Male,Noida,1736,Standard,Android,UPI
C10758,18,Male,Mumbai,1456,Standard,Android,Card
C10759,32,Male,Hyderabad,2168,Standard,iOS,UPI
C10760,22,Male,Ahmedabad,1830,Standard,Android,UPI
C10761,41,Female,Delhi,1281,Standard,Android,Card
C10762,27,Male,Mumbai,70,Basic,Android,UPI
C10763,47,Female,Mumbai,825,Standard,Web,Card
C10764,18,Female,Noida,307,Basic,Android,Card
C10765,32,Male,Mumbai,970,Standard,Android,UPI
C10766,44,Female,Delhi,2185,Standard,Web,Card
C10767,23,Female,Mumbai,903,Standard,Android,UPI
C10768,30,Male,Mumbai,1803,Basic,iOS,Net Banking
C10769,27,Other,Pune,1007,Standard,Android,UPI
C10770,25,Female,Delhi,1281,Standard,Android,UPI
C10771,33,Male,Pune,95,Basic,Android,UPI
C10772,19,Male,Pune,1522,Basic,Web,UPI
C10773,30,Female,Lucknow,566,Basic,iOS,UPI
C10774,36,Male,Mumbai,1028,Basic,Android,UPI
C10775,29,Male,Lucknow,2173,Standard,iOS,Net Banking
C10776,22,Male,Pune,514,Basic,iOS,UPI
C10777,40,Male,Delhi,2043,Basic,Android,UPI
C10778,38,Other,Jaipur,1828,Basic,Android,UPI
C10779,22,Male,Lucknow,134,Basic,Android,Card
C10780,19,Female,Delhi,831,Basic,Android,Card
C10781,22,Male,Noida,2155,Premium,iOS,Net Banking
C10782,36,Male,Hyderabad,1015,Standard,iOS,Card
C10783,33,Female,Pune,1748,Standard,Web,Card
C10784,38,Male,Chandigarh,2023,Basic,iOS,UPI
C10785,28,Male,Bengaluru,35,Premium,iOS,Net Banking
C10786,23,Female,Lucknow,1617,Standard,iOS,UPI
C10787,39,Female,Bengaluru,2012,Basic,Web,Card
C10788,26,Male,Jaipur,1283,Standard,iOS,Net Banking
C10789,33,Female,Pune,2114,Basic,iOS,UPI
C10790,18,Male,Delhi,1547,Premium,iOS,UPI
C10791,26,Female,Hyderabad,1394,Basic,Android,UPI
C10792,40,Male,Bengaluru,298,Standard,iOS,Net Banking
C10793,25,Male,Mumbai,1740,Premium,iOS,UPI
C10794,38,Female,Mumbai,1886,Standard,Android,UPI
C10795,18,Male,Bengaluru,751,Premium,Android,UPI
C10796,26,Female,Mumbai,372,Basic,Android,Card
C10797,29,Female,Delhi,1271,Standard,Android,Card
C10798,47,Male,Ahmedabad,2066,Basic,Android,Card
C10799,20,Female,Ahmedabad,1617,Basic,Android,Wallet
C10800,37,Male,Ahmedabad,1788,Standard,iOS,UPI
C10801,41,Male,Bengaluru,1247,Standard,iOS,UPI
C10802,25,Female,Kanpur,936,Standard,Android,Card
C10803,28,Female,Pune,690,Basic,Android,UPI
C10804,32,Male,Mumbai,1782,Basic,Android,Card
C10805,18,Female,Delhi,1438,Basic,Android,Wallet
C10806,27,Male,Kolkata,1652,Standard,iOS,UPI
C10807,42,Female,Delhi,1849,Basic,iOS,UPI
C10808,36,Male,Chennai,2155,Standard,Android,Wallet
C10809,30,Female,Chandigarh,1844,Premium,Android,UPI
C10810,32,Male,Mumbai,998,Premium,Web,UPI
C10811,36,Male,Mumbai,316,Standard,Web,UPI
C10812,38,Female,Chandigarh,1243,Basic,iOS,UPI
C10813,26,Male,Pune,996,Standard,Android,UPI
C10814,45,Female,Mumbai,2059,Standard,Android,UPI
C10815,43,Female,Kanpur,114,Basic,Android,UPI
C10816,37,Female,Kanpur,1887,Premium,Android,UPI
C10817,23,Male,Chennai,1403,Basic,iOS,Card
C10818,22,Male,Pune,182,Basic,Android,UPI
C10819,28,Female,Bengaluru,555,Standard,Web,Net Banking
C10820,32,Male,Mumbai,165,Premium,iOS,Net Banking
C10821,18,Male,Pune,2048,Standard,Web,UPI
C10822,35,Female,Bengaluru,1429,Basic,Web,UPI
C10823,43,Female,Kolkata,1371,Standard,Android,Card
C10824,36,Female,Lucknow,1158,Premium,iOS,UPI
C10825,25,Female,Mumbai,899,Standard,Web,UPI
C10826,24,Male,Pune,401,Basic,Android,UPI
C10827,34,Male,Delhi,1617,Standard,Android,UPI
C10828,30,Female,Kanpur,316,Standard,Android,UPI
C10829,35,Male,Delhi,480,Basic,Android,Net Banking
C10830,36,Female,Pune,2149,Standard,iOS,Card
C10831,41,Male,Chennai,228,Standard,Android,UPI
C10832,21,Male,Hyderabad,2093,Standard,Android,UPI
C10833,33,Female,Kolkata,219,Basic,iOS,UPI
C10834,28,Male,Ahmedabad,1085,Basic,iOS,UPI
C10835,30,Female,Pune,1294,Standard,Android,Card
C10836,39,Other,Ahmedabad,276,Basic,iOS,UPI
C10837,40,Female,Chandigarh,1958,Basic,Web,Card
C10838,44,Male,Hyderabad,2107,Basic,Android,UPI
C10839,35,Male,Chennai,513,Basic,Android,UPI
C10840,30,Male,Mumbai,511,Standard,Android,Card
C10841,29,Male,Jaipur,1679,Premium,iOS,Card
C10842,18,Male,Chennai,836,Basic,Web,UPI
C10843,43,Female,Hyderabad,111,Basic,Android,Wallet
C10844,28,Male,Mumbai,1657,Basic,Web,Net Banking
C10845,36,Female,Kanpur,796,Standard,Android,UPI
C10846,37,Male,Hyderabad,913,Standard,Web,Card
C10847,20,Male,Kolkata,1448,Premium,Android,Card
C10848,23,Female,Delhi,1282,Standard,Android,UPI
C10849,45,Female,Indore,1822,Basic,Web,UPI
C10850,34,Female,Delhi,1761,Basic,iOS,Net Banking
C10851,26,Female,Delhi,2076,Standard,Android,UPI
C10852,30,Male,Lucknow,2022,Basic,iOS,Net Banking
C10853,41,Female,Noida,1402,Standard,Android,UPI
C10854,39,Male,Delhi,1237,Basic,Web,UPI
C10855,18,Female,Hyderabad,1034,Standard,Android,UPI
C10856,46,Male,Ahmedabad,1471,Standard,Android,UPI
C10857,40,Female,Kanpur,161,Standard,Android,Card
C10858,30,Female,Hyderabad,903,Basic,iOS,UPI
C10859,20,Male,Chennai,628,Premium,Android,Net Banking
C10860,40,Female,Ahmedabad,1237,Standard,Android,Card
C10861,35,Male,Ahmedabad,2033,Standard,iOS,UPI
C10862,18,Male,Jaipur,1073,Standard,Android,UPI
C10863,29,Female,Pune,1294,Standard,iOS,Wallet
C10864,59,Male,Mumbai,903,Standard,Android,UPI
C10865,31,Female,Noida,773,Basic,Web,UPI
C10866,24,Female,Kanpur,1507,Basic,iOS,UPI
C10867,22,Male,Jaipur,569,Premium,iOS,Wallet
C10868,47,Female,Mumbai,1937,Standard,Android,Wallet
C10869,39,Female,Delhi,276,Standard,Web,Net Banking
C10870,44,Male,Ahmedabad,512,Premium,iOS,UPI
C10871,33,Male,Mumbai,1660,Basic,Web,Net Banking
C10872,42,Male,Indore,209,Premium,Android,UPI
C10873,23,Male,Hyderabad,924,Basic,iOS,Card
C10874,32,Male,Ahmedabad,849,Basic,iOS,Wallet
C10875,34,Male,Kanpur,2062,Standard,Web,UPI
C10876,43,Female,Hyderabad,374,Standard,Android,Net Banking
C10877,34,Female,Bengaluru,1016,Standard,Android,UPI
C10878,25,Male,Pune,1027,Basic,Web,Net Banking
C10879,32,Female,Pune,1805,Standard,Android,UPI
C10880,18,Female,Hyderabad,1203,Standard,iOS,UPI
C10881,18,Male,Pune,312,Standard,Android,Card
C10882,38,Male,Gurugram,1918,Basic,Web,UPI
C10883,28,Male,Hyderabad,357,Basic,Android,UPI
C10884,29,Female,Delhi,1538,Standard,Android,UPI
C10885,38,Male,Hyderabad,622,Basic,iOS,Net Banking
C10886,44,Female,Hyderabad,294,Standard,Android,Net Banking
C10887,36,Male,Mumbai,444,Basic,Android,Card
C10888,48,Female,Delhi,2078,Standard,iOS,UPI
C10889,36,Male,Kolkata,2149,Premium,Android,UPI
C10890,34,Male,Bengaluru,1332,Standard,Android,UPI
C10891,33,Female,Gurugram,1783,Standard,iOS,UPI
C10892,19,Male,Delhi,1989,Basic,Android,Net Banking
C10893,40,Female,Mumbai,786,Standard,Web,UPI
C10894,18,Female,Ahmedabad,1673,Standard,iOS,UPI
C10895,26,Female,Kanpur,1158,Premium,Web,UPI
C10896,31,Male,Bengaluru,405,Standard,iOS,Wallet
C10897,24,Female,Delhi,1187,Basic,Web,UPI
C10898,27,Male,Delhi,129,Basic,Android,Card
C10899,48,Male,Chennai,1347,Standard,iOS,UPI
C10900,41,Male,Hyderabad,594,Standard,Web,UPI
C10901,25,Female,Bengaluru,254,Basic,iOS,Card
C10902,27,Male,Mumbai,1560,Standard,Web,UPI
C10903,20,Female,Chennai,787,Basic,Web,UPI
C10904,37,Female,Indore,1000,Basic,Android,UPI
C10905,29,Male,Kolkata,216,Premium,Android,Net Banking
C10906,18,Other,Chennai,203,Standard,Android,Card
C10907,32,Female,Mumbai,2024,Basic,Web,Net Banking
C10908,35,Female,Delhi,1331,Premium,Web,UPI
C10909,40,Female,Bengaluru,905,Premium,iOS,Card
C10910,30,Female,Jaipur,1474,Premium,Android,UPI
C10911,28,Female,Kanpur,1607,Standard,Android,UPI
C10912,49,Female,Noida,276,Premium,Android,UPI
C10913,31,Female,Chandigarh,2028,Basic,Android,UPI
C10914,37,Female,Chandigarh,1452,Premium,Web,UPI
C10915,26,Male,Gurugram,701,Basic,Android,Wallet
C10916,37,Male,Mumbai,613,Basic,iOS,Wallet
C10917,18,Male,Mumbai,220,Basic,iOS,Net Banking
C10918,27,Female,Bengaluru,586,Basic,iOS,UPI
C10919,20,Male,Chennai,759,Standard,Android,UPI
C10920,26,Female,Mumbai,492,Premium,Android,UPI
C10921,42,Male,Lucknow,1486,Basic,Android,Net Banking
C10922,25,Female,Pune,577,Standard,Android,UPI
C10923,37,Male,Chennai,1114,Standard,Android,UPI
C10924,45,Female,Delhi,1242,Basic,Android,Card
C10925,31,Male,Delhi,192,Standard,iOS,UPI
C10926,40,Female,Delhi,396,Basic,Android,Card
C10927,36,Male,Lucknow,182,Basic,iOS,Card
C10928,32,Male,Pune,1529,Standard,Android,Card
C10929,38,Female,Ahmedabad,1548,Premium,Android,Net Banking
C10930,48,Male,Bengaluru,310,Basic,Android,UPI
C10931,25,Female,Bengaluru,1628,Basic,Android,UPI
C10932,22,Male,Hyderabad,1790,Standard,Android,UPI
C10933,22,Female,Ahmedabad,267,Standard,iOS,UPI
C10934,40,Male,Jaipur,283,Premium,Android,UPI
C10935,41,Male,Delhi,1754,Standard,Android,UPI
C10936,26,Male,Gurugram,699,Standard,Android,UPI
C10937,18,Male,Mumbai,779,Standard,Android,UPI
C10938,25,Male,Kanpur,1306,Basic,iOS,Wallet
C10939,36,Male,Mumbai,178,Standard,iOS,UPI
C10940,30,Female,Bengaluru,980,Basic,iOS,Wallet
C10941,33,Male,Lucknow,754,Standard,iOS,Card
C10942,26,Female,Delhi,1815,Basic,Android,UPI
C10943,40,Female,Hyderabad,1615,Basic,Android,UPI
C10944,34,Female,Hyderabad,652,Premium,iOS,Card
C10945,36,Male,Delhi,1453,Premium,iOS,Card
C10946,32,Male,Ahmedabad,904,Standard,iOS,UPI
C10947,36,Male,Lucknow,1074,Standard,iOS,UPI
C10948,35,Female,Kanpur,1625,Premium,iOS,UPI
C10949,23,Female,Bengaluru,636,Basic,iOS,Card
C10950,34,Male,Chennai,1284,Standard,iOS,Net Banking
C10951,38,Male,Delhi,936,Basic,Web,UPI
C10952,41,Male,Delhi,1440,Standard,Android,Card
C10953,35,Male,Delhi,858,Basic,Android,UPI
C10954,22,Female,Gurugram,2059,Standard,iOS,UPI
C10955,24,Male,Kanpur,876,Basic,Android,Card
C10956,27,Male,Jaipur,267,Standard,Android,Net Banking
C10957,33,Female,Chennai,1092,Standard,iOS,UPI
C10958,30,Male,Chennai,547,Basic,Android,Card
C10959,21,Female,Chennai,1017,Premium,Android,UPI
C10960,21,Female,Chennai,2027,Basic,Android,UPI
C10961,18,Female,Hyderabad,252,Standard,Android,Card
C10962,18,Male,Mumbai,122,Standard,iOS,Card
C10963,30,Male,Mumbai,659,Basic,Android,UPI
C10964,52,Female,Gurugram,975,Standard,Android,Wallet
C10965,47,Male,Chennai,310,Standard,Android,Wallet
C10966,22,Male,Gurugram,1540,Standard,Web,UPI
C10967,32,Female,Delhi,1336,Standard,Android,UPI
C10968,18,Female,Chennai,1552,Standard,Android,UPI
C10969,19,Female,Delhi,947,Basic,Android,Wallet
C10970,20,Female,Delhi,2049,Basic,Android,UPI
C10971,29,Male,Mumbai,1488,Premium,iOS,UPI
C10972,29,Male,Mumbai,2027,Basic,Android,Net Banking
C10973,33,Female,Noida,220,Basic,Android,UPI
C10974,37,Male,Bengaluru,1478,Basic,Web,Wallet
C10975,28,Female,Pune,778,Standard,Android,Net Banking
C10976,31,Female,Hyderabad,448,Standard,Android,UPI
C10977,21,Female,Hyderabad,421,Basic,Web,Card
C10978,19,Female,Chennai,456,Premium,Android,Card
C10979,18,Female,Delhi,229,Premium,Android,Card
C10980,37,Female,Chandigarh,1016,Premium,Android,Card
C10981,28,Female,Lucknow,1708,Standard,Web,UPI
C10982,18,Male,Ahmedabad,1035,Basic,Web,Net Banking
C10983,30,Male,Hyderabad,314,Basic,Android,Card
C10984,20,Female,Delhi,1564,Basic,iOS,Net Banking
C10985,46,Male,Noida,409,Standard,Android,Card
C10986,26,Female,Bengaluru,1915,Basic,Android,Wallet
C10987,37,Male,Mumbai,825,Standard,Web,UPI
C10988,41,Female,Bengaluru,32,Standard,Android,UPI
C10989,22,Male,Jaipur,665,Standard,Android,UPI
C10990,32,Female,Pune,1836,Basic,Android,UPI
C10991,36,Female,Ahmedabad,2026,Premium,Web,Net Banking
C10992,32,Male,Jaipur,945,Standard,iOS,UPI
C10993,34,Male,Delhi,2175,Standard,iOS,UPI
C10994,19,Male,Noida,532,Premium,iOS,UPI
C10995,36,Male,Hyderabad,946,Basic,iOS,Net Banking
C10996,27,Female,Kolkata,1024,Premium,Web,UPI
C10997,34,Male,Mumbai,466,Standard,iOS,Wallet
C10998,39,Female,Chandigarh,861,Premium,iOS,UPI
C10999,37,Male,Bengaluru,1110,Basic,Web,UPI
C11000,34,Male,Mumbai,1547,Basic,Android,UPI
C11001,37,Female,Hyderabad,1105,Basic,Android,Net Banking
C11002,37,Male,Mumbai,254,Standard,Web,UPI
C11003,44,Female,Delhi,1041,Basic,Web,UPI
C11004,31,Female,Pune,1871,Basic,Android,UPI
C11005,32,Other,Hyderabad,74,Premium,iOS,UPI
C11006,39,Female,Noida,2195,Standard,iOS,UPI
C11007,27,Female,Bengaluru,308,Basic,Android,UPI
C11008,19,Male,Ahmedabad,49,Standard,Android,UPI
C11009,35,Female,Hyderabad,335,Basic,Android,Card
C11010,29,Female,Kolkata,573,Standard,Android,UPI
C11011,20,Female,Pune,793,Basic,Android,Card
C11012,36,Male,Hyderabad,1830,Standard,Android,Wallet
C11013,44,Female,Gurugram,1290,Basic,iOS,Card
C11014,18,Male,Bengaluru,1415,Standard,Android,Net Banking
C11015,40,Female,Delhi,1934,Basic,Android,UPI
C11016,18,Male,Kolkata,315,Basic,iOS,UPI
C11017,27,Female,Lucknow,514,Premium,Android,UPI
C11018,48,Female,Mumbai,2130,Standard,Web,UPI
C11019,28,Male,Hyderabad,1703,Standard,Android,UPI
C11020,32,Male,Kanpur,158,Premium,iOS,UPI
C11021,38,Female,Ahmedabad,520,Basic,Android,UPI
C11022,18,Female,Chandigarh,840,Standard,Web,Card
C11023,32,Male,Chennai,100,Premium,Android,UPI
C11024,32,Female,Kolkata,1294,Standard,Web,UPI
C11025,48,Female,Bengaluru,1440,Basic,Android,UPI
C11026,20,Male,Gurugram,758,Standard,iOS,UPI
C11027,28,Male,Bengaluru,495,Basic,Android,UPI
C11028,23,Male,Ahmedabad,953,Basic,Android,Card
C11029,22,Male,Hyderabad,2025,Standard,Android,Card
C11030,41,Male,Pune,1589,Basic,iOS,UPI
C11031,31,Female,Ahmedabad,2055,Basic,Android,UPI
C11032,26,Male,Chennai,1229,Basic,iOS,Card
C11033,26,Female,Noida,257,Basic,Android,UPI
C11034,26,Male,Hyderabad,159,Standard,Android,UPI
C11035,27,Male,Kolkata,452,Standard,iOS,UPI
C11036,20,Female,Bengaluru,1160,Standard,Android,Wallet
C11037,29,Male,Hyderabad,486,Standard,Android,UPI
C11038,28,Male,Hyderabad,718,Basic,Web,UPI
C11039,24,Male,Mumbai,2007,Basic,Android,Card
C11040,32,Female,Mumbai,124,Premium,iOS,UPI
C11041,33,Female,Kolkata,199,Standard,Android,UPI
C11042,26,Male,Kolkata,875,Basic,iOS,Net Banking
C11043,30,Male,Kolkata,1660,Premium,Android,Net Banking
C11044,50,Female,Mumbai,1817,Basic,iOS,UPI
C11045,50,Female,Bengaluru,654,Standard,iOS,Card
C11046,22,Male,Delhi,660,Basic,Android,UPI
C11047,23,Female,Jaipur,1293,Standard,Android,Card
C11048,21,Female,Lucknow,1909,Basic,Android,Card
C11049,41,Female,Delhi,414,Standard,iOS,Card
C11050,27,Male,Kolkata,1966,Standard,Android,UPI
C11051,33,Male,Mumbai,1780,Standard,Android,UPI
C11052,49,Male,Bengaluru,611,Basic,Android,Card
C11053,31,Female,Delhi,1485,Basic,iOS,UPI
C11054,37,Male,Bengaluru,1394,Standard,Android,Wallet
C11055,36,Female,Kolkata,75,Premium,Web,UPI
C11056,26,Male,Noida,901,Basic,Web,Wallet
C11057,41,Female,Delhi,544,Basic,Android,UPI
C11058,23,Male,Chennai,177,Standard,Web,UPI
C11059,43,Male,Kolkata,1041,Standard,iOS,Net Banking
C11060,26,Male,Gurugram,1554,Premium,Android,UPI
C11061,27,Female,Pune,1182,Standard,iOS,UPI
C11062,21,Male,Delhi,222,Basic,Android,Card
C11063,23,Male,Pune,1825,Standard,iOS,UPI
C11064,27,Female,Bengaluru,182,Premium,Web,Wallet
C11065,18,Male,Indore,869,Basic,iOS,Card
C11066,29,Male,Hyderabad,1263,Standard,iOS,Card
C11067,26,Male,Kolkata,2041,Basic,iOS,UPI
C11068,38,Male,Mumbai,1666,Basic,Android,UPI
C11069,35,Female,Hyderabad,450,Premium,Android,Card
C11070,25,Male,Kanpur,958,Basic,iOS,UPI
C11071,27,Female,Pune,1891,Standard,iOS,UPI
C11072,29,Female,Hyderabad,567,Basic,iOS,Card
C11073,44,Male,Gurugram,1992,Basic,Android,Card
C11074,24,Male,Lucknow,1187,Standard,Android,UPI
C11075,25,Male,Bengaluru,1389,Basic,Android,Card
C11076,21,Male,Chennai,1468,Standard,iOS,Wallet
C11077,18,Female,Chennai,2129,Basic,Android,UPI
C11078,34,Male,Pune,1522,Standard,Android,UPI
C11079,33,Female,Bengaluru,920,Premium,Web,UPI
C11080,43,Male,Delhi,1310,Basic,Web,UPI
C11081,40,Male,Noida,1547,Basic,Android,Card
C11082,53,Male,Noida,1327,Standard,iOS,UPI
C11083,30,Male,Lucknow,51,Basic,Android,Card
C11084,29,Male,Indore,1986,Basic,iOS,Card
C11085,19,Male,Ahmedabad,626,Premium,Android,UPI
C11086,37,Male,Jaipur,1442,Basic,Android,UPI
C11087,32,Female,Jaipur,1259,Standard,iOS,UPI
C11088,37,Male,Chennai,290,Basic,Android,UPI
C11089,21,Female,Hyderabad,1930,Standard,iOS,UPI
C11090,34,Male,Delhi,210,Standard,Android,UPI
C11091,33,Male,Kolkata,2097,Standard,Android,UPI
C11092,32,Male,Bengaluru,2030,Standard,Web,Card
C11093,25,Male,Bengaluru,1287,Basic,Android,UPI
C11094,42,Male,Pune,2100,Basic,Android,UPI
C11095,49,Male,Hyderabad,1887,Standard,Android,UPI
C11096,21,Female,Delhi,1982,Premium,Android,UPI
C11097,37,Female,Lucknow,1764,Standard,iOS,Card
C11098,18,Female,Lucknow,2046,Standard,Android,UPI
C11099,37,Male,Delhi,1708,Standard,Web,Card
C11100,18,Male,Mumbai,1940,Standard,Android,UPI
C11101,26,Male,Bengaluru,271,Standard,Android,UPI
C11102,19,Female,Jaipur,956,Basic,Android,Net Banking
C11103,29,Female,Lucknow,1068,Standard,Android,UPI
C11104,39,Male,Mumbai,2003,Basic,Android,UPI
C11105,18,Male,Jaipur,1085,Basic,Android,Card
C11106,28,Female,Mumbai,984,Standard,Android,Card
C11107,26,Female,Hyderabad,1738,Basic,iOS,UPI
C11108,45,Female,Chandigarh,1440,Standard,Web,Card
C11109,35,Male,Delhi,1301,Premium,Android,UPI
C11110,20,Male,Delhi,2012,Premium,Android,Net Banking
C11111,27,Male,Hyderabad,1809,Standard,iOS,UPI
C11112,45,Male,Pune,1573,Premium,Android,UPI
C11113,37,Male,Gurugram,2105,Basic,Android,UPI
C11114,23,Female,Chandigarh,134,Standard,Web,Card
C11115,29,Female,Mumbai,1233,Standard,Android,UPI
C11116,29,Female,Mumbai,97,Premium,Android,Card
C11117,26,Other,Jaipur,1748,Standard,Android,Card
C11118,18,Male,Bengaluru,305,Standard,Android,UPI
C11119,25,Male,Kanpur,1246,Standard,Web,Card
C11120,44,Male,Kolkata,1728,Standard,Android,Card
C11121,28,Female,Mumbai,1387,Basic,Android,Net Banking
C11122,30,Female,Lucknow,157,Standard,Android,UPI
C11123,32,Male,Delhi,1062,Standard,Web,UPI
C11124,51,Other,Hyderabad,1721,Standard,Android,Wallet
C11125,31,Female,Chennai,2112,Premium,Android,UPI
C11126,41,Female,Chennai,1978,Standard,Android,Card
C11127,26,Male,Kolkata,1804,Premium,Android,UPI
C11128,29,Male,Kolkata,696,Basic,Web,Net Banking
C11129,31,Male,Chandigarh,1661,Basic,Android,Card
C11130,24,Female,Chandigarh,392,Basic,Android,Wallet
C11131,29,Female,Chennai,745,Standard,Web,Card
C11132,39,Female,Mumbai,644,Standard,Web,UPI
C11133,24,Female,Ahmedabad,1083,Standard,Android,UPI
C11134,31,Male,Indore,1929,Standard,Android,Card
C11135,37,Male,Bengaluru,1902,Standard,Web,Card
C11136,24,Male,Hyderabad,1967,Premium,Android,UPI
C11137,41,Female,Hyderabad,2061,Basic,Android,UPI
C11138,32,Female,Mumbai,90,Basic,Android,Card
C11139,30,Male,Kolkata,2194,Standard,iOS,UPI
C11140,18,Female,Bengaluru,1934,Standard,Android,Card
C11141,28,Female,Jaipur,1623,Basic,Android,Net Banking
C11142,34,Female,Lucknow,204,Basic,iOS,UPI
C11143,47,Female,Lucknow,1615,Standard,Web,UPI
C11144,36,Female,Hyderabad,1495,Basic,Android,Net Banking
C11145,41,Female,Bengaluru,233,Basic,Android,UPI
C11146,20,Male,Ahmedabad,468,Basic,iOS,Net Banking
C11147,30,Female,Jaipur,1660,Basic,Android,UPI
C11148,42,Male,Chennai,392,Standard,iOS,UPI
C11149,23,Male,Kanpur,782,Standard,Android,UPI
C11150,40,Male,Delhi,1349,Basic,iOS,UPI
C11151,38,Male,Kanpur,1906,Standard,Android,Net Banking
C11152,33,Female,Mumbai,647,Standard,Android,Card
C11153,28,Female,Delhi,54,Basic,Android,UPI
C11154,22,Male,Chennai,1877,Standard,Android,UPI
C11155,47,Male,Mumbai,2057,Basic,iOS,Card
C11156,37,Female,Mumbai,1884,Premium,iOS,UPI
C11157,34,Male,Mumbai,1080,Standard,iOS,UPI
C11158,27,Other,Hyderabad,1592,Basic,iOS,Card
C11159,31,Male,Jaipur,307,Premium,Android,UPI
C11160,32,Male,Mumbai,1412,Basic,iOS,UPI
C11161,35,Male,Kolkata,1334,Basic,Android,UPI
C11162,38,Male,Lucknow,1408,Basic,iOS,UPI
C11163,24,Male,Delhi,1531,Standard,Android,UPI
C11164,18,Male,Delhi,1960,Standard,Android,UPI
C11165,32,Male,Lucknow,1722,Standard,iOS,UPI
C11166,18,Female,Lucknow,109,Premium,Web,Wallet
C11167,28,Male,Chennai,1553,Premium,Android,UPI
C11168,26,Other,Lucknow,1612,Basic,iOS,Card
C11169,35,Male,Mumbai,1230,Premium,Android,UPI
C11170,49,Female,Hyderabad,1383,Basic,Android,UPI
C11171,18,Male,Ahmedabad,207,Premium,Android,UPI
C11172,51,Female,Bengaluru,597,Basic,Android,Card
C11173,29,Male,Ahmedabad,1902,Basic,Android,UPI
C11174,34,Female,Chennai,34,Standard,iOS,UPI
C11175,18,Male,Ahmedabad,2163,Basic,Android,Card
C11176,40,Male,Hyderabad,513,Standard,Android,UPI
C11177,31,Female,Bengaluru,1718,Basic,Android,Net Banking
C11178,30,Male,Delhi,507,Standard,Android,UPI
C11179,18,Male,Delhi,105,Premium,iOS,Net Banking
C11180,32,Female,Ahmedabad,1342,Standard,iOS,Card
C11181,39,Female,Mumbai,1669,Standard,Android,UPI
C11182,29,Female,Mumbai,215,Premium,iOS,UPI
C11183,42,Male,Delhi,615,Basic,iOS,Net Banking
C11184,41,Male,Delhi,690,Basic,Android,UPI
C11185,25,Female,Lucknow,2117,Basic,Android,UPI
C11186,45,Female,Hyderabad,703,Basic,Android,UPI
C11187,31,Male,Chandigarh,167,Basic,Android,UPI
C11188,31,Female,Mumbai,2167,Standard,Android,UPI
C11189,32,Male,Kolkata,230,Basic,Android,UPI
C11190,32,Female,Hyderabad,1087,Standard,Android,Net Banking
C11191,18,Male,Hyderabad,423,Standard,Android,UPI
C11192,29,Male,Kanpur,577,Basic,Android,Card
C11193,19,Male,Indore,1664,Standard,Web,Net Banking
C11194,46,Female,Kanpur,325,Basic,Web,UPI
C11195,45,Male,Delhi,1443,Standard,Web,Card
C11196,39,Male,Delhi,1258,Basic,iOS,UPI
C11197,29,Male,Kolkata,1608,Standard,Web,UPI
C11198,22,Female,Bengaluru,377,Standard,Android,UPI
C11199,25,Female,Ahmedabad,797,Standard,Android,UPI
C11200,48,Male,Pune,37,Basic,iOS,UPI
C11201,25,Male,Chennai,1938,Basic,Android,UPI
C11202,18,Male,Lucknow,2176,Standard,Android,UPI
C11203,40,Male,Ahmedabad,998,Standard,iOS,Wallet
C11204,45,Male,Mumbai,1179,Standard,Web,Net Banking
C11205,46,Other,Mumbai,321,Standard,Android,Card
C11206,40,Male,Pune,1931,Basic,Android,UPI
C11207,42,Female,Chennai,1695,Premium,Android,Wallet
C11208,31,Female,Bengaluru,279,Premium,Android,Wallet
C11209,18,Male,Hyderabad,1179,Basic,iOS,Card
C11210,31,Female,Ahmedabad,402,Basic,Android,Card
C11211,37,Male,Lucknow,1317,Standard,Android,UPI
C11212,30,Female,Pune,1455,Basic,Web,Net Banking
C11213,29,Female,Hyderabad,865,Basic,Android,UPI
C11214,22,Male,Bengaluru,988,Standard,iOS,Card
C11215,22,Male,Chennai,1572,Standard,iOS,UPI
C11216,48,Male,Bengaluru,368,Basic,iOS,UPI
C11217,48,Female,Pune,107,Premium,Web,Wallet
C11218,31,Female,Kolkata,933,Basic,Web,Card
C11219,34,Male,Mumbai,1095,Basic,Android,Card
C11220,22,Male,Mumbai,651,Basic,Android,UPI
C11221,37,Female,Delhi,956,Premium,Web,UPI
C11222,47,Male,Kanpur,252,Premium,iOS,UPI
C11223,18,Female,Kolkata,1649,Basic,Android,Net Banking
C11224,35,Male,Delhi,1693,Standard,Web,UPI
C11225,36,Female,Kanpur,606,Basic,iOS,UPI
C11226,36,Other,Hyderabad,1444,Basic,Android,UPI
C11227,46,Female,Chennai,537,Basic,Android,UPI
C11228,49,Male,Gurugram,887,Standard,Web,UPI
C11229,29,Male,Mumbai,724,Standard,Web,Card
C11230,37,Female,Delhi,2136,Standard,Web,Net Banking
C11231,32,Female,Pune,1072,Basic,iOS,UPI
C11232,25,Male,Delhi,1403,Premium,Android,UPI
C11233,33,Male,Kolkata,485,Premium,Android,Wallet
C11234,37,Male,Delhi,2042,Basic,Android,UPI
C11235,33,Male,Mumbai,1514,Standard,Android,Card
C11236,23,Female,Delhi,259,Standard,iOS,UPI
C11237,27,Male,Hyderabad,749,Premium,Android,UPI
C11238,27,Female,Delhi,1127,Standard,Android,UPI
C11239,23,Male,Mumbai,944,Basic,Web,UPI
C11240,34,Male,Lucknow,1767,Basic,iOS,UPI
C11241,35,Male,Bengaluru,1239,Standard,Android,UPI
C11242,40,Female,Bengaluru,1239,Standard,Android,UPI
C11243,23,Female,Mumbai,847,Basic,Android,Net Banking
C11244,26,Male,Bengaluru,1861,Standard,iOS,UPI
C11245,45,Female,Bengaluru,1551,Premium,Web,UPI
C11246,30,Male,Pune,1561,Standard,Android,UPI
C11247,31,Male,Delhi,1453,Standard,Android,UPI
C11248,29,Female,Kanpur,1473,Standard,iOS,UPI
C11249,41,Female,Noida,1672,Standard,Android,UPI
C11250,42,Male,Mumbai,537,Basic,iOS,Card
C11251,41,Male,Mumbai,1164,Standard,Android,UPI
C11252,31,Female,Mumbai,314,Standard,Android,UPI
C11253,23,Female,Pune,827,Premium,Android,UPI
C11254,48,Female,Mumbai,662,Basic,iOS,UPI
C11255,39,Male,Lucknow,466,Basic,Android,Card
C11256,27,Male,Ahmedabad,1217,Standard,Android,Wallet
C11257,44,Male,Lucknow,978,Standard,iOS,UPI
C11258,26,Male,Chennai,1015,Standard,Android,UPI
C11259,44,Male,Chandigarh,1924,Basic,Android,Card
C11260,44,Male,Mumbai,815,Standard,Android,Card
C11261,23,Female,Hyderabad,292,Basic,Android,Net Banking
C11262,36,Male,Bengaluru,1746,Standard,Android,Card
C11263,38,Male,Gurugram,497,Standard,Android,UPI
C11264,55,Male,Pune,2142,Standard,Android,Net Banking
C11265,24,Male,Jaipur,1473,Standard,Web,UPI
C11266,44,Female,Delhi,584,Basic,Android,UPI
C11267,31,Male,Indore,1277,Standard,iOS,Wallet
C11268,20,Male,Chennai,2053,Premium,iOS,Card
C11269,30,Male,Chennai,2018,Standard,Android,UPI
C11270,31,Female,Indore,891,Standard,Android,UPI
C11271,21,Other,Hyderabad,93,Standard,iOS,UPI
C11272,34,Male,Hyderabad,202,Standard,Android,Card
C11273,40,Male,Pune,1936,Basic,Android,Net Banking
C11274,33,Female,Mumbai,1464,Premium,Android,Card
C11275,26,Male,Bengaluru,1604,Basic,Android,Card
C11276,30,Male,Delhi,1595,Basic,Android,Card
C11277,31,Male,Mumbai,1712,Basic,Android,UPI
C11278,33,Other,Kanpur,1133,Standard,Android,UPI
C11279,41,Female,Pune,851,Standard,Android,UPI
C11280,33,Male,Bengaluru,540,Standard,iOS,UPI
C11281,18,Female,Hyderabad,696,Basic,Android,UPI
C11282,26,Female,Hyderabad,1658,Standard,iOS,Net Banking
C11283,32,Female,Pune,61,Basic,iOS,UPI
C11284,41,Female,Noida,345,Standard,Android,UPI
C11285,43,Female,Gurugram,1738,Basic,Android,Net Banking
C11286,47,Female,Hyderabad,1437,Standard,Android,Card
C11287,32,Female,Bengaluru,380,Basic,Android,UPI
C11288,38,Male,Hyderabad,108,Basic,Android,UPI
C11289,18,Female,Pune,520,Standard,iOS,Card
C11290,35,Female,Hyderabad,287,Premium,iOS,UPI
C11291,21,Female,Kolkata,630,Standard,Android,UPI
C11292,30,Female,Chennai,1837,Basic,Web,Card
C11293,58,Female,Bengaluru,1917,Basic,Web,UPI
C11294,34,Male,Bengaluru,652,Standard,Android,UPI
C11295,23,Male,Hyderabad,654,Standard,iOS,UPI
C11296,35,Female,Mumbai,1823,Standard,Android,Net Banking
C11297,26,Male,Delhi,953,Standard,iOS,Wallet
C11298,22,Female,Ahmedabad,493,Basic,iOS,UPI
C11299,50,Male,Hyderabad,1651,Premium,Android,UPI
C11300,41,Male,Delhi,1094,Basic,Android,UPI
C11301,34,Female,Pune,1966,Standard,iOS,Card
C11302,27,Female,Ahmedabad,1933,Basic,Android,UPI
C11303,28,Male,Delhi,1746,Basic,iOS,Card
C11304,45,Female,Lucknow,2139,Basic,Web,Wallet
C11305,34,Female,Noida,1191,Standard,Android,UPI
C11306,18,Male,Pune,1217,Basic,Android,UPI
C11307,53,Male,Kolkata,34,Premium,Android,UPI
C11308,33,Female,Mumbai,395,Basic,iOS,UPI
C11309,34,Male,Gurugram,372,Basic,Android,Net Banking
C11310,41,Female,Hyderabad,2029,Standard,Android,UPI
C11311,35,Female,Noida,580,Basic,iOS,Card
C11312,38,Male,Pune,1380,Basic,Android,UPI
C11313,27,Male,Mumbai,927,Standard,Android,UPI
C11314,20,Male,Mumbai,1689,Standard,Android,UPI
C11315,34,Male,Kolkata,815,Standard,Web,Net Banking
C11316,44,Male,Pune,2065,Standard,Web,Net Banking
C11317,25,Male,Mumbai,1146,Standard,iOS,UPI
C11318,24,Male,Ahmedabad,559,Standard,iOS,Card
C11319,42,Female,Lucknow,924,Basic,Android,UPI
C11320,27,Male,Chennai,822,Standard,iOS,UPI
C11321,27,Female,Hyderabad,1605,Basic,iOS,UPI
C11322,28,Male,Mumbai,732,Standard,iOS,UPI
C11323,30,Female,Jaipur,143,Basic,iOS,Card
C11324,18,Male,Bengaluru,1731,Standard,Android,UPI
C11325,26,Male,Kanpur,2188,Basic,Android,Card
C11326,33,Male,Bengaluru,574,Basic,iOS,Wallet
C11327,33,Female,Pune,1859,Basic,Android,UPI
C11328,41,Female,Bengaluru,115,Basic,Android,Card
C11329,48,Male,Delhi,756,Basic,Web,Wallet
C11330,45,Other,Jaipur,55,Standard,Web,UPI
C11331,39,Male,Chennai,891,Basic,Android,UPI
C11332,30,Female,Chennai,1352,Standard,Android,UPI
C11333,25,Female,Indore,2121,Basic,Android,UPI
C11334,31,Male,Indore,1854,Basic,Android,Wallet
C11335,36,Female,Lucknow,2060,Basic,Android,UPI
C11336,38,Male,Delhi,1445,Standard,Android,UPI
C11337,37,Male,Pune,883,Standard,iOS,UPI
C11338,30,Female,Kanpur,1997,Standard,Android,UPI
C11339,38,Female,Bengaluru,159,Basic,Android,Net Banking
C11340,42,Female,Mumbai,1798,Standard,iOS,Card
C11341,39,Male,Jaipur,2173,Standard,Android,Card
C11342,31,Male,Chennai,78,Standard,Web,UPI
C11343,23,Female,Pune,1448,Standard,Android,Net Banking
C11344,23,Male,Chandigarh,1930,Basic,Android,Wallet
C11345,25,Female,Pune,1533,Premium,Android,Wallet
C11346,33,Male,Hyderabad,2147,Basic,Android,Wallet
C11347,36,Male,Bengaluru,625,Premium,Android,Card
C11348,18,Female,Hyderabad,1415,Basic,Web,Card
C11349,26,Female,Mumbai,1806,Standard,Web,UPI
C11350,33,Male,Jaipur,180,Standard,Web,UPI
C11351,23,Female,Lucknow,1239,Basic,iOS,Card
C11352,35,Female,Bengaluru,2113,Standard,Android,UPI
C11353,28,Male,Bengaluru,1050,Basic,Web,Card
C11354,24,Male,Kanpur,1800,Basic,iOS,Card
C11355,31,Male,Mumbai,1638,Basic,Android,Card
C11356,35,Male,Chennai,615,Premium,iOS,UPI
C11357,23,Male,Hyderabad,837,Premium,iOS,Net Banking
C11358,29,Female,Kolkata,1094,Standard,iOS,UPI
C11359,35,Female,Delhi,961,Standard,iOS,Card
C11360,24,Male,Kolkata,1321,Basic,Web,UPI
C11361,18,Female,Hyderabad,1445,Basic,iOS,Net Banking
C11362,18,Female,Pune,926,Premium,Web,Card
C11363,27,Female,Mumbai,1417,Standard,iOS,Wallet
C11364,19,Female,Hyderabad,1460,Standard,Android,UPI
C11365,28,Male,Chennai,2137,Basic,iOS,Net Banking
C11366,46,Male,Delhi,1801,Standard,Android,UPI
C11367,19,Female,Delhi,1251,Premium,Android,UPI
C11368,28,Male,Delhi,413,Premium,iOS,UPI
C11369,50,Female,Bengaluru,726,Standard,Android,Card
C11370,35,Female,Mumbai,749,Basic,Android,Wallet
C11371,28,Male,Gurugram,653,Premium,iOS,Card
C11372,30,Male,Hyderabad,2083,Standard,Web,UPI
C11373,35,Female,Jaipur,1188,Basic,Android,UPI
C11374,46,Female,Indore,2176,Basic,iOS,UPI
C11375,26,Male,Mumbai,289,Standard,Android,UPI
C11376,24,Male,Kolkata,1577,Standard,iOS,Card
C11377,19,Female,Kanpur,1306,Premium,Web,UPI
C11378,32,Female,Kolkata,1685,Premium,Web,Card
C11379,18,Female,Hyderabad,876,Standard,Android,UPI
C11380,27,Male,Hyderabad,1156,Premium,iOS,UPI
C11381,23,Male,Mumbai,793,Basic,Web,UPI
C11382,41,Female,Chennai,1542,Basic,Android,UPI
C11383,26,Female,Chandigarh,447,Basic,Android,Card
C11384,35,Female,Indore,1462,Standard,iOS,Card
C11385,18,Male,Mumbai,1105,Premium,Android,Net Banking
C11386,32,Male,Ahmedabad,1760,Standard,iOS,UPI
C11387,20,Male,Bengaluru,111,Premium,Android,UPI
C11388,27,Male,Noida,425,Standard,Android,UPI
C11389,51,Female,Mumbai,1347,Standard,Android,Net Banking
C11390,39,Male,Gurugram,841,Basic,Android,Card
C11391,30,Female,Lucknow,649,Standard,Android,Wallet
C11392,60,Female,Mumbai,2054,Standard,Web,UPI
C11393,23,Male,Mumbai,1994,Standard,iOS,Card
C11394,41,Male,Lucknow,229,Basic,Android,Card
C11395,18,Female,Delhi,1172,Basic,iOS,UPI
C11396,29,Male,Chennai,1477,Premium,Android,UPI
C11397,19,Male,Noida,1723,Standard,Android,UPI
C11398,33,Male,Pune,469,Basic,Android,UPI
C11399,32,Male,Hyderabad,1877,Premium,Android,UPI
C11400,28,Female,Hyderabad,1452,Basic,Android,Card
C11401,41,Male,Mumbai,1937,Basic,iOS,UPI
C11402,26,Female,Indore,1506,Standard,Web,Card
C11403,34,Female,Bengaluru,1919,Basic,Android,UPI
C11404,38,Female,Delhi,94,Standard,Android,UPI
C11405,18,Female,Bengaluru,519,Standard,iOS,Card
C11406,24,Male,Indore,1184,Standard,iOS,UPI
C11407,31,Male,Mumbai,688,Basic,Android,UPI
C11408,37,Male,Kanpur,459,Basic,iOS,Card
C11409,44,Male,Ahmedabad,1566,Premium,Web,UPI
C11410,29,Male,Lucknow,2184,Standard,Android,UPI
C11411,28,Male,Indore,1196,Premium,Android,UPI
C11412,23,Female,Lucknow,1350,Standard,iOS,UPI
C11413,34,Female,Gurugram,1352,Basic,Android,Card
C11414,28,Male,Mumbai,934,Basic,Android,UPI
C11415,29,Male,Jaipur,1500,Basic,Web,UPI
C11416,30,Female,Chennai,1780,Standard,iOS,Card
C11417,36,Male,Chennai,277,Standard,iOS,Wallet
C11418,26,Female,Kanpur,627,Standard,iOS,UPI
C11419,24,Female,Indore,395,Standard,Android,Card
C11420,35,Female,Ahmedabad,1749,Basic,iOS,UPI
C11421,18,Female,Chennai,1414,Premium,Web,UPI
C11422,26,Female,Hyderabad,1487,Standard,iOS,Card
C11423,21,Male,Hyderabad,1387,Standard,Android,UPI
C11424,42,Male,Bengaluru,1185,Basic,iOS,UPI
C11425,27,Female,Hyderabad,1803,Basic,iOS,UPI
C11426,26,Female,Mumbai,371,Standard,Android,UPI
C11427,31,Male,Mumbai,1535,Basic,Android,Wallet
C11428,26,Female,Jaipur,1840,Premium,Android,Wallet
C11429,27,Male,Hyderabad,480,Standard,Android,UPI
C11430,32,Male,Noida,1569,Standard,Android,Net Banking
C11431,27,Male,Pune,182,Basic,Android,UPI
C11432,27,Female,Mumbai,384,Premium,Android,UPI
C11433,22,Male,Delhi,878,Premium,Android,UPI
C11434,21,Male,Delhi,2199,Basic,iOS,Net Banking
C11435,32,Male,Indore,835,Standard,iOS,Card
C11436,34,Male,Delhi,960,Premium,iOS,Wallet
C11437,18,Male,Chennai,1695,Basic,iOS,Card
C11438,38,Female,Gurugram,1762,Basic,Android,UPI
C11439,38,Male,Indore,1487,Premium,iOS,Net Banking
C11440,40,Male,Delhi,95,Standard,iOS,UPI
C11441,34,Male,Mumbai,1922,Premium,iOS,Net Banking
C11442,37,Male,Delhi,596,Basic,iOS,UPI
C11443,51,Male,Mumbai,1124,Standard,Android,UPI
C11444,28,Female,Delhi,1617,Standard,iOS,Net Banking
C11445,22,Female,Pune,656,Standard,iOS,UPI
C11446,18,Male,Noida,1517,Premium,Android,Net Banking
C11447,47,Female,Chennai,1124,Standard,Android,UPI
C11448,47,Female,Pune,369,Premium,Android,Card
C11449,23,Male,Delhi,497,Basic,Android,Card
C11450,24,Male,Jaipur,1685,Premium,Web,UPI
C11451,28,Male,Pune,161,Standard,iOS,Net Banking
C11452,42,Female,Kanpur,858,Basic,Android,UPI
C11453,19,Female,Gurugram,1114,Basic,Android,Net Banking
C11454,18,Male,Bengaluru,863,Basic,iOS,Wallet
C11455,51,Male,Mumbai,927,Basic,iOS,Card
C11456,34,Female,Delhi,2138,Premium,Android,Wallet
C11457,35,Male,Hyderabad,99,Premium,Android,Card
C11458,29,Male,Gurugram,2159,Basic,Web,Wallet
C11459,35,Male,Hyderabad,1595,Basic,Android,Card
C11460,18,Male,Jaipur,2021,Basic,Android,Card
C11461,23,Female,Chennai,1428,Standard,Android,Wallet
C11462,32,Male,Delhi,2078,Standard,iOS,UPI
C11463,18,Male,Bengaluru,190,Standard,iOS,UPI
C11464,28,Female,Kolkata,1588,Standard,Android,Net Banking
C11465,28,Female,Kolkata,1570,Premium,Android,Card
C11466,28,Female,Hyderabad,2051,Basic,Web,UPI
C11467,26,Male,Delhi,209,Basic,Android,UPI
C11468,22,Male,Ahmedabad,1132,Standard,Android,Card
C11469,18,Female,Delhi,1153,Premium,Android,UPI
C11470,32,Female,Gurugram,234,Standard,Android,UPI
C11471,28,Male,Delhi,1380,Premium,Web,UPI
C11472,19,Female,Mumbai,1073,Premium,Android,UPI
C11473,32,Female,Chennai,1112,Basic,Android,Net Banking
C11474,28,Male,Chennai,1510,Standard,Android,UPI
C11475,27,Male,Chennai,1651,Premium,Android,Net Banking
C11476,18,Male,Hyderabad,1467,Basic,Android,UPI
C11477,37,Female,Chandigarh,866,Standard,Web,Wallet
C11478,20,Male,Chennai,2120,Basic,Android,Card
C11479,32,Male,Chennai,492,Standard,Android,UPI
C11480,24,Male,Hyderabad,767,Basic,Android,UPI
C11481,28,Female,Mumbai,1085,Basic,Web,Net Banking
C11482,41,Male,Pune,708,Standard,Web,Card
C11483,36,Male,Delhi,772,Standard,Web,UPI
C11484,41,Female,Kolkata,2041,Basic,Android,Wallet
C11485,34,Female,Mumbai,358,Basic,iOS,UPI
C11486,35,Female,Chandigarh,1140,Premium,iOS,UPI
C11487,18,Male,Hyderabad,1052,Premium,Android,UPI
C11488,28,Female,Kanpur,218,Standard,iOS,Net Banking
C11489,29,Male,Chennai,467,Basic,iOS,UPI
C11490,42,Female,Mumbai,621,Standard,iOS,Net Banking
C11491,26,Male,Lucknow,1050,Standard,Android,UPI
C11492,33,Male,Kolkata,933,Basic,Android,UPI
C11493,33,Male,Jaipur,1315,Basic,Android,UPI
C11494,41,Male,Hyderabad,847,Basic,Android,Net Banking
C11495,30,Male,Kolkata,1727,Basic,Android,UPI
C11496,38,Male,Lucknow,825,Standard,iOS,Wallet
C11497,18,Male,Pune,1881,Basic,Android,UPI
C11498,18,Male,Bengaluru,2199,Standard,Android,Wallet
C11499,18,Male,Kolkata,1479,Standard,Android,UPI
C11500,38,Male,Kolkata,251,Standard,Android,UPI
C11501,37,Female,Indore,1968,Standard,Android,UPI
C11502,39,Male,Bengaluru,1802,Standard,iOS,UPI
C11503,25,Male,Hyderabad,1240,Basic,iOS,Net Banking
C11504,26,Male,Lucknow,767,Basic,Android,UPI
C11505,30,Male,Chennai,1571,Standard,iOS,Net Banking
C11506,44,Male,Ahmedabad,1365,Standard,Android,Card
C11507,46,Male,Hyderabad,1701,Basic,Android,Card
C11508,38,Female,Delhi,1430,Standard,iOS,UPI
C11509,34,Male,Ahmedabad,1819,Basic,Web,Wallet
C11510,43,Female,Mumbai,2129,Basic,Android,Net Banking
C11511,29,Female,Delhi,1661,Standard,iOS,Net Banking
C11512,27,Male,Pune,719,Standard,Android,UPI
C11513,30,Female,Ahmedabad,1988,Standard,iOS,UPI
C11514,22,Female,Kanpur,1824,Basic,iOS,Net Banking
C11515,29,Female,Bengaluru,1056,Standard,Android,Card
C11516,21,Other,Mumbai,159,Basic,iOS,UPI
C11517,40,Male,Indore,2099,Standard,iOS,UPI
C11518,36,Other,Delhi,1202,Standard,Web,UPI
C11519,44,Female,Delhi,898,Standard,Android,Card
C11520,18,Female,Bengaluru,1347,Standard,Web,UPI
C11521,48,Female,Chennai,182,Basic,iOS,UPI
C11522,18,Female,Kanpur,1821,Basic,Android,UPI
C11523,20,Female,Ahmedabad,425,Basic,Android,UPI
C11524,25,Female,Ahmedabad,589,Premium,Web,UPI
C11525,43,Female,Delhi,1241,Premium,iOS,UPI
C11526,33,Male,Bengaluru,1471,Standard,Android,Card
C11527,29,Female,Chennai,61,Standard,Android,Wallet
C11528,24,Male,Delhi,1290,Basic,Android,UPI
C11529,19,Female,Bengaluru,371,Standard,Android,Net Banking
C11530,41,Male,Bengaluru,2100,Basic,Android,Card
C11531,38,Male,Mumbai,841,Basic,iOS,Wallet
C11532,43,Male,Chennai,1094,Standard,Android,UPI
C11533,35,Male,Ahmedabad,1384,Basic,Android,Card
C11534,18,Female,Mumbai,370,Standard,Android,UPI
C11535,20,Female,Chennai,389,Standard,Android,Wallet
C11536,35,Male,Jaipur,2111,Standard,iOS,UPI
C11537,28,Male,Ahmedabad,1277,Standard,Android,UPI
C11538,26,Male,Lucknow,522,Basic,Web,Net Banking
C11539,21,Male,Hyderabad,1469,Standard,iOS,UPI
C11540,40,Male,Lucknow,1967,Standard,iOS,Net Banking
C11541,35,Other,Delhi,1687,Standard,Android,UPI
C11542,36,Female,Bengaluru,898,Premium,iOS,UPI
C11543,25,Female,Delhi,1463,Premium,iOS,UPI
C11544,33,Male,Hyderabad,1973,Standard,Web,Card
C11545,19,Male,Hyderabad,572,Premium,iOS,Card
C11546,30,Female,Delhi,1744,Basic,Web,Net Banking
C11547,18,Female,Ahmedabad,2194,Premium,Web,Card
C11548,18,Male,Bengaluru,779,Premium,Web,Card
C11549,28,Male,Bengaluru,1957,Basic,iOS,Card
C11550,52,Male,Mumbai,78,Standard,Android,UPI
C11551,18,Female,Hyderabad,840,Standard,iOS,Card
C11552,20,Female,Bengaluru,629,Standard,Web,Wallet
C11553,33,Male,Bengaluru,93,Basic,Web,Wallet
C11554,47,Female,Delhi,1337,Standard,Web,UPI
C11555,33,Male,Jaipur,1177,Standard,Android,UPI
C11556,37,Male,Noida,852,Basic,iOS,Card
C11557,28,Female,Chennai,1907,Premium,Android,Card
C11558,26,Male,Kolkata,568,Standard,iOS,UPI
C11559,32,Female,Kanpur,1813,Basic,Android,Wallet
C11560,25,Male,Chandigarh,1409,Premium,Android,UPI
C11561,38,Male,Pune,1977,Basic,Android,UPI
C11562,18,Male,Kanpur,45,Basic,Android,Card
C11563,39,Male,Noida,2133,Basic,Android,Card
C11564,31,Female,Jaipur,34,Premium,iOS,Net Banking
C11565,29,Male,Hyderabad,1577,Premium,Android,UPI
C11566,18,Female,Mumbai,1662,Standard,iOS,UPI
C11567,22,Other,Mumbai,382,Basic,Android,Wallet
C11568,42,Female,Chennai,106,Standard,Android,UPI
C11569,29,Male,Chennai,109,Standard,Android,UPI
C11570,34,Female,Hyderabad,310,Standard,Android,Card
C11571,23,Female,Pune,358,Basic,iOS,Wallet
C11572,31,Female,Chennai,2128,Basic,iOS,Wallet
C11573,19,Female,Lucknow,466,Premium,iOS,Wallet
C11574,32,Female,Mumbai,1777,Standard,iOS,UPI
C11575,34,Female,Delhi,163,Basic,iOS,Net Banking
C11576,34,Male,Jaipur,1449,Premium,iOS,UPI
C11577,23,Female,Lucknow,1013,Basic,Android,UPI
C11578,28,Female,Chandigarh,1202,Standard,Android,UPI
C11579,36,Male,Kanpur,1731,Basic,Web,UPI
C11580,29,Male,Kanpur,485,Premium,Android,UPI
C11581,28,Female,Bengaluru,39,Basic,Web,Net Banking
C11582,48,Female,Hyderabad,509,Premium,Web,Wallet
C11583,22,Male,Bengaluru,1773,Standard,Android,UPI
C11584,41,Male,Pune,1313,Basic,Web,UPI
C11585,21,Male,Gurugram,2037,Basic,Android,UPI
C11586,37,Male,Bengaluru,1840,Standard,iOS,Card
C11587,37,Male,Pune,359,Basic,iOS,Net Banking
C11588,26,Male,Bengaluru,155,Basic,Web,Card
C11589,20,Other,Delhi,76,Standard,Android,UPI
C11590,18,Male,Delhi,440,Basic,Android,Wallet
C11591,25,Male,Mumbai,1070,Standard,Android,UPI
C11592,36,Male,Gurugram,65,Standard,Android,Card
C11593,21,Male,Hyderabad,1914,Basic,Android,UPI
C11594,32,Female,Lucknow,1068,Basic,Android,Card
C11595,18,Female,Kolkata,1628,Basic,iOS,UPI
C11596,29,Female,Delhi,1923,Premium,Android,UPI
C11597,21,Female,Delhi,105,Basic,Android,Card
C11598,30,Male,Lucknow,971,Standard,Android,UPI
C11599,26,Male,Bengaluru,1490,Standard,Web,Card
C11600,20,Female,Noida,2192,Standard,iOS,Card
C11601,25,Female,Delhi,1804,Basic,Android,UPI
C11602,23,Female,Kolkata,500,Basic,Android,UPI
C11603,19,Male,Lucknow,618,Standard,Android,Net Banking
C11604,41,Male,Delhi,1764,Standard,Android,UPI
C11605,28,Female,Bengaluru,1447,Standard,iOS,UPI
C11606,18,Female,Indore,571,Basic,Android,UPI
C11607,25,Male,Bengaluru,1101,Standard,Android,UPI
C11608,39,Male,Hyderabad,2045,Basic,Android,UPI
C11609,24,Male,Hyderabad,476,Standard,Web,Card
C11610,44,Female,Delhi,745,Standard,Android,Card
C11611,23,Female,Jaipur,1986,Basic,iOS,UPI
C11612,36,Male,Jaipur,1490,Premium,Web,UPI
C11613,40,Female,Hyderabad,513,Standard,Web,Wallet
C11614,35,Male,Lucknow,652,Basic,Android,Net Banking
C11615,19,Male,Delhi,1853,Basic,Android,UPI
C11616,23,Female,Mumbai,638,Standard,iOS,Card
C11617,42,Male,Pune,1552,Standard,Web,Wallet
C11618,24,Male,Chandigarh,1105,Basic,iOS,Wallet
C11619,40,Male,Mumbai,509,Basic,Web,UPI
C11620,27,Female,Delhi,829,Standard,iOS,Card
C11621,32,Male,Chennai,1573,Basic,Android,Card
C11622,19,Female,Jaipur,1770,Basic,Android,Card
C11623,26,Male,Mumbai,86,Standard,Web,Wallet
C11624,23,Male,Hyderabad,1995,Standard,Android,UPI
C11625,33,Female,Ahmedabad,542,Basic,iOS,UPI
C11626,32,Male,Bengaluru,1437,Basic,Android,Card
C11627,35,Male,Delhi,649,Basic,Android,Wallet
C11628,27,Male,Delhi,610,Basic,iOS,Net Banking
C11629,23,Female,Hyderabad,1959,Premium,Android,UPI
C11630,33,Male,Chennai,1551,Basic,Web,Net Banking
C11631,22,Male,Kanpur,2016,Basic,Android,UPI
C11632,41,Female,Kolkata,75,Premium,iOS,Wallet
C11633,30,Female,Kolkata,618,Premium,Android,Card
C11634,28,Male,Chandigarh,135,Standard,Android,UPI
C11635,35,Male,Hyderabad,1060,Basic,Android,UPI
C11636,30,Male,Hyderabad,1031,Standard,Android,UPI
C11637,18,Male,Noida,2160,Standard,iOS,UPI
C11638,21,Female,Delhi,531,Standard,Android,UPI
C11639,41,Male,Ahmedabad,1475,Basic,Android,Net Banking
C11640,32,Male,Ahmedabad,2187,Basic,Web,UPI
C11641,18,Female,Mumbai,181,Basic,iOS,Wallet
C11642,34,Male,Hyderabad,996,Standard,Web,UPI
C11643,26,Male,Delhi,879,Basic,iOS,Card
C11644,23,Female,Delhi,87,Standard,Android,Card
C11645,21,Male,Hyderabad,944,Standard,Android,UPI
C11646,40,Male,Bengaluru,580,Premium,Web,UPI
C11647,18,Male,Jaipur,694,Premium,Android,Card
C11648,23,Female,Noida,491,Standard,Android,UPI
C11649,32,Female,Jaipur,1158,Basic,Android,UPI
C11650,45,Male,Bengaluru,894,Premium,Android,Card
C11651,36,Male,Bengaluru,1627,Basic,Web,UPI
C11652,23,Female,Delhi,796,Basic,Android,UPI
C11653,45,Male,Mumbai,1530,Standard,Android,UPI
C11654,19,Female,Gurugram,1174,Standard,iOS,Card
C11655,33,Male,Hyderabad,792,Basic,Web,Wallet
C11656,35,Male,Delhi,1817,Basic,Web,UPI
C11657,23,Female,Lucknow,1628,Basic,iOS,UPI
C11658,37,Male,Hyderabad,1171,Standard,Android,UPI
C11659,26,Male,Mumbai,1188,Standard,Android,Wallet
C11660,37,Female,Delhi,1687,Standard,Android,Net Banking
C11661,18,Male,Kolkata,1699,Standard,Android,UPI
C11662,34,Female,Jaipur,1575,Standard,Web,UPI
C11663,27,Female,Delhi,277,Basic,Web,Card
C11664,41,Male,Noida,529,Standard,Android,Card
C11665,31,Male,Lucknow,908,Standard,Android,Card
C11666,42,Female,Lucknow,1278,Standard,Web,UPI
C11667,36,Male,Delhi,886,Standard,Android,UPI
C11668,30,Female,Mumbai,1828,Basic,Android,UPI
C11669,38,Female,Kanpur,793,Premium,Android,Card
C11670,38,Male,Bengaluru,1210,Standard,Android,UPI
C11671,35,Male,Pune,1544,Premium,Android,UPI
C11672,18,Male,Ahmedabad,849,Standard,iOS,Net Banking
C11673,22,Female,Mumbai,1238,Standard,Android,Net Banking
C11674,43,Female,Jaipur,1607,Basic,Android,Net Banking
C11675,20,Female,Gurugram,867,Standard,Android,Card
C11676,39,Male,Ahmedabad,2136,Standard,Android,Card
C11677,37,Male,Hyderabad,1193,Premium,Android,UPI
C11678,24,Female,Kanpur,1736,Premium,Android,UPI
C11679,18,Male,Chennai,1558,Standard,Android,Card
C11680,26,Male,Ahmedabad,1797,Premium,Android,UPI
C11681,50,Female,Lucknow,1495,Premium,Web,UPI
C11682,23,Female,Ahmedabad,1199,Premium,Android,Card
C11683,24,Male,Bengaluru,1680,Basic,iOS,UPI
C11684,22,Female,Mumbai,1042,Basic,Web,Card
C11685,42,Female,Delhi,1877,Premium,Android,UPI
C11686,29,Female,Chennai,1118,Standard,Android,Net Banking
C11687,25,Male,Chennai,1634,Standard,Android,Wallet
C11688,44,Male,Pune,478,Basic,Web,Card
C11689,36,Male,Hyderabad,420,Basic,Android,UPI
C11690,23,Female,Jaipur,1255,Basic,Android,UPI
C11691,20,Male,Noida,1867,Basic,Android,Net Banking
C11692,41,Female,Delhi,1622,Standard,Android,UPI
C11693,31,Male,Ahmedabad,750,Standard,iOS,Net Banking
C11694,18,Other,Kolkata,1887,Standard,iOS,UPI
C11695,18,Male,Chennai,1475,Basic,Android,Net Banking
C11696,21,Female,Delhi,1237,Basic,Android,UPI
C11697,20,Male,Jaipur,2180,Standard,iOS,Card
C11698,18,Female,Indore,1720,Basic,Web,UPI
C11699,21,Female,Ahmedabad,669,Premium,Android,Wallet
C11700,23,Male,Noida,171,Standard,iOS,Card
C11701,27,Female,Chandigarh,616,Basic,Web,Card
C11702,46,Female,Bengaluru,413,Standard,Android,UPI
C11703,29,Male,Kolkata,425,Standard,Android,Card
C11704,29,Male,Hyderabad,1164,Basic,Android,UPI
C11705,36,Male,Chandigarh,2165,Standard,Android,UPI
C11706,29,Female,Mumbai,1438,Basic,Android,UPI
C11707,35,Male,Hyderabad,956,Basic,iOS,UPI
C11708,34,Female,Kanpur,568,Basic,Web,Net Banking
C11709,32,Male,Bengaluru,1730,Standard,iOS,UPI
C11710,56,Female,Jaipur,1220,Standard,Web,Net Banking
C11711,39,Female,Hyderabad,136,Standard,Web,UPI
C11712,21,Male,Indore,1041,Standard,iOS,UPI
C11713,34,Female,Kanpur,421,Basic,Web,Card
C11714,24,Male,Bengaluru,1110,Standard,Web,Wallet
C11715,35,Female,Jaipur,167,Standard,Android,UPI
C11716,19,Female,Bengaluru,493,Standard,Web,Card
C11717,21,Female,Pune,1799,Standard,Web,Card
C11718,34,Female,Kolkata,396,Basic,Android,Net Banking
C11719,40,Female,Lucknow,261,Standard,iOS,Net Banking
C11720,36,Female,Mumbai,509,Standard,Android,UPI
C11721,39,Female,Delhi,2033,Premium,Android,Net Banking
C11722,34,Male,Ahmedabad,2087,Standard,iOS,Wallet
C11723,33,Male,Pune,1470,Standard,Android,UPI
C11724,26,Female,Chennai,1723,Basic,iOS,Card
C11725,38,Female,Mumbai,2003,Basic,Android,UPI
C11726,40,Female,Bengaluru,672,Basic,Android,UPI
C11727,30,Female,Kanpur,917,Basic,iOS,UPI
C11728,30,Male,Mumbai,90,Basic,Web,UPI
C11729,45,Female,Hyderabad,1170,Standard,Android,Card
C11730,31,Male,Gurugram,2039,Basic,Android,Net Banking
C11731,32,Male,Mumbai,89,Basic,Android,UPI
C11732,35,Female,Ahmedabad,1573,Standard,Android,UPI
C11733,30,Female,Bengaluru,1041,Standard,Android,UPI
C11734,24,Female,Kanpur,2124,Basic,Android,Card
C11735,34,Female,Ahmedabad,1311,Premium,iOS,UPI
C11736,31,Male,Kanpur,909,Premium,Android,Card
C11737,48,Female,Delhi,248,Premium,iOS,UPI
C11738,38,Female,Chennai,1247,Standard,Android,Card
C11739,26,Female,Jaipur,2159,Standard,Web,Card
C11740,38,Male,Delhi,57,Basic,Android,Net Banking
C11741,34,Female,Delhi,39,Standard,Android,Card
C11742,43,Male,Mumbai,1962,Basic,Android,Net Banking
C11743,26,Female,Indore,610,Basic,Android,UPI
C11744,33,Female,Ahmedabad,1348,Premium,Web,Card
C11745,30,Male,Kolkata,1365,Standard,Android,UPI
C11746,32,Male,Ahmedabad,1071,Basic,Android,Wallet
C11747,23,Female,Chennai,1109,Basic,iOS,UPI
C11748,36,Male,Chennai,1522,Standard,Android,Card
C11749,35,Female,Hyderabad,549,Standard,iOS,Net Banking
C11750,43,Female,Kolkata,419,Premium,Android,UPI
C11751,31,Female,Delhi,2171,Basic,Web,UPI
C11752,27,Male,Kanpur,48,Basic,Web,UPI
C11753,38,Male,Jaipur,439,Basic,Android,UPI
C11754,24,Male,Bengaluru,1612,Standard,Android,Card
C11755,41,Male,Pune,1263,Standard,iOS,UPI
C11756,41,Male,Delhi,729,Standard,iOS,UPI
C11757,42,Male,Indore,281,Standard,iOS,UPI
C11758,34,Female,Noida,826,Basic,Android,UPI
C11759,27,Male,Noida,151,Basic,Android,UPI
C11760,32,Male,Bengaluru,1231,Basic,iOS,Card
C11761,34,Female,Delhi,1088,Standard,Android,UPI
C11762,26,Female,Delhi,2025,Standard,Android,Net Banking
C11763,43,Male,Mumbai,1776,Premium,Android,UPI
C11764,36,Female,Mumbai,1049,Basic,Android,UPI
C11765,23,Female,Mumbai,1182,Premium,iOS,UPI
C11766,48,Male,Chandigarh,1525,Basic,Android,UPI
C11767,32,Male,Mumbai,667,Basic,Android,Wallet
C11768,21,Female,Mumbai,1334,Basic,Web,Card
C11769,24,Female,Lucknow,66,Basic,Android,UPI
C11770,44,Male,Pune,2067,Basic,iOS,Wallet
C11771,47,Male,Jaipur,2070,Basic,Web,Card
C11772,40,Male,Pune,1960,Standard,iOS,Card
C11773,43,Female,Kanpur,489,Standard,Android,UPI
C11774,42,Female,Kolkata,1740,Standard,Android,UPI
C11775,36,Female,Chennai,1276,Standard,Android,UPI
C11776,34,Male,Ahmedabad,2163,Standard,Android,UPI
C11777,36,Male,Hyderabad,63,Premium,Android,Wallet
C11778,38,Male,Bengaluru,892,Basic,Android,UPI
C11779,24,Female,Hyderabad,240,Premium,Android,UPI
C11780,38,Male,Delhi,2082,Basic,Android,Card
C11781,44,Female,Jaipur,399,Standard,Android,Card
C11782,29,Female,Bengaluru,114,Standard,Android,UPI
C11783,28,Male,Delhi,273,Basic,iOS,UPI
C11784,35,Male,Delhi,2124,Basic,Web,UPI
C11785,25,Male,Lucknow,1181,Standard,iOS,UPI
C11786,19,Female,Bengaluru,263,Standard,Web,Card
C11787,41,Male,Kolkata,891,Premium,Android,UPI
C11788,27,Female,Lucknow,953,Basic,iOS,Net Banking
C11789,31,Female,Mumbai,1768,Basic,Android,UPI
C11790,26,Female,Jaipur,506,Standard,Android,Net Banking
C11791,42,Female,Bengaluru,282,Basic,iOS,Wallet
C11792,39,Male,Delhi,1657,Basic,iOS,Card
C11793,29,Female,Kolkata,965,Basic,Android,Card
C11794,20,Female,Noida,299,Standard,Android,UPI
C11795,28,Female,Bengaluru,959,Basic,iOS,UPI
C11796,36,Male,Pune,954,Basic,Android,Card
C11797,33,Male,Bengaluru,530,Basic,Android,UPI
C11798,32,Male,Chennai,465,Standard,Android,Card
C11799,33,Female,Pune,238,Basic,Android,UPI
C11800,38,Female,Pune,1853,Standard,Android,UPI
C11801,31,Female,Pune,53,Premium,Android,UPI
C11802,35,Male,Mumbai,1132,Basic,Android,Wallet
C11803,22,Female,Kolkata,70,Basic,iOS,Card
C11804,54,Male,Kolkata,1774,Basic,iOS,Card
C11805,28,Male,Kolkata,895,Premium,Android,Card
C11806,33,Male,Mumbai,2159,Standard,Android,Net Banking
C11807,36,Male,Hyderabad,147,Standard,Web,UPI
C11808,27,Female,Hyderabad,750,Premium,Web,Wallet
C11809,31,Female,Mumbai,886,Premium,Web,UPI
C11810,31,Female,Delhi,179,Premium,iOS,Card
C11811,23,Female,Hyderabad,979,Basic,Web,Net Banking
C11812,35,Male,Ahmedabad,1026,Standard,Android,Net Banking
C11813,18,Male,Delhi,996,Premium,Android,UPI
C11814,47,Male,Lucknow,1187,Standard,Android,UPI
C11815,38,Male,Chennai,445,Standard,Android,UPI
C11816,37,Female,Ahmedabad,548,Premium,Android,UPI
C11817,18,Female,Hyderabad,1112,Standard,iOS,Card
C11818,24,Female,Chennai,1427,Standard,Android,Card
C11819,44,Female,Pune,881,Standard,Android,UPI
C11820,68,Male,Noida,1021,Basic,Web,UPI
C11821,42,Male,Chennai,2177,Basic,iOS,Card
C11822,40,Male,Chennai,1431,Standard,Android,UPI
C11823,36,Male,Pune,128,Premium,Android,UPI
C11824,23,Male,Ahmedabad,812,Premium,Android,Card
C11825,40,Male,Mumbai,146,Basic,Android,UPI
C11826,21,Other,Chennai,1929,Standard,Android,Net Banking
C11827,20,Male,Chennai,1819,Basic,iOS,Card
C11828,20,Male,Noida,1040,Standard,Web,UPI
C11829,40,Female,Chennai,607,Premium,Android,UPI
C11830,30,Male,Hyderabad,1590,Premium,Android,UPI
C11831,32,Female,Indore,428,Standard,Android,Net Banking
C11832,31,Female,Hyderabad,1701,Standard,iOS,UPI
C11833,21,Male,Delhi,1927,Basic,Android,Card
C11834,25,Female,Delhi,420,Standard,iOS,Card
C11835,25,Female,Mumbai,1186,Basic,Android,UPI
C11836,18,Female,Mumbai,365,Basic,Android,UPI
C11837,26,Male,Hyderabad,1366,Standard,iOS,UPI
C11838,21,Male,Jaipur,1494,Basic,Android,Net Banking
C11839,36,Male,Ahmedabad,47,Standard,iOS,Wallet
C11840,37,Male,Mumbai,2080,Standard,Android,Wallet
C11841,19,Female,Pune,595,Basic,iOS,UPI
C11842,28,Male,Delhi,1035,Basic,Web,Card
C11843,48,Male,Gurugram,592,Basic,Android,Card
C11844,22,Female,Delhi,1994,Basic,Android,Wallet
C11845,35,Male,Pune,1681,Standard,iOS,Card
C11846,32,Male,Bengaluru,2177,Standard,Android,UPI
C11847,41,Female,Kolkata,866,Standard,Android,UPI
C11848,34,Male,Hyderabad,1250,Standard,Android,Net Banking
C11849,27,Female,Ahmedabad,1283,Standard,iOS,Card
C11850,32,Male,Delhi,529,Standard,iOS,UPI
C11851,32,Male,Noida,2052,Standard,Android,Wallet
C11852,30,Female,Chennai,1905,Standard,iOS,Card
C11853,19,Male,Ahmedabad,2166,Basic,iOS,UPI
C11854,42,Male,Lucknow,1022,Basic,Android,UPI
C11855,41,Female,Chandigarh,306,Basic,Android,UPI
C11856,22,Male,Delhi,374,Standard,Android,Card
C11857,28,Male,Bengaluru,1236,Standard,Web,Card
C11858,29,Male,Delhi,1806,Premium,Android,Wallet
C11859,21,Male,Bengaluru,1547,Basic,Android,UPI
C11860,18,Female,Pune,1619,Basic,Android,UPI
C11861,25,Female,Chandigarh,1727,Basic,Android,UPI
C11862,28,Male,Chandigarh,1858,Standard,Android,UPI
C11863,18,Female,Chennai,2026,Standard,Android,Card
C11864,33,Female,Kolkata,817,Standard,Android,Card
C11865,41,Male,Lucknow,1610,Standard,Android,Wallet
C11866,39,Male,Gurugram,634,Basic,iOS,Card
C11867,30,Male,Delhi,1527,Standard,iOS,UPI
C11868,18,Male,Chennai,150,Standard,iOS,UPI
C11869,37,Male,Lucknow,147,Standard,Android,Card
C11870,32,Male,Bengaluru,463,Basic,Web,Card
C11871,35,Female,Hyderabad,1212,Standard,Android,UPI
C11872,48,Male,Chandigarh,2005,Standard,iOS,Net Banking
C11873,24,Female,Chandigarh,1329,Premium,iOS,Wallet
C11874,18,Female,Noida,1248,Basic,Android,Card
C11875,22,Female,Jaipur,1541,Premium,Android,UPI
C11876,35,Male,Bengaluru,1953,Premium,iOS,UPI
C11877,31,Male,Bengaluru,1295,Basic,iOS,Card
C11878,20,Male,Chennai,1631,Standard,Web,UPI
C11879,18,Female,Pune,918,Basic,iOS,UPI
C11880,28,Female,Chennai,2189,Basic,Web,Card
C11881,20,Female,Kolkata,1087,Standard,iOS,UPI
C11882,36,Female,Hyderabad,1967,Basic,Android,UPI
C11883,27,Female,Ahmedabad,2129,Basic,Web,UPI
C11884,25,Male,Bengaluru,1945,Standard,iOS,UPI
C11885,24,Female,Bengaluru,744,Premium,Android,UPI
C11886,33,Male,Mumbai,840,Basic,iOS,Net Banking
C11887,31,Female,Delhi,1732,Basic,Android,UPI
C11888,33,Male,Lucknow,2045,Basic,Web,UPI
C11889,33,Male,Hyderabad,1348,Basic,iOS,UPI
C11890,30,Male,Delhi,1716,Premium,Android,UPI
C11891,22,Female,Ahmedabad,993,Standard,Web,UPI
C11892,24,Male,Chennai,1889,Standard,Android,UPI
C11893,27,Female,Mumbai,929,Basic,Android,Net Banking
C11894,50,Male,Bengaluru,1379,Premium,Android,Wallet
C11895,19,Female,Delhi,1195,Standard,Android,UPI
C11896,27,Male,Kolkata,1844,Premium,Android,UPI
C11897,32,Male,Bengaluru,1765,Standard,iOS,Card
C11898,28,Male,Mumbai,1851,Premium,Android,Card
C11899,41,Male,Mumbai,295,Standard,Web,UPI
C11900,28,Female,Pune,562,Premium,Android,Net Banking
C11901,29,Male,Mumbai,2006,Basic,Android,UPI
C11902,38,Female,Lucknow,312,Standard,Android,Wallet
C11903,47,Female,Delhi,1709,Standard,Android,Net Banking
C11904,44,Female,Pune,1406,Standard,iOS,Wallet
C11905,30,Female,Hyderabad,787,Standard,Web,UPI
C11906,31,Female,Hyderabad,112,Basic,Android,UPI
C11907,31,Male,Mumbai,52,Premium,Android,UPI
C11908,32,Female,Jaipur,1966,Standard,Android,Card
C11909,23,Male,Kanpur,258,Basic,iOS,UPI
C11910,39,Female,Mumbai,1646,Standard,Android,UPI
C11911,33,Male,Delhi,343,Standard,Android,UPI
C11912,31,Female,Noida,891,Basic,iOS,UPI
C11913,20,Female,Chennai,254,Basic,iOS,Net Banking
C11914,32,Male,Delhi,1412,Standard,Android,Wallet
C11915,18,Male,Delhi,253,Standard,iOS,UPI
C11916,26,Other,Kolkata,1389,Basic,iOS,UPI
C11917,26,Female,Ahmedabad,2113,Basic,Android,Card
C11918,34,Male,Pune,1639,Standard,iOS,UPI
C11919,48,Male,Gurugram,1458,Basic,Android,UPI
C11920,36,Male,Chennai,1996,Premium,Android,UPI
C11921,44,Female,Bengaluru,1810,Standard,Android,UPI
C11922,37,Female,Chennai,1620,Premium,iOS,UPI
C11923,41,Female,Bengaluru,1251,Basic,Android,Card
C11924,48,Male,Delhi,876,Basic,iOS,Wallet
C11925,24,Female,Mumbai,1374,Standard,Android,Net Banking
C11926,24,Female,Bengaluru,261,Basic,Android,Card
C11927,37,Male,Ahmedabad,1941,Basic,Web,UPI
C11928,31,Male,Mumbai,1950,Basic,Android,Wallet
C11929,33,Male,Hyderabad,598,Standard,iOS,Card
C11930,29,Male,Kolkata,1672,Basic,iOS,UPI
C11931,26,Female,Pune,1537,Basic,Web,UPI
C11932,46,Male,Jaipur,1883,Basic,iOS,Card
C11933,21,Female,Jaipur,1981,Standard,iOS,Card
C11934,37,Female,Ahmedabad,1643,Basic,iOS,Card
C11935,36,Female,Mumbai,2061,Standard,Web,UPI
C11936,18,Female,Hyderabad,735,Standard,Web,UPI
C11937,24,Male,Pune,993,Standard,Android,Card
C11938,25,Male,Delhi,353,Premium,iOS,UPI
C11939,36,Female,Mumbai,1889,Premium,Android,UPI
C11940,28,Female,Delhi,632,Basic,Android,UPI
C11941,30,Female,Hyderabad,1123,Basic,iOS,Net Banking
C11942,18,Female,Hyderabad,383,Standard,Android,UPI
C11943,52,Male,Delhi,589,Standard,iOS,UPI
C11944,32,Male,Lucknow,1494,Basic,Android,Net Banking
C11945,35,Female,Noida,574,Premium,iOS,UPI
C11946,26,Female,Delhi,1148,Premium,Android,UPI
C11947,25,Male,Noida,1010,Premium,Android,UPI
C11948,48,Male,Mumbai,1364,Basic,iOS,Net Banking
C11949,18,Male,Noida,589,Standard,iOS,UPI
C11950,34,Female,Gurugram,1081,Standard,iOS,UPI
C11951,20,Male,Mumbai,95,Basic,iOS,UPI
C11952,27,Female,Jaipur,1154,Basic,iOS,Card
C11953,25,Male,Indore,259,Basic,Android,UPI
C11954,22,Female,Noida,1610,Premium,Android,UPI
C11955,31,Male,Indore,1872,Standard,Android,Card
C11956,18,Female,Chennai,901,Standard,Android,Card
C11957,28,Male,Mumbai,1945,Basic,iOS,Card
C11958,30,Female,Lucknow,881,Premium,Android,UPI
C11959,19,Male,Pune,1924,Premium,Android,Wallet
C11960,45,Female,Pune,1157,Standard,Android,Card
C11961,26,Male,Hyderabad,1231,Basic,iOS,Card
C11962,29,Female,Pune,916,Basic,Web,UPI
C11963,26,Male,Delhi,2059,Standard,iOS,UPI
C11964,30,Male,Ahmedabad,1562,Standard,Android,UPI
C11965,43,Female,Mumbai,1113,Premium,Android,Card
C11966,53,Female,Ahmedabad,1756,Basic,Android,UPI
C11967,38,Female,Lucknow,1033,Basic,Android,Card
C11968,41,Female,Hyderabad,1931,Basic,iOS,UPI
C11969,46,Male,Chennai,1059,Basic,Web,Card
C11970,33,Female,Bengaluru,1787,Standard,Android,UPI
C11971,45,Female,Indore,581,Standard,Android,UPI
C11972,38,Female,Ahmedabad,1258,Premium,Android,UPI
C11973,32,Female,Bengaluru,1361,Basic,iOS,UPI
C11974,34,Female,Delhi,1174,Basic,Web,Card
C11975,18,Male,Delhi,1004,Standard,Android,UPI
C11976,34,Female,Hyderabad,32,Standard,Android,UPI
C11977,18,Male,Gurugram,2145,Standard,Android,UPI
C11978,18,Male,Ahmedabad,498,Premium,iOS,UPI
C11979,33,Female,Delhi,403,Standard,Android,UPI
C11980,21,Male,Lucknow,1790,Basic,Android,Net Banking
C11981,31,Male,Hyderabad,196,Standard,iOS,UPI
C11982,32,Male,Lucknow,1686,Premium,Android,Card
C11983,33,Female,Delhi,791,Basic,Android,UPI
C11984,23,Male,Pune,1592,Basic,Android,UPI
C11985,39,Female,Noida,497,Basic,Android,UPI
C11986,30,Male,Bengaluru,1555,Standard,iOS,UPI
C11987,35,Female,Kolkata,2182,Standard,Android,UPI
C11988,20,Female,Chandigarh,1124,Basic,iOS,UPI
C11989,29,Male,Delhi,1242,Basic,Android,Card
C11990,41,Female,Mumbai,1360,Standard,Android,UPI
C11991,40,Female,Kolkata,810,Standard,Android,Card
C11992,24,Male,Bengaluru,1225,Basic,iOS,UPI
C11993,26,Female,Mumbai,1424,Standard,Android,Net Banking
C11994,22,Female,Chennai,83,Basic,iOS,UPI
C11995,25,Female,Ahmedabad,1013,Basic,Android,UPI
C11996,18,Male,Bengaluru,1173,Basic,iOS,UPI
C11997,30,Male,Bengaluru,483,Basic,Android,Wallet
C11998,37,Male,Lucknow,1051,Basic,iOS,Card
C11999,24,Male,Chennai,886,Basic,Android,UPI
C12000,30,Male,Lucknow,1232,Basic,Web,UPI
C12001,29,Male,Hyderabad,651,Standard,Web,Card
C12002,40,Male,Gurugram,1978,Standard,Android,Net Banking
C12003,25,Male,Kolkata,1413,Basic,iOS,UPI
C12004,26,Male,Mumbai,1390,Standard,Android,UPI
C12005,23,Female,Kanpur,1801,Basic,Web,UPI
C12006,21,Female,Chennai,76,Premium,Android,UPI
C12007,36,Female,Delhi,599,Basic,Android,UPI
C12008,30,Male,Delhi,422,Basic,Android,UPI
C12009,31,Male,Kolkata,1378,Standard,Web,UPI
C12010,42,Male,Mumbai,772,Basic,Web,Card
C12011,43,Male,Bengaluru,1567,Basic,Android,UPI
C12012,18,Male,Delhi,2074,Basic,Android,UPI
C12013,37,Male,Hyderabad,832,Standard,iOS,Wallet
C12014,33,Male,Hyderabad,747,Basic,Android,UPI
C12015,27,Female,Chennai,1087,Basic,Web,UPI
C12016,34,Male,Bengaluru,1091,Premium,Android,UPI
C12017,18,Female,Mumbai,808,Basic,iOS,UPI
C12018,44,Female,Pune,781,Basic,Android,UPI
C12019,36,Female,Bengaluru,839,Standard,Web,UPI
C12020,23,Female,Kolkata,1087,Basic,iOS,UPI
C12021,26,Female,Mumbai,998,Standard,Web,UPI
C12022,18,Female,Mumbai,1020,Basic,Android,Net Banking
C12023,28,Male,Delhi,671,Basic,Android,UPI
C12024,27,Female,Hyderabad,1405,Standard,Android,UPI
C12025,19,Male,Hyderabad,1089,Standard,iOS,Net Banking
C12026,38,Female,Jaipur,527,Standard,Android,UPI
C12027,42,Other,Hyderabad,1662,Basic,Android,UPI
C12028,31,Male,Chennai,1941,Standard,iOS,UPI
C12029,28,Male,Pune,885,Premium,Android,UPI
C12030,35,Male,Mumbai,1163,Standard,iOS,Net Banking
C12031,31,Male,Chennai,2081,Premium,iOS,Net Banking
C12032,21,Female,Bengaluru,715,Standard,Android,Card
C12033,25,Female,Hyderabad,503,Standard,iOS,UPI
C12034,28,Male,Mumbai,781,Basic,Android,UPI
C12035,33,Female,Jaipur,1005,Premium,Android,UPI
C12036,31,Female,Gurugram,993,Premium,Web,UPI
C12037,33,Male,Mumbai,1335,Standard,Android,Wallet
C12038,18,Female,Pune,629,Premium,Web,UPI
C12039,37,Male,Jaipur,1208,Standard,Android,UPI
C12040,31,Female,Bengaluru,263,Standard,Android,UPI
C12041,54,Female,Jaipur,2084,Standard,Android,Card
C12042,28,Female,Pune,669,Standard,Android,Card
C12043,34,Male,Noida,733,Standard,Web,UPI
C12044,56,Male,Chandigarh,379,Standard,iOS,Card
C12045,33,Male,Mumbai,849,Standard,iOS,UPI
C12046,30,Female,Hyderabad,2144,Premium,Web,Card
C12047,22,Female,Chennai,1322,Basic,Android,UPI
C12048,45,Male,Delhi,1477,Standard,Android,UPI
C12049,21,Female,Bengaluru,1324,Standard,iOS,UPI
C12050,35,Female,Chandigarh,755,Standard,iOS,UPI
C12051,27,Male,Mumbai,1738,Basic,Android,Card
C12052,29,Male,Hyderabad,773,Standard,iOS,Net Banking
C12053,18,Female,Lucknow,1754,Basic,Android,UPI
C12054,43,Female,Bengaluru,2169,Standard,Android,UPI
C12055,28,Male,Chennai,53,Standard,Web,UPI
C12056,20,Male,Indore,393,Standard,Android,UPI
C12057,42,Male,Hyderabad,1688,Standard,iOS,Card
C12058,26,Male,Mumbai,292,Basic,Web,Card
C12059,34,Male,Mumbai,1587,Standard,Android,UPI
C12060,39,Male,Gurugram,564,Premium,Android,Wallet
C12061,35,Male,Bengaluru,1301,Standard,Web,UPI
C12062,18,Male,Chennai,1445,Basic,Android,Card
C12063,37,Female,Mumbai,717,Standard,Android,Net Banking
C12064,30,Male,Hyderabad,1890,Standard,Android,UPI
C12065,28,Male,Noida,1998,Standard,Android,UPI
C12066,30,Female,Chennai,504,Standard,Android,Wallet
C12067,18,Male,Indore,1631,Premium,iOS,UPI
C12068,33,Male,Bengaluru,1490,Premium,Android,Card
C12069,19,Female,Chennai,588,Basic,Android,UPI
C12070,28,Male,Lucknow,1800,Standard,Web,Card
C12071,32,Female,Hyderabad,692,Standard,Android,UPI
C12072,41,Male,Bengaluru,585,Premium,Android,Card
C12073,24,Other,Lucknow,1571,Basic,Web,UPI
C12074,44,Male,Hyderabad,288,Basic,Android,UPI
C12075,40,Male,Chennai,2021,Standard,Android,Net Banking
C12076,27,Male,Indore,864,Standard,iOS,Card
C12077,21,Male,Delhi,1094,Basic,Android,Card
C12078,18,Male,Bengaluru,1504,Premium,Android,UPI
C12079,33,Female,Mumbai,1937,Basic,Web,UPI
C12080,24,Male,Hyderabad,1701,Basic,Android,Net Banking
C12081,42,Male,Delhi,859,Basic,Web,Card
C12082,25,Male,Kolkata,1657,Basic,Android,Card
C12083,23,Female,Delhi,887,Basic,Web,UPI
C12084,33,Female,Kolkata,1151,Basic,Android,Card
C12085,25,Female,Bengaluru,1518,Basic,Android,Card
C12086,31,Female,Bengaluru,1224,Standard,Android,UPI
C12087,40,Female,Bengaluru,139,Basic,Android,UPI
C12088,32,Female,Ahmedabad,126,Standard,Android,UPI
C12089,32,Male,Hyderabad,331,Premium,iOS,Wallet
C12090,33,Female,Bengaluru,211,Premium,iOS,Net Banking
C12091,18,Male,Lucknow,1610,Basic,Android,UPI
C12092,35,Female,Pune,447,Basic,iOS,Net Banking
C12093,32,Male,Delhi,555,Standard,Android,UPI
C12094,39,Male,Kanpur,712,Basic,iOS,Wallet
C12095,36,Male,Bengaluru,409,Standard,Android,UPI
C12096,29,Male,Mumbai,1913,Standard,iOS,UPI
C12097,40,Male,Chennai,223,Basic,Android,Net Banking
C12098,28,Female,Mumbai,445,Basic,Android,Wallet
C12099,33,Male,Delhi,517,Premium,Android,UPI
C12100,28,Female,Ahmedabad,212,Standard,Android,UPI
C12101,35,Male,Mumbai,573,Standard,iOS,Card
C12102,28,Male,Jaipur,434,Standard,Android,UPI
C12103,46,Female,Gurugram,770,Standard,Android,Net Banking
C12104,49,Male,Pune,362,Basic,Android,Net Banking
C12105,39,Female,Ahmedabad,2066,Standard,Android,UPI
C12106,45,Male,Ahmedabad,1736,Basic,Android,UPI
C12107,18,Male,Chandigarh,1428,Standard,Web,UPI
C12108,18,Male,Bengaluru,1316,Basic,Android,Wallet
C12109,28,Male,Delhi,1534,Premium,Android,Card
C12110,31,Female,Chennai,2072,Standard,Android,UPI
C12111,29,Male,Chennai,318,Basic,iOS,Net Banking
C12112,18,Male,Delhi,1182,Standard,iOS,Net Banking
C12113,41,Female,Pune,448,Standard,Android,Net Banking
C12114,50,Female,Mumbai,1011,Standard,Android,UPI
C12115,43,Female,Noida,1980,Basic,Web,Net Banking
C12116,41,Male,Bengaluru,1399,Standard,Android,UPI
C12117,33,Male,Mumbai,1406,Standard,iOS,UPI
C12118,23,Female,Mumbai,238,Basic,Android,Card
C12119,32,Female,Delhi,1786,Standard,iOS,UPI
C12120,50,Male,Bengaluru,1581,Basic,iOS,UPI
C12121,28,Female,Mumbai,805,Premium,Android,UPI
C12122,27,Female,Bengaluru,753,Premium,Android,UPI
C12123,41,Male,Delhi,1282,Basic,Android,UPI
C12124,42,Female,Hyderabad,1676,Basic,iOS,Wallet
C12125,23,Male,Hyderabad,1119,Basic,Android,UPI
C12126,29,Female,Bengaluru,1888,Premium,Android,UPI
C12127,26,Male,Bengaluru,475,Basic,iOS,Net Banking
C12128,32,Female,Mumbai,1527,Standard,iOS,Net Banking
C12129,41,Female,Mumbai,1819,Standard,Android,UPI
C12130,24,Male,Delhi,1564,Basic,Android,Card
C12131,41,Male,Ahmedabad,754,Standard,Android,Net Banking
C12132,32,Male,Chandigarh,1036,Standard,Android,Net Banking
C12133,52,Female,Noida,1043,Basic,Android,UPI
C12134,34,Male,Chennai,699,Premium,Web,Card
C12135,30,Male,Chennai,318,Standard,Web,Card
C12136,36,Female,Bengaluru,435,Basic,iOS,UPI
C12137,28,Male,Jaipur,1415,Standard,Android,Card
C12138,18,Female,Jaipur,517,Standard,Android,UPI
C12139,29,Male,Lucknow,1746,Standard,Android,UPI
C12140,29,Male,Kanpur,1749,Basic,Android,UPI
C12141,18,Female,Hyderabad,920,Standard,Web,UPI
C12142,30,Male,Jaipur,821,Basic,iOS,UPI
C12143,18,Female,Jaipur,2152,Standard,Web,Wallet
C12144,28,Male,Bengaluru,57,Basic,Web,UPI
C12145,33,Male,Noida,588,Standard,Android,UPI
C12146,32,Male,Mumbai,1528,Standard,Android,Card
C12147,27,Female,Chandigarh,1924,Basic,iOS,Card
C12148,30,Female,Jaipur,1026,Basic,iOS,Card
C12149,24,Male,Mumbai,1595,Standard,Web,Net Banking
C12150,31,Male,Kolkata,502,Basic,Android,Card
C12151,32,Male,Mumbai,2042,Basic,Android,Card
C12152,23,Female,Jaipur,1293,Standard,Android,UPI
C12153,33,Male,Jaipur,1637,Standard,Android,Card
C12154,33,Male,Pune,412,Basic,Android,Card
C12155,30,Male,Lucknow,1103,Standard,Android,UPI
C12156,53,Female,Mumbai,1609,Basic,Android,UPI
C12157,30,Male,Bengaluru,927,Standard,Android,UPI
C12158,28,Female,Hyderabad,2114,Standard,Android,UPI
C12159,27,Male,Mumbai,1829,Basic,iOS,UPI
C12160,22,Male,Hyderabad,309,Standard,Android,Card
C12161,37,Male,Bengaluru,1853,Standard,iOS,Net Banking
C12162,25,Female,Hyderabad,860,Premium,Android,UPI
C12163,26,Male,Hyderabad,1307,Standard,iOS,UPI
C12164,26,Male,Kanpur,916,Basic,Android,UPI
C12165,22,Female,Bengaluru,1553,Standard,iOS,Card
C12166,18,Female,Kanpur,961,Standard,iOS,UPI
C12167,27,Female,Hyderabad,1034,Standard,Android,Wallet
C12168,39,Male,Bengaluru,1294,Standard,iOS,UPI
C12169,33,Female,Chennai,503,Standard,Android,Net Banking
C12170,45,Female,Hyderabad,955,Basic,Android,UPI
C12171,38,Male,Delhi,138,Premium,Android,Card
C12172,36,Male,Chennai,157,Basic,iOS,UPI
C12173,48,Male,Delhi,1448,Basic,iOS,Card
C12174,30,Male,Bengaluru,633,Basic,Web,Net Banking
C12175,32,Male,Pune,1482,Premium,Android,Wallet
C12176,31,Male,Hyderabad,1679,Standard,Android,Net Banking
C12177,45,Male,Lucknow,1473,Standard,Android,UPI
C12178,31,Female,Delhi,943,Premium,iOS,UPI
C12179,25,Male,Indore,1250,Basic,Android,Wallet
C12180,36,Male,Jaipur,1728,Basic,Android,Net Banking
C12181,24,Male,Indore,773,Basic,Web,UPI
C12182,36,Female,Lucknow,935,Standard,Android,UPI
C12183,35,Female,Delhi,555,Standard,Android,UPI
C12184,29,Female,Chennai,466,Basic,Android,UPI
C12185,36,Female,Delhi,172,Basic,Android,UPI
C12186,18,Female,Lucknow,183,Basic,Android,Net Banking
C12187,32,Female,Pune,351,Basic,Android,UPI
C12188,27,Female,Bengaluru,1698,Standard,Android,UPI
C12189,57,Male,Noida,1393,Standard,Android,UPI
C12190,32,Male,Mumbai,221,Basic,Android,UPI
C12191,26,Male,Pune,1696,Basic,Android,Net Banking
C12192,19,Female,Ahmedabad,1657,Standard,Web,UPI
C12193,43,Female,Mumbai,1999,Standard,Android,Wallet
C12194,28,Female,Pune,2131,Standard,Android,UPI
C12195,24,Male,Lucknow,212,Standard,iOS,Net Banking
C12196,34,Female,Mumbai,1165,Premium,iOS,UPI
C12197,37,Male,Chennai,1796,Standard,iOS,Card
C12198,37,Female,Bengaluru,549,Basic,Android,Card
C12199,31,Female,Kolkata,1326,Premium,iOS,UPI
C12200,32,Female,Mumbai,227,Standard,iOS,Card
C12201,33,Male,Gurugram,683,Standard,Android,Card
C12202,34,Female,Kanpur,2156,Standard,Android,UPI
C12203,35,Male,Delhi,1604,Standard,Android,UPI
C12204,41,Female,Bengaluru,596,Premium,Android,UPI
C12205,32,Female,Pune,2176,Basic,Android,Card
C12206,24,Female,Ahmedabad,469,Standard,Android,UPI
C12207,30,Other,Hyderabad,853,Basic,Web,Card
C12208,38,Male,Delhi,994,Standard,iOS,Wallet
C12209,18,Male,Mumbai,1391,Basic,Android,Card
C12210,18,Male,Chandigarh,599,Standard,Android,UPI
C12211,39,Male,Hyderabad,596,Premium,iOS,UPI
C12212,45,Female,Kanpur,1485,Basic,Android,UPI
C12213,20,Male,Chennai,474,Basic,iOS,UPI
C12214,32,Male,Noida,339,Standard,Web,UPI
C12215,27,Female,Mumbai,353,Standard,Android,UPI
C12216,29,Female,Mumbai,742,Basic,Android,Wallet
C12217,34,Male,Noida,99,Basic,Web,Net Banking
C12218,19,Female,Gurugram,106,Basic,Android,UPI
C12219,21,Female,Bengaluru,1600,Basic,Android,UPI
C12220,28,Female,Bengaluru,1204,Standard,iOS,Card
C12221,30,Female,Hyderabad,346,Basic,Android,UPI
C12222,21,Male,Hyderabad,584,Standard,Android,UPI
C12223,38,Male,Delhi,1497,Basic,iOS,Wallet
C12224,27,Male,Kanpur,1770,Premium,Android,Card
C12225,27,Male,Delhi,1917,Standard,Android,Net Banking
C12226,34,Female,Ahmedabad,501,Standard,Android,Card
C12227,30,Male,Mumbai,1867,Standard,Android,Card
C12228,39,Male,Mumbai,955,Basic,iOS,Card
C12229,23,Female,Kolkata,678,Basic,Web,UPI
C12230,18,Male,Bengaluru,1282,Standard,Web,UPI
C12231,28,Male,Kolkata,299,Standard,Android,UPI
C12232,32,Male,Mumbai,1035,Basic,Web,Card
C12233,20,Female,Gurugram,991,Basic,Android,UPI
C12234,19,Female,Ahmedabad,1323,Standard,Android,Net Banking
C12235,33,Male,Kanpur,423,Premium,Android,UPI
C12236,24,Male,Mumbai,164,Premium,iOS,Wallet
C12237,18,Male,Bengaluru,840,Standard,Android,UPI
C12238,40,Male,Bengaluru,2164,Standard,iOS,UPI
C12239,25,Female,Chennai,1264,Standard,iOS,UPI
C12240,41,Male,Bengaluru,1218,Basic,Android,UPI
C12241,31,Male,Mumbai,1428,Standard,iOS,UPI
C12242,34,Other,Bengaluru,1132,Basic,Android,UPI
C12243,29,Male,Delhi,503,Premium,Android,Net Banking
C12244,18,Female,Hyderabad,2167,Basic,Android,UPI
C12245,21,Male,Delhi,523,Basic,iOS,Net Banking
C12246,30,Male,Bengaluru,1418,Basic,Android,UPI
C12247,34,Female,Pune,1909,Standard,iOS,UPI
C12248,18,Male,Hyderabad,1458,Basic,Android,Wallet
C12249,31,Female,Bengaluru,2080,Standard,iOS,Card
C12250,21,Female,Chennai,416,Basic,Android,UPI
C12251,33,Male,Jaipur,1424,Standard,Android,UPI
C12252,31,Female,Hyderabad,230,Standard,Android,UPI
C12253,38,Male,Pune,1238,Premium,Android,Card
C12254,41,Male,Indore,428,Basic,Android,Card
C12255,35,Male,Chennai,1458,Basic,Android,Net Banking
C12256,39,Male,Noida,738,Basic,Android,UPI
C12257,28,Male,Jaipur,309,Standard,Android,UPI
C12258,56,Female,Mumbai,1909,Standard,Android,UPI
C12259,20,Male,Hyderabad,1976,Basic,Web,Wallet
C12260,26,Female,Kolkata,400,Premium,Android,Wallet
C12261,39,Male,Chandigarh,482,Basic,Android,UPI
C12262,38,Male,Hyderabad,112,Standard,Android,UPI
C12263,35,Female,Mumbai,1483,Standard,iOS,Net Banking
C12264,37,Male,Pune,1968,Premium,Android,UPI
C12265,18,Male,Mumbai,511,Standard,Android,Wallet
C12266,45,Female,Ahmedabad,1009,Standard,Web,Net Banking
C12267,29,Female,Chennai,1561,Basic,Web,Card
C12268,42,Female,Ahmedabad,990,Basic,Android,Card
C12269,18,Other,Kanpur,1664,Standard,iOS,UPI
C12270,33,Male,Pune,1666,Basic,Web,UPI
C12271,26,Female,Pune,1638,Standard,Web,Net Banking
C12272,36,Male,Ahmedabad,1580,Basic,Android,UPI
C12273,34,Male,Lucknow,960,Basic,iOS,UPI
C12274,34,Male,Kanpur,884,Standard,Android,Net Banking
C12275,21,Male,Mumbai,1347,Basic,iOS,UPI
C12276,30,Female,Pune,262,Standard,Android,Card
C12277,29,Female,Delhi,1327,Premium,iOS,Card
C12278,35,Male,Lucknow,100,Basic,Web,UPI
C12279,40,Male,Kolkata,1593,Basic,Android,UPI
C12280,32,Male,Hyderabad,1343,Basic,Android,UPI
C12281,20,Female,Delhi,1112,Standard,iOS,UPI
C12282,32,Male,Bengaluru,687,Standard,Android,UPI
C12283,54,Female,Ahmedabad,1130,Premium,Android,Net Banking
C12284,46,Male,Delhi,1408,Basic,iOS,Wallet
C12285,18,Female,Mumbai,1515,Basic,iOS,UPI
C12286,32,Male,Kanpur,2032,Basic,iOS,Card
C12287,39,Other,Jaipur,399,Basic,Android,UPI
C12288,29,Female,Delhi,125,Standard,Android,UPI
C12289,27,Male,Bengaluru,1445,Premium,Web,Wallet
C12290,29,Male,Indore,383,Basic,Android,UPI
C12291,36,Female,Ahmedabad,351,Standard,iOS,Wallet
C12292,21,Female,Pune,626,Standard,Android,UPI
C12293,42,Male,Bengaluru,1602,Premium,iOS,Card
C12294,30,Female,Bengaluru,165,Premium,Android,Wallet
C12295,23,Female,Mumbai,873,Premium,iOS,Card
C12296,41,Male,Ahmedabad,259,Basic,Android,Card
C12297,18,Male,Mumbai,1851,Basic,Android,UPI
C12298,26,Male,Mumbai,1683,Basic,Android,Card
C12299,26,Male,Ahmedabad,221,Basic,Android,UPI
C12300,50,Male,Gurugram,624,Standard,Web,UPI
C12301,25,Male,Ahmedabad,1029,Premium,Android,UPI
C12302,18,Female,Hyderabad,1021,Standard,Android,Card
C12303,26,Female,Chennai,392,Basic,Android,UPI
C12304,35,Male,Hyderabad,1042,Basic,Android,UPI
C12305,38,Male,Bengaluru,1915,Standard,Android,Card
C12306,51,Female,Chennai,509,Basic,iOS,UPI
C12307,44,Male,Hyderabad,301,Basic,Web,Card
C12308,33,Male,Pune,867,Basic,Android,Net Banking
C12309,23,Male,Kanpur,1082,Premium,iOS,UPI
C12310,46,Female,Chandigarh,648,Basic,Web,Card
C12311,28,Female,Mumbai,258,Premium,Web,Net Banking
C12312,25,Male,Hyderabad,214,Standard,iOS,Card
C12313,27,Female,Delhi,1761,Standard,Web,Wallet
C12314,20,Female,Bengaluru,315,Standard,Android,UPI
C12315,27,Female,Bengaluru,642,Premium,iOS,UPI
C12316,29,Male,Delhi,1683,Basic,iOS,Card
C12317,38,Female,Jaipur,1319,Basic,Android,UPI
C12318,28,Male,Chennai,84,Basic,Android,UPI
C12319,20,Female,Noida,399,Standard,Android,UPI
C12320,18,Female,Mumbai,1052,Basic,Android,Card
C12321,33,Female,Mumbai,792,Standard,Android,Card
C12322,32,Male,Hyderabad,2175,Basic,iOS,Card
C12323,26,Male,Mumbai,276,Premium,iOS,Net Banking
C12324,27,Female,Bengaluru,87,Standard,iOS,UPI
C12325,34,Male,Chandigarh,1225,Standard,iOS,Net Banking
C12326,44,Female,Delhi,2110,Standard,Android,UPI
C12327,24,Male,Delhi,37,Basic,Android,Wallet
C12328,32,Female,Pune,1828,Basic,Android,Net Banking
C12329,40,Male,Chennai,2184,Standard,Web,Net Banking
C12330,24,Male,Pune,933,Premium,Web,Net Banking
C12331,31,Male,Hyderabad,933,Basic,iOS,Net Banking
C12332,31,Female,Lucknow,2183,Standard,Android,UPI
C12333,19,Male,Mumbai,1395,Standard,Web,Net Banking
C12334,33,Male,Hyderabad,1216,Basic,Android,UPI
C12335,31,Male,Kolkata,652,Premium,Android,Net Banking
C12336,36,Female,Kanpur,2051,Premium,iOS,Card
C12337,20,Male,Bengaluru,579,Basic,Android,UPI
C12338,31,Female,Pune,882,Standard,Web,UPI
C12339,43,Male,Mumbai,1866,Basic,iOS,UPI
C12340,50,Female,Delhi,1137,Standard,Web,Card
C12341,43,Male,Mumbai,1675,Premium,iOS,Card
C12342,20,Female,Ahmedabad,2188,Basic,Web,UPI
C12343,35,Female,Bengaluru,1425,Premium,iOS,UPI
C12344,27,Female,Ahmedabad,382,Premium,Android,UPI
C12345,34,Male,Mumbai,1662,Standard,iOS,UPI
C12346,24,Male,Kanpur,1331,Basic,Web,Card
C12347,18,Male,Lucknow,410,Basic,Android,Card
C12348,28,Male,Mumbai,270,Standard,iOS,UPI
C12349,38,Male,Mumbai,2056,Basic,Android,Card
C12350,34,Female,Mumbai,259,Basic,iOS,Wallet
C12351,35,Male,Lucknow,1016,Basic,iOS,Net Banking
C12352,33,Female,Delhi,2167,Standard,Android,UPI
C12353,35,Male,Chennai,1915,Basic,iOS,Net Banking
C12354,36,Female,Hyderabad,1850,Basic,Android,UPI
C12355,29,Male,Jaipur,1627,Standard,Android,UPI
C12356,32,Male,Chennai,1065,Basic,iOS,UPI
C12357,47,Female,Chennai,650,Basic,Android,UPI
C12358,32,Male,Chandigarh,1976,Basic,iOS,Net Banking
C12359,31,Female,Delhi,1265,Basic,Web,Net Banking
C12360,32,Female,Lucknow,889,Basic,Android,UPI
C12361,29,Male,Mumbai,2127,Basic,Android,UPI
C12362,27,Male,Chennai,832,Standard,Android,UPI
C12363,33,Male,Kanpur,110,Basic,iOS,Wallet
C12364,26,Male,Kolkata,1334,Basic,Android,UPI
C12365,30,Female,Kolkata,955,Standard,Android,UPI
C12366,24,Female,Bengaluru,1381,Standard,Android,Wallet
C12367,32,Male,Hyderabad,1376,Basic,iOS,UPI
C12368,36,Male,Bengaluru,1396,Premium,iOS,UPI
C12369,29,Female,Chennai,767,Standard,Android,Wallet
C12370,18,Female,Hyderabad,576,Standard,Android,UPI
C12371,36,Female,Bengaluru,719,Standard,iOS,UPI
C12372,32,Female,Bengaluru,2124,Basic,Android,UPI
C12373,22,Female,Delhi,1654,Basic,Android,UPI
C12374,38,Female,Bengaluru,881,Standard,Android,Net Banking
C12375,18,Male,Delhi,2018,Premium,Android,Card
C12376,40,Female,Kanpur,1689,Premium,Android,UPI
C12377,30,Female,Pune,1196,Basic,iOS,UPI
C12378,18,Male,Mumbai,1766,Premium,iOS,UPI
C12379,33,Male,Kolkata,2087,Standard,Web,Net Banking
C12380,27,Female,Lucknow,1262,Standard,Android,UPI
C12381,26,Female,Delhi,249,Premium,Android,UPI
C12382,24,Male,Delhi,964,Basic,iOS,UPI
C12383,30,Female,Mumbai,523,Basic,Android,Card
C12384,27,Female,Mumbai,1547,Premium,Android,Net Banking
C12385,18,Female,Ahmedabad,220,Basic,Android,UPI
C12386,42,Female,Chandigarh,1045,Standard,Android,UPI
C12387,29,Male,Mumbai,975,Standard,Android,Net Banking
C12388,24,Male,Ahmedabad,867,Premium,Android,UPI
C12389,21,Female,Mumbai,1389,Basic,Android,UPI
C12390,38,Female,Pune,1213,Standard,Web,UPI
C12391,19,Male,Ahmedabad,465,Basic,Android,UPI
C12392,32,Male,Bengaluru,1766,Premium,Android,UPI
C12393,26,Other,Mumbai,1003,Standard,iOS,Net Banking
C12394,26,Male,Pune,370,Standard,Web,UPI
C12395,21,Female,Chandigarh,1515,Premium,Android,UPI
C12396,25,Female,Bengaluru,882,Standard,iOS,Card
C12397,31,Female,Delhi,1417,Standard,Android,Net Banking
C12398,33,Male,Mumbai,1667,Standard,Android,Card
C12399,24,Female,Pune,1395,Standard,Web,UPI
C12400,30,Male,Pune,2072,Standard,iOS,UPI
C12401,39,Male,Jaipur,1345,Standard,Android,UPI
C12402,18,Male,Ahmedabad,856,Basic,Android,Card
C12403,31,Male,Kanpur,2170,Basic,Android,UPI
C12404,22,Female,Jaipur,1147,Standard,Android,Card
C12405,22,Female,Delhi,1579,Basic,Android,Card
C12406,33,Male,Pune,748,Standard,iOS,UPI
C12407,26,Male,Bengaluru,1999,Standard,iOS,Net Banking
C12408,20,Male,Bengaluru,2069,Basic,iOS,Card
C12409,43,Male,Gurugram,2095,Standard,Android,UPI
C12410,39,Male,Kolkata,872,Basic,iOS,Card
C12411,18,Female,Indore,1895,Standard,Web,Card
C12412,18,Female,Hyderabad,1488,Basic,Web,Card
C12413,36,Male,Chennai,236,Basic,Android,UPI
C12414,28,Male,Chennai,2020,Basic,Android,Card
C12415,45,Male,Mumbai,1178,Standard,Android,UPI
C12416,37,Female,Delhi,1185,Standard,Android,UPI
C12417,34,Male,Chennai,857,Standard,Web,UPI
C12418,22,Female,Mumbai,1881,Basic,Android,Net Banking
C12419,35,Female,Gurugram,240,Standard,Android,UPI
C12420,20,Female,Mumbai,864,Standard,Android,Card
C12421,43,Male,Delhi,1254,Standard,Web,UPI
C12422,35,Female,Jaipur,455,Basic,Android,Net Banking
C12423,24,Female,Mumbai,491,Standard,Web,UPI
C12424,38,Female,Kanpur,1366,Standard,Web,UPI
C12425,51,Female,Ahmedabad,1292,Standard,Android,UPI
C12426,29,Male,Mumbai,1804,Basic,iOS,UPI
C12427,36,Male,Kolkata,1803,Basic,Android,UPI
C12428,27,Male,Pune,69,Basic,Android,Card
C12429,32,Female,Ahmedabad,884,Standard,Android,Net Banking
C12430,18,Male,Lucknow,1867,Standard,Web,UPI
C12431,31,Female,Ahmedabad,2091,Standard,Android,Card
C12432,31,Male,Pune,235,Standard,Android,UPI
C12433,47,Male,Bengaluru,1693,Basic,Android,Net Banking
C12434,18,Male,Kolkata,534,Basic,Android,UPI
C12435,28,Male,Indore,1775,Standard,Android,Net Banking
C12436,43,Female,Pune,998,Basic,Android,UPI
C12437,29,Male,Kolkata,273,Premium,Android,Card
C12438,29,Male,Hyderabad,473,Basic,Android,UPI
C12439,24,Male,Ahmedabad,2073,Standard,iOS,Card
C12440,23,Male,Chandigarh,1695,Basic,iOS,Wallet
C12441,18,Female,Delhi,104,Premium,Android,Card
C12442,25,Male,Delhi,2087,Standard,iOS,UPI
C12443,22,Male,Chennai,1861,Basic,Android,UPI
C12444,32,Male,Chennai,1213,Standard,Android,UPI
C12445,24,Female,Pune,94,Premium,Web,UPI
C12446,27,Female,Mumbai,973,Standard,iOS,UPI
C12447,27,Male,Hyderabad,382,Basic,iOS,Card
C12448,31,Female,Pune,823,Standard,Android,Net Banking
C12449,26,Female,Pune,714,Basic,Android,UPI
C12450,21,Female,Kolkata,1576,Basic,iOS,Net Banking
C12451,32,Male,Ahmedabad,1630,Standard,Web,Net Banking
C12452,41,Male,Kolkata,404,Premium,iOS,Card
C12453,32,Male,Jaipur,1981,Basic,Android,Card
C12454,26,Male,Pune,1484,Basic,iOS,Card
C12455,30,Female,Chennai,1476,Basic,Android,UPI
C12456,18,Female,Pune,1714,Premium,Android,Wallet
C12457,30,Female,Mumbai,1609,Premium,iOS,UPI
C12458,27,Male,Bengaluru,1741,Premium,iOS,UPI
C12459,23,Male,Chennai,658,Basic,iOS,Card
C12460,24,Female,Kanpur,1520,Basic,Android,UPI
C12461,27,Female,Kolkata,2146,Standard,Android,UPI
C12462,40,Male,Mumbai,1666,Basic,Android,UPI
C12463,41,Male,Pune,914,Basic,Android,UPI
C12464,23,Male,Delhi,1401,Basic,iOS,UPI
C12465,26,Male,Ahmedabad,2011,Standard,iOS,UPI
C12466,27,Female,Lucknow,1452,Standard,iOS,UPI
C12467,38,Male,Pune,1720,Standard,iOS,Card
C12468,32,Female,Pune,1961,Basic,Android,UPI
C12469,32,Male,Bengaluru,826,Standard,Android,Card
C12470,36,Female,Hyderabad,757,Standard,iOS,Net Banking
C12471,26,Male,Kanpur,774,Basic,Android,Card
C12472,43,Male,Ahmedabad,830,Standard,Android,UPI
C12473,31,Male,Chennai,1504,Standard,Web,Card
C12474,23,Female,Bengaluru,1084,Basic,Android,UPI
C12475,29,Male,Mumbai,2070,Standard,Web,Wallet
C12476,42,Female,Delhi,1519,Standard,iOS,UPI
C12477,27,Male,Delhi,1488,Standard,iOS,UPI
C12478,40,Female,Bengaluru,2091,Premium,Android,UPI
C12479,25,Male,Gurugram,1890,Standard,iOS,Wallet
C12480,24,Female,Chennai,100,Standard,Android,UPI
C12481,37,Female,Delhi,2126,Basic,Web,UPI
C12482,23,Male,Mumbai,1943,Standard,Android,UPI
C12483,38,Male,Bengaluru,746,Standard,Android,Net Banking
C12484,34,Female,Lucknow,541,Premium,iOS,UPI
C12485,23,Female,Hyderabad,1198,Standard,Android,Wallet
C12486,30,Female,Jaipur,2198,Standard,Android,Wallet
C12487,26,Female,Jaipur,1351,Standard,iOS,Card
C12488,34,Male,Mumbai,1286,Standard,Android,UPI
C12489,48,Male,Pune,501,Basic,Android,Wallet
C12490,28,Male,Indore,1978,Standard,Android,UPI
C12491,36,Male,Hyderabad,1760,Standard,Android,UPI
C12492,31,Male,Mumbai,153,Standard,Android,Card
C12493,31,Male,Noida,598,Standard,Android,Card
C12494,30,Female,Kanpur,1942,Premium,Android,Wallet
C12495,23,Male,Chennai,1563,Premium,Android,Wallet
C12496,34,Female,Chennai,905,Standard,Android,UPI
C12497,28,Female,Delhi,1166,Standard,Android,UPI
C12498,23,Male,Lucknow,303,Standard,Android,Net Banking
C12499,40,Male,Chennai,1845,Standard,Android,UPI
C12500,32,Female,Mumbai,1399,Basic,Android,Card
C12501,29,Female,Kolkata,1140,Premium,iOS,UPI
C12502,43,Female,Gurugram,1357,Basic,Android,UPI
C12503,18,Male,Lucknow,1303,Standard,Android,UPI
C12504,42,Female,Bengaluru,972,Basic,iOS,Card
C12505,23,Male,Mumbai,422,Standard,Web,Wallet
C12506,33,Male,Gurugram,1073,Basic,Web,Net Banking
C12507,26,Female,Gurugram,1783,Standard,iOS,UPI
C12508,23,Male,Chennai,146,Premium,Android,UPI
C12509,43,Male,Kolkata,902,Basic,iOS,UPI
C12510,48,Male,Hyderabad,1811,Basic,iOS,UPI
C12511,29,Male,Hyderabad,1288,Premium,Web,UPI
C12512,34,Female,Mumbai,83,Basic,Android,Net Banking
C12513,32,Male,Mumbai,1865,Standard,Android,UPI
C12514,47,Male,Delhi,146,Standard,Android,UPI
C12515,18,Male,Lucknow,1070,Standard,Android,Card
C12516,34,Female,Delhi,277,Basic,iOS,UPI
C12517,24,Male,Delhi,625,Standard,Web,UPI
C12518,18,Female,Chennai,883,Premium,Android,Card
C12519,28,Female,Delhi,605,Basic,Android,UPI
C12520,48,Female,Delhi,1930,Standard,Android,Card
C12521,25,Female,Pune,1258,Basic,Android,Net Banking
C12522,38,Male,Bengaluru,814,Premium,Web,UPI
C12523,42,Female,Pune,661,Basic,Android,UPI
C12524,31,Male,Noida,1109,Basic,Android,Card
C12525,32,Male,Delhi,764,Basic,Android,Card
C12526,18,Female,Noida,1779,Premium,Android,Wallet
C12527,25,Male,Noida,539,Standard,iOS,Net Banking
C12528,39,Female,Lucknow,1526,Basic,Android,UPI
C12529,32,Female,Pune,998,Basic,Web,UPI
C12530,34,Male,Pune,602,Premium,iOS,UPI
C12531,32,Female,Kolkata,1041,Basic,Android,UPI
C12532,51,Female,Kolkata,289,Standard,Android,UPI
C12533,27,Male,Mumbai,1171,Standard,Android,UPI
C12534,45,Female,Indore,1586,Standard,Android,Card
C12535,32,Female,Pune,1316,Standard,Android,Card
C12536,46,Male,Jaipur,63,Standard,Android,UPI
C12537,20,Male,Hyderabad,1305,Basic,Android,Net Banking
C12538,33,Male,Mumbai,85,Standard,Android,Net Banking
C12539,27,Male,Chennai,826,Basic,iOS,Card
C12540,32,Female,Chennai,1407,Basic,iOS,UPI
C12541,42,Male,Hyderabad,1984,Standard,Android,UPI
C12542,34,Female,Bengaluru,2149,Standard,Android,UPI
C12543,42,Female,Delhi,1140,Premium,Web,UPI
C12544,25,Male,Chennai,492,Premium,Android,Wallet
C12545,24,Male,Bengaluru,1835,Basic,Android,UPI
C12546,31,Female,Indore,802,Standard,Android,UPI
C12547,31,Female,Delhi,1239,Standard,Android,UPI
C12548,29,Female,Bengaluru,460,Premium,Android,Card
C12549,22,Male,Bengaluru,834,Basic,Web,Wallet
C12550,42,Female,Chennai,1070,Standard,iOS,UPI
C12551,28,Male,Chennai,1632,Basic,iOS,Net Banking
C12552,44,Female,Kolkata,1982,Basic,Web,UPI
C12553,31,Female,Gurugram,414,Standard,Android,UPI
C12554,37,Male,Bengaluru,1243,Basic,Web,UPI
C12555,36,Male,Kolkata,2134,Basic,Web,UPI
C12556,24,Female,Mumbai,65,Standard,iOS,UPI
C12557,34,Male,Bengaluru,1271,Basic,Web,UPI
C12558,48,Male,Hyderabad,1695,Basic,iOS,Card
C12559,33,Male,Mumbai,256,Standard,Android,Card
C12560,39,Male,Pune,1479,Standard,Android,Card
C12561,37,Male,Kolkata,944,Standard,iOS,UPI
C12562,34,Male,Ahmedabad,1334,Premium,Android,Card
C12563,33,Male,Chennai,1576,Basic,Android,Net Banking
C12564,36,Female,Pune,343,Basic,Android,Wallet
C12565,38,Male,Hyderabad,177,Basic,Android,UPI
C12566,19,Male,Mumbai,716,Standard,Android,UPI
C12567,33,Male,Mumbai,597,Basic,Android,Card
C12568,29,Female,Kolkata,656,Premium,Android,UPI
C12569,27,Male,Chandigarh,2035,Standard,Android,Net Banking
C12570,43,Female,Mumbai,1521,Standard,Web,UPI
C12571,24,Male,Pune,802,Premium,Android,UPI
C12572,18,Female,Ahmedabad,1343,Standard,Web,Net Banking
C12573,38,Male,Lucknow,375,Standard,Android,UPI
C12574,18,Male,Chennai,427,Standard,Android,UPI
C12575,18,Female,Pune,243,Basic,iOS,Net Banking
C12576,39,Male,Kolkata,955,Standard,Web,UPI
C12577,32,Female,Lucknow,1373,Basic,iOS,UPI
C12578,35,Male,Mumbai,1133,Standard,Web,UPI
C12579,27,Male,Noida,1241,Premium,Android,UPI
C12580,19,Female,Mumbai,383,Standard,Android,UPI
C12581,20,Male,Lucknow,1435,Basic,Web,UPI
C12582,29,Male,Mumbai,1229,Basic,Android,UPI
C12583,20,Female,Delhi,2108,Premium,Android,Wallet
C12584,34,Male,Mumbai,566,Basic,Android,Card
C12585,27,Female,Hyderabad,160,Standard,iOS,Card
C12586,33,Female,Bengaluru,1017,Standard,Android,Card
C12587,32,Male,Delhi,458,Basic,Android,Card
C12588,34,Female,Hyderabad,409,Standard,Android,UPI
C12589,35,Male,Hyderabad,537,Basic,Android,Wallet
C12590,28,Male,Jaipur,1505,Standard,Android,Card
C12591,33,Male,Kanpur,956,Basic,Android,Card
C12592,33,Male,Kolkata,1926,Basic,iOS,UPI
C12593,18,Male,Mumbai,292,Basic,Android,Card
C12594,37,Male,Bengaluru,2052,Premium,iOS,UPI
C12595,32,Male,Noida,919,Standard,Android,Card
C12596,36,Male,Mumbai,1188,Standard,Android,Net Banking
C12597,19,Male,Hyderabad,1801,Standard,iOS,UPI
C12598,28,Female,Gurugram,1096,Standard,Android,UPI
C12599,21,Male,Gurugram,385,Standard,Android,Net Banking
C12600,38,Female,Hyderabad,552,Standard,Android,UPI
C12601,18,Female,Kolkata,2018,Standard,Android,Card
C12602,23,Female,Hyderabad,181,Basic,Android,UPI
C12603,36,Female,Ahmedabad,2007,Premium,iOS,UPI
C12604,25,Female,Mumbai,1494,Premium,Android,Net Banking
C12605,23,Male,Delhi,1143,Basic,Android,Card
C12606,39,Male,Pune,715,Premium,Android,UPI
C12607,40,Female,Delhi,1896,Basic,Android,Card
C12608,37,Male,Kolkata,100,Standard,Android,UPI
C12609,39,Male,Bengaluru,1573,Standard,Android,UPI
C12610,29,Male,Kanpur,485,Basic,Android,Card
C12611,29,Female,Lucknow,804,Basic,Android,Net Banking
C12612,25,Female,Chennai,168,Standard,Android,Card
C12613,33,Female,Jaipur,1249,Standard,Web,UPI
C12614,26,Male,Bengaluru,350,Standard,iOS,UPI
C12615,27,Male,Chennai,283,Standard,iOS,UPI
C12616,36,Male,Delhi,743,Basic,Android,UPI
C12617,42,Male,Lucknow,1105,Basic,Android,Wallet
C12618,35,Male,Lucknow,2080,Premium,Android,UPI
C12619,47,Male,Noida,1831,Standard,Android,Net Banking
C12620,25,Male,Kanpur,899,Standard,iOS,UPI
C12621,18,Male,Indore,1299,Basic,Web,UPI
C12622,37,Female,Delhi,1701,Premium,Android,UPI
C12623,24,Male,Gurugram,859,Basic,Android,Wallet
C12624,29,Female,Pune,1696,Basic,iOS,UPI
C12625,18,Female,Hyderabad,1469,Basic,Android,UPI
C12626,23,Other,Pune,1555,Standard,iOS,UPI
C12627,18,Female,Bengaluru,2149,Basic,iOS,UPI
C12628,27,Male,Bengaluru,847,Basic,iOS,UPI
C12629,27,Male,Delhi,176,Standard,Android,Wallet
C12630,32,Female,Mumbai,1193,Standard,Android,Wallet
C12631,42,Female,Chennai,746,Basic,Android,Card
C12632,37,Female,Kanpur,157,Standard,Android,Net Banking
C12633,18,Male,Pune,368,Basic,Web,UPI
C12634,36,Female,Chennai,1188,Basic,Android,Net Banking
C12635,32,Female,Hyderabad,2106,Basic,Android,UPI
C12636,30,Male,Hyderabad,764,Premium,Android,UPI
C12637,31,Female,Delhi,1214,Standard,iOS,UPI
C12638,33,Male,Lucknow,414,Basic,Android,Wallet
C12639,25,Female,Delhi,311,Basic,Android,UPI
C12640,29,Male,Ahmedabad,1727,Basic,Android,UPI
C12641,42,Male,Ahmedabad,1358,Standard,iOS,UPI
C12642,25,Female,Pune,441,Standard,iOS,UPI
C12643,22,Female,Kanpur,1115,Basic,Android,UPI
C12644,30,Female,Bengaluru,1288,Premium,Android,Card
C12645,21,Female,Kanpur,158,Basic,iOS,Net Banking
C12646,18,Female,Ahmedabad,681,Basic,iOS,Card
C12647,28,Male,Jaipur,1905,Basic,Android,UPI
C12648,44,Female,Kolkata,817,Basic,Android,UPI
C12649,31,Female,Lucknow,1568,Standard,iOS,Wallet
C12650,33,Female,Chandigarh,1343,Standard,Android,UPI
C12651,18,Male,Hyderabad,41,Standard,Android,UPI
C12652,35,Female,Lucknow,2086,Basic,Android,Card
C12653,32,Male,Ahmedabad,2112,Basic,iOS,Card
C12654,25,Male,Hyderabad,1480,Basic,Android,Wallet
C12655,33,Female,Noida,375,Standard,iOS,UPI
C12656,33,Female,Hyderabad,1862,Basic,iOS,UPI
C12657,21,Female,Pune,30,Basic,Android,Card
C12658,34,Male,Mumbai,1136,Premium,Android,Card
C12659,42,Female,Delhi,957,Standard,Android,UPI
C12660,29,Female,Lucknow,1543,Basic,iOS,Net Banking
C12661,23,Male,Hyderabad,335,Standard,Web,UPI
C12662,29,Male,Hyderabad,1929,Basic,Web,UPI
C12663,39,Female,Delhi,1267,Standard,iOS,Card
C12664,20,Male,Chennai,595,Premium,iOS,UPI
C12665,36,Female,Jaipur,705,Basic,Web,UPI
C12666,25,Female,Kanpur,1519,Premium,Android,Wallet
C12667,33,Female,Mumbai,431,Basic,Web,Card
C12668,26,Male,Pune,673,Basic,Android,Wallet
C12669,26,Female,Hyderabad,2168,Standard,iOS,UPI
C12670,45,Male,Pune,1939,Standard,Android,UPI
C12671,18,Male,Hyderabad,752,Basic,Android,UPI
C12672,35,Male,Hyderabad,1235,Basic,Android,UPI
C12673,47,Female,Hyderabad,929,Basic,Android,UPI
C12674,37,Female,Pune,465,Basic,iOS,Wallet
C12675,19,Male,Chennai,668,Basic,Web,UPI
C12676,19,Female,Hyderabad,264,Basic,iOS,Card
C12677,24,Male,Lucknow,1846,Premium,Android,Card
C12678,32,Female,Ahmedabad,564,Standard,iOS,UPI
C12679,33,Male,Bengaluru,457,Premium,Android,UPI
C12680,20,Male,Jaipur,1414,Basic,Android,Card
C12681,23,Male,Lucknow,307,Basic,Web,UPI
C12682,24,Male,Delhi,2105,Standard,Android,UPI
C12683,29,Female,Pune,1942,Standard,iOS,Card
C12684,49,Female,Bengaluru,925,Standard,Android,UPI
C12685,23,Female,Ahmedabad,427,Basic,Web,UPI
C12686,22,Male,Delhi,334,Standard,iOS,Card
C12687,21,Female,Kolkata,1891,Standard,Android,UPI
C12688,37,Female,Delhi,986,Basic,Android,UPI
C12689,31,Female,Chennai,1284,Standard,Android,UPI
C12690,23,Female,Gurugram,299,Basic,Android,Card
C12691,28,Male,Hyderabad,1816,Basic,iOS,Card
C12692,24,Male,Kanpur,1153,Premium,iOS,Wallet
C12693,34,Female,Chandigarh,182,Standard,Android,Card
C12694,55,Female,Kanpur,195,Basic,Android,Card
C12695,36,Male,Delhi,2121,Basic,Android,Card
C12696,30,Male,Lucknow,153,Basic,iOS,UPI
C12697,25,Male,Mumbai,680,Premium,Android,UPI
C12698,19,Male,Hyderabad,57,Standard,iOS,Card
C12699,38,Male,Kanpur,157,Standard,iOS,UPI
C12700,37,Male,Kolkata,1793,Premium,Android,Wallet
C12701,27,Male,Chennai,1689,Basic,Android,Card
C12702,42,Male,Hyderabad,748,Premium,Android,UPI
C12703,31,Male,Lucknow,417,Standard,Web,UPI
C12704,38,Male,Ahmedabad,569,Standard,Android,UPI
C12705,34,Female,Hyderabad,791,Premium,Android,Net Banking
C12706,29,Female,Kanpur,1715,Standard,iOS,UPI
C12707,22,Male,Delhi,1320,Basic,Android,Net Banking
C12708,30,Male,Delhi,993,Basic,Android,UPI
C12709,39,Female,Kolkata,178,Basic,Android,Wallet
C12710,26,Female,Indore,280,Basic,Android,UPI
C12711,35,Female,Delhi,468,Basic,iOS,Net Banking
C12712,21,Female,Delhi,490,Standard,Web,Card
C12713,38,Male,Delhi,1091,Basic,Web,UPI
C12714,34,Male,Lucknow,1902,Premium,Android,Card
C12715,20,Male,Delhi,945,Basic,Android,UPI
C12716,29,Female,Chennai,743,Basic,Android,UPI
C12717,39,Female,Chandigarh,1239,Basic,Android,UPI
C12718,20,Female,Mumbai,194,Premium,iOS,UPI
C12719,21,Female,Pune,1611,Basic,Android,UPI
C12720,30,Male,Chennai,150,Basic,Android,Card
C12721,50,Female,Jaipur,795,Basic,Android,Wallet
C12722,25,Male,Bengaluru,2097,Basic,Android,UPI
C12723,35,Male,Hyderabad,907,Premium,iOS,Card
C12724,33,Female,Delhi,1652,Standard,Web,UPI
C12725,26,Female,Ahmedabad,621,Basic,iOS,UPI
C12726,32,Female,Jaipur,1879,Basic,Android,UPI
C12727,27,Female,Mumbai,767,Basic,Android,Net Banking
C12728,28,Male,Hyderabad,523,Standard,iOS,UPI
C12729,18,Male,Kanpur,140,Standard,Web,UPI
C12730,31,Male,Mumbai,695,Standard,iOS,Card
C12731,39,Male,Bengaluru,1288,Basic,Android,UPI
C12732,32,Male,Pune,167,Basic,iOS,UPI
C12733,41,Male,Bengaluru,404,Standard,Android,UPI
C12734,36,Female,Bengaluru,782,Standard,Android,UPI
C12735,30,Female,Hyderabad,1584,Standard,Web,UPI
C12736,25,Female,Delhi,1325,Standard,Web,UPI
C12737,27,Female,Chennai,121,Standard,Android,Wallet
C12738,18,Male,Ahmedabad,109,Premium,iOS,Net Banking
C12739,29,Female,Pune,159,Basic,Android,UPI
C12740,32,Male,Mumbai,747,Premium,Android,UPI
C12741,46,Female,Lucknow,647,Standard,Web,Wallet
C12742,36,Male,Delhi,283,Standard,iOS,Card
C12743,23,Female,Jaipur,981,Standard,Android,Card
C12744,18,Female,Bengaluru,1313,Basic,iOS,Card
C12745,29,Male,Jaipur,1535,Standard,Android,UPI
C12746,38,Female,Delhi,2189,Standard,Android,UPI
C12747,29,Male,Delhi,1532,Premium,Web,UPI
C12748,36,Male,Chennai,2169,Standard,iOS,UPI
C12749,29,Female,Mumbai,2142,Premium,iOS,Wallet
C12750,37,Female,Delhi,1867,Basic,Android,UPI
C12751,18,Female,Ahmedabad,793,Premium,iOS,UPI
C12752,45,Female,Lucknow,124,Standard,Web,Net Banking
C12753,21,Male,Mumbai,158,Standard,Android,Net Banking
C12754,38,Male,Kanpur,1919,Standard,Android,UPI
C12755,29,Female,Jaipur,1898,Premium,Android,UPI
C12756,30,Male,Kanpur,701,Basic,Android,Card
C12757,29,Male,Kolkata,1615,Basic,Android,UPI
C12758,33,Female,Kolkata,1016,Premium,iOS,Net Banking
C12759,35,Female,Chennai,177,Basic,Android,UPI
C12760,41,Male,Kolkata,1449,Standard,Web,UPI
C12761,44,Male,Noida,210,Standard,Android,UPI
C12762,34,Female,Mumbai,313,Standard,iOS,Card
C12763,46,Male,Bengaluru,1064,Premium,Web,Wallet
C12764,32,Female,Mumbai,182,Basic,Android,Card
C12765,41,Male,Gurugram,771,Standard,Android,UPI
C12766,35,Male,Hyderabad,1663,Standard,Web,Card
C12767,26,Female,Kolkata,1324,Standard,Android,UPI
C12768,33,Male,Lucknow,150,Basic,Android,UPI
C12769,36,Male,Chandigarh,505,Basic,Android,UPI
C12770,31,Male,Delhi,2186,Standard,Android,UPI
C12771,35,Male,Jaipur,2111,Basic,Android,UPI
C12772,39,Female,Kanpur,2024,Standard,iOS,Card
C12773,31,Female,Mumbai,1141,Basic,Web,UPI
C12774,18,Female,Ahmedabad,964,Premium,iOS,UPI
C12775,46,Male,Bengaluru,1659,Premium,Android,UPI
C12776,28,Male,Kolkata,2106,Standard,Android,Card
C12777,24,Female,Chennai,302,Premium,Android,UPI
C12778,21,Male,Bengaluru,1972,Premium,Android,UPI
C12779,28,Male,Mumbai,1368,Standard,Android,Net Banking
C12780,26,Female,Mumbai,335,Standard,Android,UPI
C12781,24,Female,Mumbai,1907,Standard,Android,Wallet
C12782,25,Male,Kolkata,99,Standard,Android,Wallet
C12783,36,Female,Bengaluru,79,Standard,Android,UPI
C12784,49,Male,Delhi,827,Standard,iOS,Net Banking
C12785,38,Male,Kolkata,1201,Standard,Android,Card
C12786,41,Female,Kolkata,958,Basic,Web,UPI
C12787,28,Female,Chennai,565,Standard,Web,Net Banking
C12788,32,Female,Gurugram,1456,Premium,Web,UPI
C12789,35,Male,Hyderabad,1068,Basic,Android,UPI
C12790,25,Female,Lucknow,289,Basic,Android,UPI
C12791,27,Male,Mumbai,1800,Premium,Android,Net Banking
C12792,39,Male,Ahmedabad,700,Basic,Android,Net Banking
C12793,41,Male,Chandigarh,1527,Standard,Android,UPI
C12794,32,Female,Lucknow,791,Standard,Android,Card
C12795,20,Female,Pune,1667,Standard,iOS,UPI
C12796,28,Male,Pune,642,Basic,iOS,Net Banking
C12797,18,Female,Bengaluru,489,Basic,Android,UPI
C12798,32,Female,Kolkata,191,Standard,Android,UPI
C12799,33,Other,Jaipur,1836,Basic,iOS,Card
C12800,29,Male,Chandigarh,1595,Standard,iOS,Card
C12801,33,Male,Chennai,1362,Premium,iOS,UPI
C12802,35,Female,Mumbai,1348,Standard,iOS,Card
C12803,33,Male,Pune,180,Basic,iOS,Card
C12804,20,Female,Mumbai,924,Standard,Android,UPI
C12805,29,Female,Delhi,1902,Basic,Android,UPI
C12806,35,Female,Bengaluru,657,Standard,Android,UPI
C12807,45,Male,Ahmedabad,150,Standard,Android,Card
C12808,29,Female,Delhi,1851,Premium,Web,Card
C12809,36,Male,Delhi,92,Standard,iOS,UPI
C12810,39,Male,Mumbai,1524,Basic,iOS,Card
C12811,29,Male,Kanpur,1839,Basic,Android,UPI
C12812,41,Female,Kolkata,1647,Standard,iOS,UPI
C12813,42,Male,Mumbai,58,Premium,Android,Card
C12814,43,Male,Mumbai,1974,Basic,Android,UPI
C12815,35,Female,Pune,221,Standard,iOS,Wallet
C12816,52,Female,Bengaluru,1878,Basic,Android,Wallet
C12817,25,Male,Pune,66,Premium,Android,UPI
C12818,50,Male,Hyderabad,1095,Standard,Android,UPI
C12819,38,Male,Noida,1940,Standard,Android,UPI
C12820,43,Female,Bengaluru,600,Basic,Android,UPI
C12821,28,Female,Kolkata,126,Premium,iOS,Wallet
C12822,39,Female,Mumbai,222,Standard,Android,UPI
C12823,44,Other,Indore,838,Basic,Android,UPI
C12824,21,Male,Chandigarh,812,Standard,Android,Card
C12825,30,Male,Ahmedabad,500,Basic,Android,Card
C12826,18,Male,Hyderabad,1022,Standard,iOS,Card
C12827,29,Female,Delhi,771,Standard,iOS,Card
C12828,24,Male,Lucknow,1311,Standard,iOS,Card
C12829,29,Female,Ahmedabad,660,Basic,iOS,UPI
C12830,57,Female,Delhi,712,Premium,iOS,UPI
C12831,46,Female,Hyderabad,1956,Premium,Android,Card
C12832,18,Female,Hyderabad,1732,Standard,iOS,Card
C12833,36,Female,Lucknow,1698,Standard,Android,UPI
C12834,38,Male,Kolkata,853,Basic,Android,Net Banking
C12835,28,Male,Kolkata,1950,Basic,iOS,Card
C12836,33,Male,Kolkata,770,Premium,iOS,UPI
C12837,33,Female,Bengaluru,1592,Standard,Android,Wallet
C12838,19,Male,Bengaluru,1660,Basic,Web,Card
C12839,22,Female,Mumbai,746,Standard,Android,Wallet
C12840,33,Female,Jaipur,1365,Basic,Android,Card
C12841,32,Female,Hyderabad,433,Basic,Android,Card
C12842,25,Female,Hyderabad,863,Premium,iOS,UPI
C12843,24,Male,Delhi,1179,Basic,Web,UPI
C12844,30,Male,Delhi,1474,Basic,iOS,Card
C12845,39,Female,Pune,803,Standard,Android,Net Banking
C12846,30,Male,Delhi,1574,Basic,Android,Net Banking
C12847,46,Female,Mumbai,1426,Basic,Android,UPI
C12848,25,Female,Jaipur,1904,Standard,iOS,Card
C12849,33,Male,Hyderabad,114,Basic,Web,UPI
C12850,28,Male,Hyderabad,1144,Basic,Web,Card
C12851,36,Male,Hyderabad,1577,Standard,Android,UPI
C12852,24,Female,Lucknow,946,Premium,Android,Card
C12853,48,Male,Bengaluru,680,Premium,Android,UPI
C12854,18,Female,Ahmedabad,1292,Basic,Android,Net Banking
C12855,46,Female,Gurugram,1033,Standard,Web,Card
C12856,32,Female,Kolkata,962,Standard,Android,UPI
C12857,36,Female,Hyderabad,2153,Basic,iOS,Card
C12858,43,Female,Ahmedabad,947,Basic,Android,Card
C12859,39,Female,Hyderabad,497,Standard,iOS,UPI
C12860,24,Male,Hyderabad,66,Basic,Web,UPI
C12861,36,Female,Chennai,285,Premium,iOS,Net Banking
C12862,48,Female,Bengaluru,1195,Basic,iOS,UPI
C12863,23,Male,Mumbai,485,Basic,Android,UPI
C12864,50,Male,Hyderabad,267,Premium,Android,Card
C12865,34,Female,Mumbai,792,Premium,Android,UPI
C12866,27,Female,Hyderabad,551,Basic,Android,UPI
C12867,23,Female,Pune,1193,Standard,iOS,UPI
C12868,29,Male,Gurugram,152,Standard,Android,UPI
C12869,18,Female,Mumbai,2157,Basic,Android,UPI
C12870,27,Female,Pune,2007,Standard,iOS,Card
C12871,29,Male,Hyderabad,1917,Standard,Web,UPI
C12872,21,Male,Mumbai,402,Basic,Web,UPI
C12873,38,Female,Delhi,1581,Premium,Android,Card
C12874,29,Female,Mumbai,59,Premium,Android,Card
C12875,25,Female,Delhi,1593,Standard,Android,UPI
C12876,28,Female,Bengaluru,1761,Basic,Web,UPI
C12877,34,Female,Hyderabad,645,Premium,iOS,UPI
C12878,32,Male,Chennai,1036,Standard,Web,UPI
C12879,25,Male,Mumbai,2043,Basic,Web,UPI
C12880,32,Male,Delhi,460,Standard,Android,Card
C12881,31,Male,Mumbai,1200,Standard,Android,Wallet
C12882,21,Male,Chennai,689,Basic,Android,UPI
C12883,28,Female,Bengaluru,382,Basic,Android,UPI
C12884,36,Male,Chennai,1509,Premium,Web,Wallet
C12885,36,Female,Delhi,2092,Premium,Android,UPI
C12886,29,Female,Mumbai,1256,Basic,iOS,Net Banking
C12887,37,Female,Gurugram,1129,Basic,Android,Card
C12888,22,Male,Mumbai,1188,Basic,iOS,Net Banking
C12889,22,Male,Mumbai,367,Standard,Android,Card
C12890,29,Female,Delhi,466,Basic,Android,UPI
C12891,44,Male,Chandigarh,1625,Standard,iOS,Card
C12892,32,Male,Pune,1301,Basic,Android,UPI
C12893,29,Female,Pune,537,Standard,Web,Card
C12894,45,Female,Chandigarh,72,Standard,iOS,UPI
C12895,28,Male,Mumbai,437,Standard,Android,Card
C12896,51,Male,Indore,1126,Basic,Android,UPI
C12897,26,Female,Delhi,610,Standard,Android,UPI
C12898,22,Female,Pune,1616,Basic,Android,UPI
C12899,30,Male,Hyderabad,1284,Basic,Android,UPI
C12900,29,Female,Hyderabad,349,Standard,Android,UPI
C12901,24,Male,Gurugram,664,Standard,Web,UPI
C12902,54,Male,Delhi,107,Standard,Web,Net Banking
C12903,34,Male,Chandigarh,118,Basic,Android,Card
C12904,35,Female,Hyderabad,1662,Standard,iOS,Card
C12905,27,Male,Kolkata,870,Basic,Android,Card
C12906,26,Female,Indore,1943,Standard,Android,UPI
C12907,40,Female,Mumbai,538,Basic,Android,Card
C12908,18,Female,Noida,727,Standard,Android,UPI
C12909,21,Female,Pune,1139,Premium,Android,UPI
C12910,29,Female,Ahmedabad,639,Basic,iOS,Card
C12911,43,Male,Delhi,1027,Premium,Android,Wallet
C12912,28,Female,Chennai,295,Standard,iOS,UPI
C12913,35,Female,Kolkata,199,Standard,Android,UPI
C12914,31,Female,Hyderabad,1897,Standard,iOS,Card
C12915,43,Male,Delhi,562,Basic,Android,UPI
C12916,18,Female,Delhi,251,Basic,Android,UPI
C12917,38,Male,Lucknow,640,Basic,Android,UPI
C12918,29,Female,Mumbai,940,Standard,Android,UPI
C12919,39,Male,Ahmedabad,1081,Basic,iOS,Card
C12920,24,Male,Chandigarh,1691,Standard,Android,Wallet
C12921,31,Male,Mumbai,1814,Premium,iOS,Card
C12922,30,Male,Delhi,663,Standard,Android,Net Banking
C12923,22,Male,Kolkata,504,Basic,Android,UPI
C12924,19,Female,Mumbai,298,Standard,Android,UPI
C12925,26,Female,Pune,373,Basic,Android,UPI
C12926,32,Male,Kolkata,91,Standard,Android,UPI
C12927,24,Male,Pune,32,Basic,Android,Card
C12928,28,Male,Bengaluru,937,Basic,Web,Wallet
C12929,18,Female,Kolkata,1346,Premium,Android,UPI
C12930,28,Female,Pune,1807,Basic,Android,Net Banking
C12931,40,Male,Delhi,736,Basic,Android,UPI
C12932,37,Male,Pune,657,Basic,Web,UPI
C12933,30,Female,Kanpur,1484,Basic,Android,UPI
C12934,33,Female,Kolkata,1411,Standard,Android,UPI
C12935,24,Male,Hyderabad,1527,Basic,Web,Card
C12936,46,Male,Bengaluru,398,Basic,Web,Card
C12937,50,Male,Mumbai,127,Premium,Android,Card
C12938,32,Female,Delhi,1212,Basic,Android,Card
C12939,54,Female,Mumbai,937,Basic,Android,Card
C12940,25,Female,Chandigarh,590,Basic,Web,UPI
C12941,20,Male,Delhi,2130,Premium,iOS,Wallet
C12942,25,Female,Lucknow,375,Standard,Android,UPI
C12943,29,Female,Delhi,627,Standard,Android,Card
C12944,52,Female,Bengaluru,1657,Standard,Android,Card
C12945,28,Female,Hyderabad,1179,Standard,iOS,UPI
C12946,23,Male,Bengaluru,532,Standard,iOS,UPI
C12947,23,Female,Jaipur,1197,Premium,Android,UPI
C12948,41,Female,Indore,939,Standard,iOS,UPI
C12949,40,Male,Kanpur,595,Standard,iOS,Card
C12950,27,Female,Delhi,1486,Basic,iOS,Net Banking
C12951,18,Male,Jaipur,1720,Standard,Android,UPI
C12952,21,Male,Delhi,178,Standard,Web,Net Banking
C12953,46,Male,Noida,37,Basic,Android,UPI
C12954,37,Male,Chennai,1990,Basic,Android,Card
C12955,32,Male,Bengaluru,522,Basic,Android,Net Banking
C12956,48,Male,Delhi,217,Basic,iOS,Card
C12957,49,Male,Mumbai,1315,Standard,iOS,UPI
C12958,31,Female,Delhi,730,Basic,Android,Card
C12959,31,Male,Noida,2020,Standard,Android,Card
C12960,26,Male,Jaipur,2114,Basic,Android,Net Banking
C12961,28,Female,Indore,50,Standard,Android,UPI
C12962,18,Female,Mumbai,445,Basic,Android,Net Banking
C12963,18,Male,Pune,1333,Basic,Android,UPI
C12964,18,Female,Delhi,759,Standard,Web,Card
C12965,41,Male,Chennai,37,Basic,Android,Card
C12966,18,Other,Bengaluru,1033,Basic,Android,UPI
C12967,49,Female,Bengaluru,1381,Standard,Android,UPI
C12968,24,Female,Pune,2178,Premium,iOS,Card
C12969,47,Male,Delhi,923,Standard,iOS,Card
C12970,28,Female,Hyderabad,1743,Standard,iOS,Card
C12971,18,Male,Kolkata,972,Standard,iOS,Card
C12972,43,Female,Mumbai,1487,Standard,Android,Net Banking
C12973,44,Female,Noida,2129,Standard,Web,UPI
C12974,23,Female,Chennai,1793,Standard,iOS,UPI
C12975,28,Female,Lucknow,1510,Standard,iOS,Wallet
C12976,23,Male,Kolkata,1825,Standard,iOS,UPI
C12977,30,Female,Ahmedabad,456,Basic,Android,Net Banking
C12978,32,Female,Ahmedabad,1757,Basic,iOS,UPI
C12979,28,Male,Kanpur,2194,Standard,iOS,UPI
C12980,18,Male,Pune,2141,Standard,Web,Card
C12981,26,Female,Bengaluru,586,Standard,Web,Card
C12982,37,Male,Mumbai,957,Basic,Android,UPI
C12983,29,Female,Pune,1518,Standard,iOS,UPI
C12984,28,Male,Mumbai,189,Premium,Android,Card
C12985,23,Male,Delhi,1506,Basic,Web,Card
C12986,26,Male,Mumbai,627,Standard,iOS,UPI
C12987,44,Male,Chennai,1873,Basic,Web,UPI
C12988,21,Male,Delhi,1361,Standard,iOS,Card
C12989,37,Female,Pune,895,Basic,iOS,Card
C12990,31,Male,Jaipur,138,Standard,Android,Card
C12991,33,Male,Lucknow,1540,Basic,iOS,Net Banking
C12992,24,Female,Bengaluru,1193,Basic,Android,Card
C12993,28,Male,Chennai,1388,Basic,Android,Card
C12994,31,Male,Pune,68,Basic,Android,UPI
C12995,26,Male,Hyderabad,977,Standard,Android,Card
C12996,34,Female,Kolkata,1670,Basic,iOS,Wallet
C12997,35,Male,Delhi,2017,Basic,Android,UPI
C12998,51,Female,Indore,791,Premium,Android,UPI
C12999,34,Male,Mumbai,576,Basic,iOS,UPI
C13000,18,Female,Lucknow,1562,Standard,Android,Card
C13001,41,Male,Pune,516,Basic,Android,Card
C13002,29,Female,Delhi,1957,Premium,Android,UPI
C13003,49,Male,Ahmedabad,1397,Standard,Android,Card
C13004,44,Female,Mumbai,2038,Basic,Web,Card
C13005,26,Male,Jaipur,442,Standard,iOS,Wallet
C13006,37,Male,Pune,212,Basic,iOS,Net Banking
C13007,26,Female,Mumbai,1831,Basic,iOS,Card
C13008,31,Male,Mumbai,656,Basic,Android,UPI
C13009,37,Male,Ahmedabad,767,Standard,iOS,Wallet
C13010,41,Female,Bengaluru,611,Standard,iOS,Card
C13011,39,Female,Kanpur,943,Basic,Android,Net Banking
C13012,32,Female,Ahmedabad,1980,Standard,Android,Card
C13013,53,Female,Kolkata,1510,Basic,Android,Net Banking
C13014,28,Male,Bengaluru,186,Standard,Android,Card
C13015,18,Male,Ahmedabad,1950,Basic,Android,UPI
C13016,18,Female,Gurugram,987,Standard,iOS,UPI
C13017,44,Male,Mumbai,1527,Standard,Android,UPI
C13018,30,Female,Bengaluru,822,Standard,iOS,UPI
C13019,32,Male,Delhi,234,Standard,Android,UPI
C13020,26,Male,Hyderabad,940,Standard,Android,Card
C13021,27,Male,Ahmedabad,763,Premium,iOS,Card
C13022,24,Male,Hyderabad,68,Premium,Android,Net Banking
C13023,35,Female,Pune,1657,Premium,Web,Net Banking
C13024,30,Male,Bengaluru,1899,Basic,Android,UPI
C13025,35,Male,Delhi,1999,Basic,iOS,Card
C13026,34,Male,Bengaluru,560,Standard,Android,Wallet
C13027,27,Female,Lucknow,1405,Basic,Android,Card
C13028,18,Male,Pune,1184,Standard,Android,UPI
C13029,18,Female,Hyderabad,1323,Basic,Android,Wallet
C13030,58,Male,Jaipur,1761,Standard,Android,UPI
C13031,44,Male,Mumbai,852,Basic,Android,Card
C13032,43,Female,Delhi,626,Premium,iOS,UPI
C13033,25,Female,Delhi,1067,Standard,Android,Net Banking
C13034,31,Female,Chandigarh,1474,Basic,Android,Net Banking
C13035,24,Female,Ahmedabad,967,Standard,Android,Net Banking
C13036,19,Female,Pune,688,Standard,Web,UPI
C13037,26,Female,Mumbai,149,Premium,Android,UPI
C13038,43,Female,Delhi,1273,Standard,iOS,Wallet
C13039,39,Male,Kolkata,77,Standard,Android,Net Banking
C13040,22,Male,Hyderabad,1051,Basic,Android,Net Banking
C13041,28,Female,Noida,1369,Standard,Android,Card
C13042,38,Female,Jaipur,1030,Basic,Web,UPI
C13043,26,Male,Hyderabad,1136,Premium,Android,UPI
C13044,32,Female,Ahmedabad,632,Standard,Android,UPI
C13045,35,Female,Indore,561,Standard,iOS,UPI
C13046,35,Male,Hyderabad,1863,Standard,Android,UPI
C13047,33,Male,Kolkata,1967,Basic,Web,UPI
C13048,25,Female,Noida,377,Basic,Android,Card
C13049,26,Male,Delhi,478,Basic,Web,Net Banking
C13050,21,Female,Kanpur,805,Basic,iOS,UPI
C13051,18,Female,Mumbai,1550,Basic,Android,Net Banking
C13052,30,Female,Kolkata,164,Standard,Web,UPI
C13053,38,Male,Jaipur,1740,Standard,Web,Wallet
C13054,19,Male,Pune,45,Standard,iOS,UPI
C13055,33,Male,Chennai,1853,Standard,Android,UPI
C13056,38,Male,Pune,118,Basic,iOS,Card
C13057,18,Male,Delhi,1851,Standard,Android,UPI
C13058,29,Female,Delhi,2077,Basic,Web,Card
C13059,46,Male,Bengaluru,1753,Premium,Android,Card
C13060,36,Female,Pune,2165,Standard,iOS,UPI
C13061,18,Male,Hyderabad,1023,Basic,iOS,Card
C13062,37,Male,Delhi,1422,Standard,Web,Card
C13063,24,Male,Kanpur,1383,Standard,iOS,UPI
C13064,37,Female,Bengaluru,55,Basic,iOS,Card
C13065,25,Male,Hyderabad,1891,Basic,iOS,Wallet
C13066,31,Female,Hyderabad,1559,Basic,iOS,UPI
C13067,26,Female,Delhi,942,Standard,Android,UPI
C13068,31,Male,Ahmedabad,495,Standard,Web,UPI
C13069,26,Female,Hyderabad,1485,Standard,Android,Card
C13070,29,Female,Mumbai,2159,Basic,iOS,Wallet
C13071,20,Male,Indore,376,Basic,Android,Net Banking
C13072,35,Female,Lucknow,2026,Basic,Android,Card
C13073,33,Female,Ahmedabad,1255,Basic,Android,UPI
C13074,18,Other,Kanpur,1741,Standard,Web,Card
C13075,40,Female,Noida,336,Basic,Android,UPI
C13076,29,Female,Bengaluru,256,Basic,Android,UPI
C13077,32,Male,Pune,1462,Standard,Android,UPI
C13078,38,Female,Pune,645,Basic,Android,UPI
C13079,34,Male,Bengaluru,847,Standard,Android,Net Banking
C13080,41,Male,Delhi,1380,Standard,Android,Card
C13081,28,Male,Mumbai,524,Standard,iOS,UPI
C13082,40,Female,Kolkata,771,Premium,iOS,UPI
C13083,32,Female,Jaipur,812,Standard,iOS,Card
C13084,36,Male,Ahmedabad,795,Standard,iOS,UPI
C13085,35,Female,Bengaluru,1552,Standard,Android,UPI
C13086,42,Male,Delhi,359,Standard,iOS,Net Banking
C13087,37,Male,Hyderabad,2000,Basic,iOS,Card
C13088,27,Male,Chennai,1584,Standard,iOS,Wallet
C13089,25,Female,Noida,54,Basic,iOS,Net Banking
C13090,31,Male,Kanpur,1256,Standard,iOS,Card
C13091,24,Male,Noida,394,Basic,iOS,UPI
C13092,22,Female,Lucknow,361,Premium,Web,UPI
C13093,18,Male,Indore,1561,Standard,iOS,UPI
C13094,18,Female,Hyderabad,570,Basic,Android,UPI
C13095,49,Male,Mumbai,1264,Standard,iOS,Card
C13096,25,Female,Mumbai,646,Standard,iOS,UPI
C13097,48,Female,Hyderabad,722,Standard,iOS,UPI
C13098,35,Male,Bengaluru,1485,Standard,Android,UPI
C13099,31,Female,Delhi,1444,Basic,Android,Net Banking
C13100,18,Female,Gurugram,76,Premium,iOS,UPI
C13101,31,Female,Delhi,1911,Premium,Android,UPI
C13102,48,Male,Indore,1303,Premium,Android,Card
C13103,45,Female,Ahmedabad,589,Standard,Android,UPI
C13104,33,Male,Kolkata,274,Basic,Android,UPI
C13105,21,Male,Kolkata,1083,Premium,iOS,UPI
C13106,22,Male,Bengaluru,1539,Basic,Android,Card
C13107,23,Female,Kolkata,75,Basic,Android,UPI
C13108,43,Female,Delhi,658,Standard,Web,UPI
C13109,46,Male,Gurugram,2082,Standard,iOS,UPI
C13110,33,Male,Bengaluru,247,Standard,Web,Net Banking
C13111,28,Male,Delhi,1769,Standard,Android,UPI
C13112,45,Male,Ahmedabad,547,Basic,iOS,Card
C13113,22,Male,Kolkata,1126,Standard,Android,UPI
C13114,31,Male,Hyderabad,1686,Premium,Android,Card
C13115,35,Female,Pune,2182,Premium,Android,UPI
C13116,23,Male,Delhi,1339,Basic,Android,UPI
C13117,25,Female,Kolkata,507,Basic,Web,UPI
C13118,25,Female,Bengaluru,207,Basic,Android,Card
C13119,44,Male,Bengaluru,1644,Standard,iOS,UPI
C13120,48,Female,Delhi,1285,Standard,Android,UPI
C13121,32,Female,Bengaluru,1699,Standard,Android,UPI
C13122,29,Male,Bengaluru,2172,Basic,Web,Wallet
C13123,26,Male,Hyderabad,1832,Standard,iOS,Net Banking
C13124,31,Male,Delhi,1118,Standard,Android,Wallet
C13125,26,Female,Delhi,1516,Standard,Android,UPI
C13126,30,Female,Chennai,1386,Basic,Android,Card
C13127,35,Male,Mumbai,443,Standard,iOS,Card
C13128,27,Male,Kolkata,700,Premium,Android,UPI
C13129,29,Male,Gurugram,228,Standard,Web,UPI
C13130,29,Female,Hyderabad,829,Standard,Web,UPI
C13131,28,Female,Noida,421,Basic,Android,Wallet
C13132,27,Male,Mumbai,1976,Basic,Android,Card
C13133,38,Female,Mumbai,1892,Basic,Web,UPI
C13134,18,Male,Ahmedabad,1609,Basic,Android,Card
C13135,45,Female,Ahmedabad,902,Basic,Android,Card
C13136,32,Female,Lucknow,46,Standard,iOS,UPI
C13137,36,Male,Mumbai,1215,Basic,Android,UPI
C13138,38,Female,Jaipur,83,Standard,iOS,Card
C13139,25,Female,Hyderabad,85,Basic,Web,UPI
C13140,23,Male,Bengaluru,365,Basic,iOS,UPI
C13141,22,Female,Delhi,1096,Basic,Android,UPI
C13142,29,Female,Chandigarh,1655,Basic,Android,UPI
C13143,37,Male,Mumbai,918,Standard,Web,Card
C13144,26,Female,Lucknow,1711,Standard,iOS,UPI
C13145,36,Male,Kolkata,1189,Standard,iOS,Net Banking
C13146,18,Female,Ahmedabad,1969,Premium,Android,UPI
C13147,28,Female,Ahmedabad,844,Basic,Web,UPI
C13148,42,Female,Lucknow,681,Standard,Android,UPI
C13149,29,Male,Delhi,193,Basic,Web,UPI
C13150,24,Female,Mumbai,505,Basic,Android,UPI
C13151,25,Male,Pune,125,Basic,Android,UPI
C13152,18,Female,Bengaluru,406,Standard,Android,UPI
C13153,22,Female,Mumbai,2091,Standard,Android,UPI
C13154,41,Male,Delhi,1211,Basic,Web,Card
C13155,26,Female,Bengaluru,1340,Basic,Android,Net Banking
C13156,27,Male,Mumbai,864,Premium,iOS,UPI
C13157,18,Male,Mumbai,1426,Standard,iOS,UPI
C13158,18,Male,Noida,1250,Standard,Android,Wallet
C13159,42,Male,Bengaluru,2016,Basic,iOS,UPI
C13160,37,Male,Chandigarh,1756,Basic,Web,UPI
C13161,19,Female,Indore,1225,Standard,iOS,UPI
C13162,25,Male,Delhi,1726,Basic,Android,UPI
C13163,31,Female,Ahmedabad,1365,Standard,Web,Card
C13164,20,Female,Pune,2188,Basic,Android,UPI
C13165,18,Male,Kolkata,1164,Standard,Web,UPI
C13166,30,Female,Mumbai,1876,Standard,iOS,UPI
C13167,36,Male,Delhi,411,Basic,Android,UPI
C13168,36,Female,Mumbai,395,Basic,Android,Card
C13169,39,Female,Pune,705,Basic,Web,UPI
C13170,18,Male,Chandigarh,1816,Standard,Web,UPI
C13171,32,Male,Kolkata,1949,Premium,Android,Net Banking
C13172,29,Male,Ahmedabad,900,Basic,Android,Card
C13173,30,Female,Chandigarh,993,Basic,Android,Wallet
C13174,29,Female,Kolkata,1091,Premium,Android,UPI
C13175,25,Female,Mumbai,473,Standard,Android,Card
C13176,18,Female,Kanpur,1195,Standard,Android,UPI
C13177,41,Female,Bengaluru,1826,Basic,Android,UPI
C13178,34,Male,Mumbai,1659,Basic,Android,Card
C13179,18,Female,Chennai,219,Premium,Web,UPI
C13180,35,Male,Gurugram,797,Standard,Android,UPI
C13181,27,Male,Delhi,1417,Basic,iOS,UPI
C13182,27,Male,Chennai,1317,Standard,Android,UPI
C13183,24,Female,Delhi,1549,Standard,iOS,Card
C13184,36,Female,Mumbai,1651,Basic,Web,UPI
C13185,24,Female,Mumbai,689,Premium,Android,UPI
C13186,21,Male,Ahmedabad,1049,Standard,iOS,Card
C13187,41,Male,Kanpur,392,Basic,Android,UPI
C13188,29,Female,Delhi,1585,Basic,Android,UPI
C13189,30,Female,Bengaluru,1002,Standard,Android,UPI
C13190,37,Other,Delhi,786,Standard,Android,UPI
C13191,25,Female,Mumbai,1668,Basic,Android,Wallet
C13192,27,Female,Chennai,2065,Standard,iOS,Wallet
C13193,34,Female,Kolkata,1954,Standard,Android,UPI
C13194,18,Female,Kolkata,322,Standard,iOS,UPI
C13195,33,Female,Hyderabad,1799,Premium,Android,Card
C13196,24,Male,Pune,1260,Basic,Android,Net Banking
C13197,39,Male,Mumbai,267,Premium,Android,Card
C13198,36,Male,Delhi,871,Basic,iOS,Card
C13199,35,Female,Gurugram,513,Basic,Web,UPI
C13200,18,Female,Ahmedabad,590,Basic,iOS,Net Banking
C13201,30,Male,Noida,1368,Premium,Android,UPI
C13202,20,Female,Noida,905,Basic,Web,UPI
C13203,31,Female,Kolkata,1570,Basic,Android,UPI
C13204,18,Female,Noida,1779,Basic,Web,UPI
C13205,18,Male,Hyderabad,48,Standard,Android,UPI
C13206,42,Female,Mumbai,1819,Basic,Android,Wallet
C13207,34,Male,Mumbai,339,Basic,Android,Card
C13208,28,Female,Mumbai,42,Standard,iOS,UPI
C13209,23,Other,Mumbai,234,Premium,Android,UPI
C13210,21,Female,Bengaluru,140,Premium,Android,UPI
C13211,33,Male,Kolkata,770,Premium,Android,Card
C13212,28,Female,Jaipur,1851,Basic,Android,Wallet
C13213,45,Male,Pune,1507,Basic,iOS,UPI
C13214,29,Male,Delhi,989,Basic,Web,UPI
C13215,32,Male,Ahmedabad,2076,Premium,Web,UPI
C13216,19,Male,Bengaluru,1087,Standard,Android,UPI
C13217,28,Male,Mumbai,224,Standard,iOS,Card
C13218,33,Female,Bengaluru,72,Standard,iOS,UPI
C13219,28,Female,Bengaluru,1128,Standard,iOS,Wallet
C13220,27,Other,Bengaluru,518,Standard,iOS,Card
C13221,34,Male,Jaipur,838,Basic,iOS,UPI
C13222,45,Female,Ahmedabad,701,Standard,Android,UPI
C13223,32,Female,Kolkata,894,Basic,Web,Card
C13224,41,Female,Delhi,2118,Basic,iOS,Net Banking
C13225,37,Female,Jaipur,177,Basic,Android,UPI
C13226,41,Female,Kolkata,266,Premium,iOS,Net Banking
C13227,26,Male,Delhi,655,Premium,Android,UPI
C13228,29,Female,Kolkata,1641,Standard,Android,UPI
C13229,29,Male,Chennai,577,Standard,iOS,UPI
C13230,36,Male,Hyderabad,570,Basic,iOS,UPI
C13231,38,Female,Mumbai,1588,Basic,Web,Card
C13232,32,Female,Chennai,1335,Basic,Web,Wallet
C13233,39,Male,Mumbai,1422,Basic,Android,UPI
C13234,26,Female,Delhi,1460,Standard,Android,UPI
C13235,39,Male,Mumbai,1410,Basic,Android,Card
C13236,40,Male,Gurugram,1235,Premium,Web,Card
C13237,37,Female,Bengaluru,1156,Standard,Android,UPI
C13238,32,Male,Bengaluru,1694,Basic,Android,Card
C13239,37,Female,Bengaluru,772,Standard,iOS,UPI
C13240,23,Female,Kanpur,728,Standard,Android,UPI
C13241,33,Other,Pune,559,Standard,iOS,Wallet
C13242,34,Female,Noida,1831,Basic,Web,Card
C13243,19,Female,Bengaluru,54,Basic,iOS,Net Banking
C13244,35,Female,Mumbai,484,Standard,Android,Net Banking
C13245,20,Female,Pune,351,Standard,Android,Card
C13246,27,Female,Bengaluru,840,Basic,Android,UPI
C13247,31,Male,Jaipur,507,Premium,Android,UPI
C13248,24,Female,Kanpur,1126,Basic,Android,Card
C13249,32,Male,Hyderabad,2146,Premium,Android,UPI
C13250,32,Female,Indore,957,Basic,iOS,Wallet
C13251,24,Female,Chennai,2135,Standard,Android,UPI
C13252,36,Male,Bengaluru,700,Basic,Android,Card
C13253,24,Male,Chennai,1695,Standard,Android,UPI
C13254,52,Male,Mumbai,329,Premium,Android,Card
C13255,30,Female,Jaipur,1354,Basic,iOS,Card
C13256,20,Male,Mumbai,1660,Basic,Android,UPI
C13257,22,Male,Bengaluru,1481,Premium,Android,UPI
C13258,41,Male,Pune,2064,Premium,iOS,UPI
C13259,27,Male,Mumbai,1333,Standard,iOS,UPI
C13260,19,Female,Mumbai,1302,Basic,Web,UPI
C13261,39,Female,Kolkata,1433,Basic,iOS,UPI
C13262,27,Female,Mumbai,797,Basic,iOS,Net Banking
C13263,37,Female,Chennai,505,Standard,Web,UPI
C13264,39,Female,Bengaluru,1994,Basic,Web,UPI
C13265,33,Female,Delhi,2149,Basic,iOS,UPI
C13266,53,Female,Delhi,2051,Premium,iOS,Card
C13267,18,Male,Jaipur,1671,Standard,Web,UPI
C13268,24,Male,Gurugram,515,Standard,Android,UPI
C13269,29,Male,Delhi,538,Premium,Web,UPI
C13270,51,Female,Indore,701,Standard,Android,UPI
C13271,47,Male,Pune,1144,Basic,Android,Card
C13272,43,Male,Kolkata,542,Premium,Android,Net Banking
C13273,24,Female,Ahmedabad,1742,Premium,iOS,Net Banking
C13274,25,Male,Ahmedabad,213,Basic,Android,UPI
C13275,24,Female,Lucknow,2007,Basic,iOS,UPI
C13276,24,Male,Chennai,1012,Basic,Android,UPI
C13277,44,Male,Chennai,862,Basic,Android,Card
C13278,29,Male,Bengaluru,1006,Basic,Web,Net Banking
C13279,30,Male,Mumbai,1079,Basic,Android,Wallet
C13280,38,Female,Kolkata,1226,Standard,iOS,Wallet
C13281,18,Male,Mumbai,702,Basic,Web,Card
C13282,31,Male,Bengaluru,689,Premium,Android,UPI
C13283,21,Male,Mumbai,847,Standard,Android,Wallet
C13284,28,Female,Delhi,368,Basic,Android,UPI
C13285,26,Female,Kolkata,524,Standard,Android,UPI
C13286,25,Male,Pune,938,Standard,iOS,Net Banking
C13287,33,Male,Hyderabad,94,Standard,Android,UPI
C13288,33,Male,Mumbai,940,Premium,Android,UPI
C13289,29,Female,Hyderabad,933,Standard,iOS,UPI
C13290,34,Male,Bengaluru,35,Standard,iOS,Card
C13291,23,Male,Ahmedabad,1051,Standard,Android,UPI
C13292,37,Male,Pune,1465,Basic,Android,UPI
C13293,29,Male,Chennai,1722,Standard,Android,UPI
C13294,27,Female,Chennai,870,Standard,Android,UPI
C13295,24,Male,Indore,1164,Premium,Android,UPI
C13296,29,Male,Ahmedabad,200,Standard,iOS,Card
C13297,48,Female,Chennai,738,Basic,Web,UPI
C13298,30,Female,Chennai,1470,Standard,Android,UPI
C13299,21,Male,Mumbai,1035,Basic,Android,Net Banking
C13300,39,Female,Gurugram,2100,Standard,Android,UPI
C13301,27,Female,Bengaluru,1757,Standard,iOS,Card
C13302,34,Male,Delhi,1998,Premium,iOS,UPI
C13303,26,Male,Chandigarh,1073,Basic,iOS,UPI
C13304,43,Male,Ahmedabad,196,Premium,Android,Card
C13305,26,Female,Mumbai,1234,Standard,Android,Wallet
C13306,44,Female,Mumbai,2082,Basic,Web,Net Banking
C13307,22,Female,Mumbai,405,Basic,Android,Net Banking
C13308,28,Female,Pune,2113,Premium,Android,UPI
C13309,44,Male,Mumbai,46,Standard,iOS,UPI
C13310,33,Female,Gurugram,1362,Basic,iOS,Net Banking
C13311,51,Female,Gurugram,2047,Standard,Android,Net Banking
C13312,29,Male,Chennai,488,Basic,iOS,UPI
C13313,33,Female,Pune,611,Standard,Android,UPI
C13314,48,Female,Bengaluru,1781,Basic,iOS,UPI
C13315,18,Male,Mumbai,784,Basic,iOS,Card
C13316,18,Female,Ahmedabad,1451,Basic,iOS,Card
C13317,24,Female,Mumbai,279,Standard,Android,UPI
C13318,38,Other,Mumbai,1488,Basic,Android,UPI
C13319,18,Male,Bengaluru,1143,Standard,iOS,Net Banking
C13320,36,Male,Mumbai,1116,Standard,Android,UPI
C13321,36,Male,Hyderabad,1629,Standard,Android,Net Banking
C13322,49,Female,Ahmedabad,1001,Premium,Web,Net Banking
C13323,40,Male,Jaipur,1518,Standard,Web,Wallet
C13324,34,Male,Pune,954,Basic,Web,UPI
C13325,43,Female,Lucknow,1886,Basic,Android,Card
C13326,36,Female,Hyderabad,1236,Standard,Android,Card
C13327,27,Male,Lucknow,651,Standard,Android,UPI
C13328,21,Female,Chennai,1937,Premium,iOS,UPI
C13329,26,Female,Delhi,712,Basic,iOS,UPI
C13330,31,Female,Gurugram,2074,Basic,Android,UPI
C13331,33,Male,Bengaluru,2125,Standard,Android,UPI
C13332,18,Female,Mumbai,1240,Premium,Web,UPI
C13333,29,Male,Delhi,1020,Standard,Android,Card
C13334,31,Female,Bengaluru,606,Standard,Android,Net Banking
C13335,36,Male,Bengaluru,1840,Premium,Web,Card
C13336,46,Female,Chennai,613,Standard,Android,Net Banking
C13337,33,Female,Kanpur,1356,Standard,iOS,UPI
C13338,23,Male,Bengaluru,1774,Premium,Web,Card
C13339,18,Male,Chennai,422,Basic,iOS,UPI
C13340,37,Female,Bengaluru,404,Basic,Android,UPI
C13341,23,Male,Lucknow,2107,Premium,iOS,Card
C13342,39,Male,Delhi,2172,Standard,iOS,Wallet
C13343,44,Female,Mumbai,734,Basic,Web,UPI
C13344,18,Male,Chennai,533,Standard,Android,Card
C13345,36,Female,Kolkata,1422,Standard,iOS,UPI
C13346,43,Male,Jaipur,1296,Basic,Web,Card
C13347,40,Female,Pune,582,Standard,Android,UPI
C13348,18,Male,Jaipur,497,Basic,iOS,UPI
C13349,23,Male,Hyderabad,1279,Basic,Android,UPI
C13350,19,Male,Mumbai,626,Basic,Android,UPI
C13351,36,Female,Mumbai,1204,Standard,Android,Card
C13352,35,Male,Mumbai,1521,Premium,Android,Card
C13353,18,Female,Bengaluru,596,Standard,Android,Net Banking
C13354,28,Female,Chennai,1270,Standard,iOS,Wallet
C13355,38,Female,Bengaluru,2175,Basic,Android,UPI
C13356,32,Male,Pune,1196,Basic,Android,Card
C13357,32,Male,Chennai,335,Standard,Android,UPI
C13358,28,Male,Kolkata,1624,Standard,iOS,UPI
C13359,21,Female,Kolkata,991,Standard,Android,Net Banking
C13360,31,Male,Bengaluru,1584,Standard,iOS,Net Banking
C13361,31,Male,Bengaluru,98,Basic,iOS,UPI
C13362,37,Male,Pune,1574,Premium,iOS,Net Banking
C13363,37,Male,Pune,1511,Standard,iOS,Card
C13364,32,Female,Bengaluru,38,Premium,iOS,UPI
C13365,41,Male,Bengaluru,1032,Basic,iOS,Card
C13366,28,Male,Kolkata,1049,Basic,Android,UPI
C13367,18,Male,Kolkata,1245,Standard,Android,UPI
C13368,35,Female,Mumbai,1367,Standard,Web,UPI
C13369,32,Female,Hyderabad,1545,Standard,Web,Wallet
C13370,35,Female,Kanpur,2012,Basic,iOS,Card
C13371,20,Male,Mumbai,1687,Standard,iOS,UPI
C13372,47,Female,Lucknow,704,Basic,iOS,UPI
C13373,37,Male,Delhi,2125,Standard,Android,UPI
C13374,28,Female,Chennai,1067,Basic,Android,UPI
C13375,23,Female,Hyderabad,1904,Premium,Android,UPI
C13376,41,Female,Mumbai,1083,Basic,iOS,Card
C13377,21,Female,Noida,732,Standard,iOS,UPI
C13378,51,Female,Hyderabad,1598,Basic,Android,Card
C13379,25,Male,Gurugram,1608,Basic,Android,Card
C13380,46,Other,Bengaluru,291,Standard,Web,UPI
C13381,29,Female,Kanpur,194,Basic,iOS,Wallet
C13382,45,Female,Noida,1674,Standard,iOS,Wallet
C13383,24,Male,Pune,325,Basic,Android,UPI
C13384,31,Female,Delhi,1026,Standard,Android,UPI
C13385,38,Male,Kolkata,1027,Premium,iOS,Net Banking
C13386,37,Male,Chennai,983,Standard,Android,Card
C13387,41,Male,Gurugram,1027,Basic,Android,Wallet
C13388,27,Female,Hyderabad,2093,Standard,Android,UPI
C13389,32,Male,Bengaluru,1127,Basic,iOS,Card
C13390,42,Male,Mumbai,1912,Basic,Android,UPI
C13391,25,Female,Kolkata,1061,Standard,Android,Card
C13392,36,Male,Indore,1053,Basic,Android,UPI
C13393,29,Female,Mumbai,1421,Basic,Android,Card
C13394,33,Female,Ahmedabad,537,Standard,iOS,UPI
C13395,32,Male,Noida,2100,Basic,Web,UPI
C13396,24,Female,Mumbai,2052,Basic,Android,Net Banking
C13397,29,Female,Mumbai,404,Premium,Android,UPI
C13398,32,Female,Kolkata,348,Basic,Android,UPI
C13399,30,Male,Kolkata,805,Standard,iOS,UPI
C13400,45,Male,Mumbai,442,Basic,Web,Card
C13401,40,Male,Lucknow,191,Premium,Android,UPI
C13402,34,Male,Chennai,1783,Standard,Web,Wallet
C13403,24,Female,Noida,463,Basic,Android,Card
C13404,24,Male,Kanpur,829,Premium,Web,Net Banking
C13405,49,Female,Lucknow,2172,Basic,iOS,UPI
C13406,22,Male,Chennai,895,Premium,Android,Card
C13407,32,Male,Delhi,115,Standard,iOS,Net Banking
C13408,34,Male,Chennai,558,Basic,Android,Wallet
C13409,28,Male,Mumbai,493,Standard,Web,Card
C13410,22,Male,Kolkata,1236,Basic,Android,Wallet
C13411,24,Female,Mumbai,955,Standard,iOS,UPI
C13412,26,Female,Chennai,196,Standard,Android,UPI
C13413,25,Male,Mumbai,665,Basic,Android,UPI
C13414,43,Male,Bengaluru,1046,Standard,iOS,UPI
C13415,31,Male,Delhi,1213,Premium,iOS,Wallet
C13416,26,Male,Pune,935,Standard,Android,UPI
C13417,32,Female,Jaipur,2179,Standard,Web,UPI
C13418,37,Female,Mumbai,1096,Basic,Web,UPI
C13419,28,Female,Lucknow,1557,Premium,iOS,Card
C13420,39,Male,Lucknow,1270,Premium,Android,UPI
C13421,20,Male,Bengaluru,910,Premium,Web,Net Banking
C13422,42,Male,Kolkata,91,Standard,Android,Wallet
C13423,31,Male,Hyderabad,1511,Basic,iOS,UPI
C13424,31,Male,Delhi,1894,Basic,Web,UPI
C13425,25,Female,Chennai,1922,Standard,Android,UPI
C13426,20,Female,Mumbai,1751,Basic,Android,UPI
C13427,18,Female,Kanpur,526,Standard,Web,UPI
C13428,24,Male,Noida,1009,Basic,Android,UPI
C13429,36,Female,Lucknow,1585,Standard,Android,UPI
C13430,22,Male,Pune,1617,Standard,Android,UPI
C13431,18,Female,Pune,1362,Basic,iOS,Net Banking
C13432,23,Male,Chandigarh,136,Standard,Android,Card
C13433,28,Female,Delhi,1622,Basic,Android,Card
C13434,28,Male,Mumbai,1257,Basic,Web,Card
C13435,30,Female,Pune,212,Basic,iOS,Net Banking
C13436,40,Male,Bengaluru,1199,Basic,iOS,Card
C13437,42,Male,Bengaluru,1620,Basic,Android,UPI
C13438,49,Female,Mumbai,2060,Basic,Web,UPI
C13439,18,Male,Pune,1740,Basic,Android,UPI
C13440,23,Male,Bengaluru,598,Basic,Web,UPI
C13441,37,Female,Delhi,1521,Standard,Android,Wallet
C13442,27,Male,Mumbai,1494,Standard,iOS,UPI
C13443,39,Male,Bengaluru,458,Basic,Web,Card
C13444,33,Male,Kanpur,1831,Basic,Android,Wallet
C13445,45,Male,Bengaluru,380,Basic,Android,UPI
C13446,40,Male,Kolkata,1657,Basic,Android,UPI
C13447,41,Female,Ahmedabad,1632,Basic,Android,UPI
C13448,27,Female,Bengaluru,2116,Standard,Android,Net Banking
C13449,30,Female,Lucknow,1435,Standard,Android,Card
C13450,28,Male,Kolkata,186,Standard,Android,Net Banking
C13451,18,Female,Pune,2164,Premium,Android,UPI
C13452,44,Female,Mumbai,862,Premium,Android,Card
C13453,38,Male,Mumbai,1016,Basic,iOS,Card
C13454,28,Female,Chandigarh,1912,Basic,Android,UPI
C13455,43,Female,Jaipur,527,Standard,Android,Net Banking
C13456,25,Male,Gurugram,1467,Standard,Android,Net Banking
C13457,18,Male,Noida,1700,Standard,Android,Card
C13458,40,Male,Mumbai,1179,Standard,Android,UPI
C13459,19,Female,Jaipur,1654,Premium,Android,UPI
C13460,29,Male,Hyderabad,1577,Standard,Android,UPI
C13461,33,Male,Jaipur,1164,Premium,Android,UPI
C13462,34,Female,Mumbai,228,Premium,Android,Card
C13463,39,Female,Bengaluru,1648,Standard,iOS,UPI
C13464,36,Female,Ahmedabad,1743,Basic,Web,UPI
C13465,36,Male,Jaipur,703,Basic,iOS,UPI
C13466,24,Female,Pune,1806,Basic,Android,UPI
C13467,34,Male,Bengaluru,498,Premium,Android,UPI
C13468,18,Male,Bengaluru,401,Premium,iOS,UPI
C13469,45,Male,Indore,303,Basic,Android,Card
C13470,18,Female,Hyderabad,1228,Basic,Android,UPI
C13471,28,Male,Hyderabad,660,Standard,iOS,UPI
C13472,19,Male,Chennai,1537,Standard,Android,UPI
C13473,24,Female,Hyderabad,1450,Standard,Android,UPI
C13474,31,Male,Chennai,955,Basic,iOS,UPI
C13475,26,Female,Hyderabad,590,Basic,Web,Wallet
C13476,41,Female,Lucknow,2016,Basic,Web,UPI
C13477,33,Female,Noida,1947,Basic,Web,Net Banking
C13478,27,Female,Gurugram,783,Basic,Android,Wallet
C13479,30,Female,Pune,571,Basic,Android,Wallet
C13480,42,Male,Hyderabad,1774,Standard,Android,Net Banking
C13481,39,Male,Ahmedabad,1515,Standard,Android,Net Banking
C13482,21,Female,Lucknow,1021,Basic,iOS,UPI
C13483,25,Male,Pune,1174,Premium,Android,UPI
C13484,35,Male,Kolkata,1603,Basic,Android,Card
C13485,34,Female,Ahmedabad,489,Standard,Web,UPI
C13486,22,Female,Kolkata,2192,Basic,Android,Card
C13487,38,Female,Ahmedabad,1236,Standard,Android,UPI
C13488,23,Male,Delhi,305,Basic,Web,UPI
C13489,43,Male,Chennai,2101,Standard,Android,Card
C13490,36,Male,Pune,2192,Premium,iOS,Card
C13491,21,Female,Mumbai,2078,Basic,Android,UPI
C13492,26,Male,Lucknow,1545,Standard,Android,UPI
C13493,26,Male,Pune,662,Standard,Android,Net Banking
C13494,32,Female,Mumbai,1181,Basic,Android,Net Banking
C13495,29,Female,Lucknow,1194,Basic,Android,UPI
C13496,21,Female,Ahmedabad,1134,Standard,iOS,Card
C13497,18,Male,Ahmedabad,357,Premium,Android,UPI
C13498,36,Male,Hyderabad,704,Basic,Android,UPI
C13499,34,Female,Lucknow,1047,Standard,Android,UPI
C13500,32,Male,Hyderabad,1176,Standard,iOS,UPI
C13501,33,Female,Pune,727,Standard,Android,UPI
C13502,25,Male,Mumbai,1615,Standard,Android,UPI
C13503,33,Male,Kolkata,2046,Basic,Web,Card
C13504,54,Male,Ahmedabad,1042,Standard,Web,UPI
C13505,42,Female,Pune,1402,Premium,Android,Card
C13506,28,Female,Chennai,447,Standard,Android,UPI
C13507,26,Male,Jaipur,431,Basic,iOS,Wallet
C13508,18,Male,Kolkata,188,Standard,Android,Card
C13509,41,Female,Bengaluru,2183,Basic,Web,Net Banking
C13510,38,Male,Indore,684,Basic,Android,UPI
C13511,26,Female,Ahmedabad,1536,Basic,Android,UPI
C13512,18,Female,Chandigarh,1383,Basic,Android,UPI
C13513,21,Male,Indore,322,Standard,Android,Net Banking
C13514,35,Female,Noida,391,Basic,Android,Card
C13515,30,Female,Ahmedabad,1765,Standard,iOS,Net Banking
C13516,37,Female,Pune,1756,Premium,Web,Card
C13517,32,Male,Delhi,1239,Standard,Android,UPI
C13518,40,Female,Chennai,777,Basic,iOS,UPI
C13519,34,Female,Jaipur,898,Premium,Android,UPI
C13520,38,Female,Chennai,1746,Basic,Web,UPI
C13521,18,Female,Kanpur,456,Standard,Android,Card
C13522,20,Female,Mumbai,220,Basic,Android,Card
C13523,28,Female,Hyderabad,633,Premium,Android,Card
C13524,41,Female,Chennai,441,Basic,iOS,UPI
C13525,48,Male,Hyderabad,392,Premium,Android,UPI
C13526,30,Female,Mumbai,1036,Premium,iOS,UPI
C13527,25,Female,Delhi,1773,Premium,Android,UPI
C13528,18,Male,Lucknow,1530,Standard,iOS,UPI
C13529,39,Female,Chennai,622,Standard,Web,UPI
C13530,26,Female,Mumbai,950,Premium,Android,Wallet
C13531,58,Other,Mumbai,1049,Basic,iOS,UPI
C13532,24,Male,Hyderabad,874,Standard,Android,Card
C13533,50,Male,Delhi,2130,Basic,Android,Card
C13534,38,Male,Ahmedabad,2091,Basic,Android,Card
C13535,22,Male,Jaipur,2188,Basic,Android,Card
C13536,33,Female,Delhi,939,Premium,iOS,Card
C13537,38,Female,Pune,1747,Basic,Android,Net Banking
C13538,29,Male,Delhi,1626,Standard,Android,UPI
C13539,39,Female,Bengaluru,1763,Standard,Android,UPI
C13540,38,Male,Kanpur,380,Standard,iOS,Card
C13541,36,Female,Chennai,2080,Basic,Web,UPI
C13542,31,Female,Kanpur,2066,Standard,Web,UPI
C13543,20,Male,Delhi,1759,Standard,iOS,UPI
C13544,30,Male,Bengaluru,1272,Premium,Web,Card
C13545,33,Male,Hyderabad,1008,Premium,iOS,Net Banking
C13546,18,Female,Chennai,568,Basic,Android,UPI
C13547,33,Female,Chandigarh,160,Basic,Android,UPI
C13548,30,Male,Mumbai,2116,Standard,Web,UPI
C13549,19,Female,Lucknow,482,Standard,Android,Wallet
C13550,28,Male,Kanpur,771,Standard,Android,UPI
C13551,28,Male,Chennai,994,Standard,iOS,UPI
C13552,48,Female,Bengaluru,1497,Basic,Android,UPI
C13553,33,Female,Chennai,605,Premium,iOS,UPI
C13554,40,Male,Bengaluru,497,Basic,Web,Card
C13555,30,Female,Jaipur,744,Premium,Android,UPI
C13556,18,Female,Chennai,745,Standard,iOS,UPI
C13557,37,Male,Noida,157,Premium,Android,UPI
C13558,25,Female,Pune,878,Basic,Web,Card
C13559,28,Male,Chennai,1228,Standard,Android,UPI
C13560,22,Female,Ahmedabad,1000,Basic,Android,UPI
C13561,32,Female,Chennai,792,Standard,Android,Net Banking
C13562,41,Male,Noida,2020,Premium,iOS,Net Banking
C13563,39,Female,Delhi,591,Standard,iOS,UPI
C13564,45,Male,Indore,1859,Standard,Android,Card
C13565,47,Female,Lucknow,1354,Basic,iOS,Card
C13566,18,Male,Lucknow,1445,Premium,iOS,Card
C13567,20,Male,Chennai,630,Basic,Web,UPI
C13568,18,Male,Lucknow,2126,Standard,Android,Card
C13569,37,Female,Bengaluru,1063,Basic,Web,Card
C13570,25,Female,Ahmedabad,1130,Standard,Web,UPI
C13571,27,Female,Delhi,564,Basic,Web,UPI
C13572,29,Male,Bengaluru,1068,Basic,Android,UPI
C13573,34,Male,Hyderabad,1506,Basic,Web,Net Banking
C13574,18,Male,Bengaluru,2063,Standard,Android,UPI
C13575,20,Female,Hyderabad,1883,Basic,Android,Card
C13576,31,Female,Lucknow,369,Premium,Android,Card
C13577,42,Female,Delhi,207,Standard,Web,UPI
C13578,31,Female,Ahmedabad,2097,Premium,Web,UPI
C13579,24,Female,Mumbai,1809,Basic,Android,UPI
C13580,18,Female,Jaipur,358,Standard,iOS,UPI
C13581,40,Female,Jaipur,1878,Standard,Android,Net Banking
C13582,24,Male,Hyderabad,1682,Premium,Android,UPI
C13583,21,Male,Ahmedabad,2123,Basic,iOS,Wallet
C13584,18,Female,Noida,378,Basic,Android,Wallet
C13585,18,Male,Jaipur,1826,Basic,iOS,Net Banking
C13586,22,Male,Hyderabad,822,Standard,Android,UPI
C13587,29,Female,Chennai,1228,Premium,Android,UPI
C13588,20,Male,Jaipur,591,Basic,iOS,Card
C13589,33,Male,Bengaluru,182,Standard,Android,UPI
C13590,29,Male,Jaipur,1542,Basic,iOS,Wallet
C13591,51,Male,Bengaluru,191,Basic,iOS,Card
C13592,18,Female,Jaipur,1039,Premium,Android,Net Banking
C13593,32,Male,Mumbai,456,Standard,iOS,Wallet
C13594,33,Female,Mumbai,2025,Premium,Android,Wallet
C13595,22,Female,Chandigarh,1000,Basic,iOS,UPI
C13596,32,Female,Kanpur,433,Standard,Android,Wallet
C13597,38,Female,Kanpur,2103,Standard,Android,UPI
C13598,32,Female,Gurugram,1523,Standard,Android,Card
C13599,43,Male,Hyderabad,410,Basic,Web,Card
C13600,18,Female,Bengaluru,799,Basic,Android,UPI
C13601,23,Female,Mumbai,1199,Basic,Web,UPI
C13602,44,Female,Chennai,1717,Standard,iOS,Card
C13603,39,Female,Delhi,2195,Standard,Android,UPI
C13604,36,Male,Gurugram,1854,Standard,iOS,Card
C13605,42,Male,Mumbai,59,Basic,iOS,UPI
C13606,18,Male,Delhi,1063,Standard,Android,UPI
C13607,38,Other,Delhi,131,Basic,Android,Card
C13608,41,Female,Delhi,685,Premium,iOS,UPI
C13609,25,Female,Delhi,615,Basic,iOS,Card
C13610,55,Male,Kolkata,607,Standard,iOS,UPI
C13611,33,Male,Bengaluru,518,Basic,iOS,Wallet
C13612,18,Other,Pune,898,Basic,Android,Wallet
C13613,34,Male,Kanpur,1111,Standard,Android,Card
C13614,25,Male,Pune,2101,Standard,iOS,UPI
C13615,41,Female,Kolkata,942,Basic,Android,UPI
C13616,36,Female,Bengaluru,81,Standard,iOS,UPI
C13617,26,Male,Delhi,1296,Basic,Android,Card
C13618,45,Male,Bengaluru,682,Premium,Web,UPI
C13619,39,Male,Indore,349,Standard,Android,UPI
C13620,24,Other,Pune,1485,Standard,iOS,UPI
C13621,30,Female,Bengaluru,1518,Standard,Android,UPI
C13622,36,Female,Hyderabad,787,Standard,Web,Net Banking
C13623,28,Male,Lucknow,495,Basic,iOS,UPI
C13624,28,Male,Kolkata,1093,Standard,Android,UPI
C13625,31,Male,Pune,1010,Premium,Android,UPI
C13626,21,Male,Kanpur,2133,Standard,iOS,UPI
C13627,18,Other,Kolkata,102,Basic,Android,UPI
C13628,33,Female,Kolkata,419,Basic,iOS,Card
C13629,18,Female,Delhi,1761,Premium,iOS,Net Banking
C13630,22,Female,Mumbai,2087,Basic,iOS,Card
C13631,18,Female,Indore,1390,Basic,Android,UPI
C13632,18,Male,Pune,716,Premium,Android,Card
C13633,35,Female,Hyderabad,483,Premium,Android,UPI
C13634,29,Male,Pune,1861,Standard,Android,Card
C13635,29,Female,Mumbai,1335,Basic,iOS,Net Banking
C13636,19,Male,Lucknow,915,Standard,Android,Net Banking
C13637,25,Female,Delhi,978,Standard,Android,Net Banking
C13638,34,Male,Jaipur,352,Basic,Android,UPI
C13639,31,Female,Chennai,1823,Basic,Android,Net Banking
C13640,38,Male,Bengaluru,135,Premium,Web,UPI
C13641,40,Female,Mumbai,2164,Standard,Android,UPI
C13642,29,Male,Lucknow,393,Standard,Android,Card
C13643,18,Male,Delhi,300,Premium,Android,Card
C13644,24,Male,Mumbai,187,Standard,Android,Card
C13645,30,Male,Ahmedabad,1093,Premium,iOS,Net Banking
C13646,24,Female,Bengaluru,152,Basic,Web,Net Banking
C13647,22,Female,Hyderabad,589,Standard,iOS,Card
C13648,32,Female,Delhi,1763,Standard,Web,Card
C13649,53,Female,Lucknow,1656,Basic,Android,UPI
C13650,27,Female,Bengaluru,773,Basic,Android,UPI
C13651,31,Male,Delhi,104,Standard,Android,UPI
C13652,19,Male,Bengaluru,373,Standard,iOS,UPI
C13653,42,Female,Delhi,1211,Basic,Android,Net Banking
C13654,39,Male,Bengaluru,1042,Standard,Android,Card
C13655,38,Male,Mumbai,1889,Standard,Android,Card
C13656,43,Female,Delhi,1078,Standard,Web,UPI
C13657,27,Male,Hyderabad,874,Standard,Android,Card
C13658,28,Other,Kanpur,1387,Basic,Android,Card
C13659,46,Male,Mumbai,1848,Basic,Android,UPI
C13660,37,Male,Delhi,1803,Standard,Android,UPI
C13661,18,Female,Noida,348,Standard,iOS,Card
C13662,35,Female,Kanpur,938,Standard,iOS,UPI
C13663,26,Other,Kolkata,2022,Standard,iOS,Card
C13664,39,Female,Delhi,1783,Basic,Web,Wallet
C13665,35,Female,Hyderabad,1747,Standard,Android,UPI
C13666,18,Female,Delhi,280,Standard,Web,UPI
C13667,33,Male,Mumbai,878,Standard,iOS,UPI
C13668,33,Female,Hyderabad,1835,Basic,Web,UPI
C13669,34,Male,Pune,313,Basic,Android,Card
C13670,36,Male,Bengaluru,1587,Premium,Android,UPI
C13671,44,Female,Pune,1159,Standard,iOS,UPI
C13672,35,Female,Bengaluru,1610,Premium,Web,UPI
C13673,31,Male,Bengaluru,1484,Standard,Web,Net Banking
C13674,41,Male,Jaipur,235,Standard,Android,UPI
C13675,51,Male,Kanpur,309,Basic,Android,UPI
C13676,39,Male,Bengaluru,760,Basic,Web,UPI
C13677,33,Female,Pune,2054,Standard,Android,UPI
C13678,35,Male,Bengaluru,2063,Standard,Android,UPI
C13679,33,Male,Mumbai,1685,Basic,Web,UPI
C13680,31,Male,Ahmedabad,550,Standard,Android,Net Banking
C13681,50,Male,Delhi,2095,Basic,Android,Net Banking
C13682,24,Female,Hyderabad,1586,Basic,Android,Card
C13683,41,Male,Chennai,679,Premium,Android,Net Banking
C13684,30,Male,Delhi,1573,Standard,Android,UPI
C13685,18,Female,Mumbai,970,Basic,Web,Wallet
C13686,29,Male,Bengaluru,1067,Basic,iOS,Net Banking
C13687,26,Female,Gurugram,551,Premium,Android,Card
C13688,36,Male,Pune,1425,Premium,iOS,UPI
C13689,32,Male,Hyderabad,624,Basic,Android,Card
C13690,22,Female,Mumbai,2033,Standard,Android,Net Banking
C13691,44,Female,Pune,345,Standard,Android,UPI
C13692,41,Male,Mumbai,576,Basic,Android,UPI
C13693,45,Female,Chennai,301,Standard,Android,UPI
C13694,33,Female,Ahmedabad,552,Basic,Android,Card
C13695,31,Male,Hyderabad,1485,Basic,Web,Wallet
C13696,37,Female,Bengaluru,2082,Standard,iOS,UPI
C13697,26,Male,Mumbai,370,Basic,Android,UPI
C13698,32,Female,Mumbai,513,Standard,Web,UPI
C13699,29,Female,Hyderabad,319,Basic,Android,Net Banking
C13700,18,Female,Kanpur,1783,Standard,Android,UPI
C13701,32,Male,Delhi,1190,Premium,Android,Net Banking
C13702,27,Male,Pune,819,Standard,Android,UPI
C13703,29,Female,Kolkata,1557,Standard,Android,UPI
C13704,34,Female,Mumbai,213,Standard,Android,UPI
C13705,42,Male,Delhi,1718,Premium,Android,UPI
C13706,23,Male,Bengaluru,235,Standard,Android,Wallet
C13707,28,Female,Kolkata,1289,Basic,Android,UPI
C13708,24,Female,Hyderabad,97,Basic,iOS,Card
C13709,24,Male,Ahmedabad,467,Standard,Android,Wallet
C13710,26,Male,Kanpur,1385,Standard,iOS,Card
C13711,29,Male,Ahmedabad,1273,Basic,Android,Wallet
C13712,36,Male,Chandigarh,1001,Standard,iOS,UPI
C13713,34,Male,Ahmedabad,1387,Standard,Web,Card
C13714,21,Male,Lucknow,1845,Basic,Android,UPI
C13715,43,Male,Lucknow,590,Standard,iOS,Net Banking
C13716,39,Male,Ahmedabad,2139,Basic,iOS,Card
C13717,23,Female,Jaipur,343,Standard,Android,Card
C13718,42,Male,Gurugram,2152,Standard,Android,UPI
C13719,34,Female,Hyderabad,2038,Premium,Android,Card
C13720,30,Male,Kolkata,958,Standard,iOS,Net Banking
C13721,34,Male,Chennai,238,Basic,Android,UPI
C13722,31,Male,Lucknow,912,Standard,iOS,UPI
C13723,36,Female,Hyderabad,631,Standard,Android,UPI
C13724,33,Male,Lucknow,1287,Basic,Android,Net Banking
C13725,28,Female,Jaipur,532,Basic,Android,UPI
C13726,18,Female,Indore,176,Basic,Android,UPI
C13727,36,Male,Delhi,1965,Standard,iOS,Net Banking
C13728,28,Female,Ahmedabad,1909,Standard,Android,UPI
C13729,38,Male,Ahmedabad,1119,Basic,iOS,Net Banking
C13730,35,Male,Gurugram,1877,Standard,iOS,Card
C13731,28,Male,Noida,2105,Premium,Web,UPI
C13732,40,Male,Pune,2026,Basic,Web,UPI
C13733,33,Female,Pune,1827,Standard,Android,UPI
C13734,32,Male,Delhi,125,Premium,Web,UPI
C13735,30,Female,Indore,1668,Premium,Android,UPI
C13736,46,Male,Delhi,2023,Basic,Android,Card
C13737,25,Male,Ahmedabad,413,Basic,Web,UPI
C13738,28,Male,Jaipur,173,Standard,Android,Wallet
C13739,20,Male,Hyderabad,777,Basic,Android,Card
C13740,38,Male,Delhi,1816,Standard,Android,UPI
C13741,26,Male,Delhi,1809,Standard,Android,Card
C13742,27,Male,Lucknow,1297,Standard,iOS,UPI
C13743,26,Female,Chennai,2164,Standard,iOS,UPI
C13744,32,Female,Mumbai,384,Premium,Android,UPI
C13745,20,Male,Ahmedabad,1935,Standard,Android,UPI
C13746,18,Female,Delhi,1919,Standard,Android,Card
C13747,35,Female,Kanpur,2088,Basic,Android,UPI
C13748,18,Male,Bengaluru,663,Standard,Android,UPI
C13749,39,Male,Delhi,1422,Standard,Android,Net Banking
C13750,45,Female,Mumbai,628,Basic,Web,UPI
C13751,30,Female,Chennai,1077,Basic,iOS,UPI
C13752,43,Female,Hyderabad,2114,Standard,Android,UPI
C13753,31,Female,Ahmedabad,1146,Basic,Android,Card
C13754,45,Female,Hyderabad,1698,Standard,Web,Card
C13755,27,Male,Bengaluru,1024,Basic,iOS,UPI
C13756,18,Female,Bengaluru,31,Standard,iOS,UPI
C13757,30,Male,Bengaluru,366,Basic,Web,Card
C13758,46,Male,Noida,1488,Standard,Android,UPI
C13759,36,Female,Delhi,693,Standard,Android,UPI
C13760,26,Male,Chandigarh,707,Basic,Android,Card
C13761,34,Female,Bengaluru,226,Basic,iOS,UPI
C13762,40,Male,Mumbai,1811,Basic,Web,UPI
C13763,30,Other,Delhi,222,Basic,Android,Card
C13764,55,Male,Mumbai,1196,Standard,Web,UPI
C13765,26,Female,Jaipur,706,Basic,iOS,UPI
C13766,40,Female,Chennai,1996,Basic,iOS,Net Banking
C13767,38,Female,Bengaluru,1475,Standard,iOS,UPI
C13768,25,Male,Kolkata,178,Premium,Android,Card
C13769,27,Female,Pune,1361,Basic,iOS,UPI
C13770,40,Male,Gurugram,389,Premium,iOS,Net Banking
C13771,32,Female,Indore,1244,Premium,iOS,Card
C13772,34,Female,Kolkata,558,Standard,Android,UPI
C13773,18,Female,Lucknow,1655,Standard,Android,UPI
C13774,37,Female,Jaipur,1056,Standard,iOS,UPI
C13775,34,Male,Chennai,947,Basic,Web,Wallet
C13776,30,Female,Ahmedabad,1935,Premium,Android,Card
C13777,34,Female,Mumbai,989,Premium,Android,Card
C13778,27,Male,Ahmedabad,540,Basic,Android,Wallet
C13779,26,Female,Indore,1154,Basic,iOS,UPI
C13780,29,Male,Mumbai,1787,Basic,Android,UPI
C13781,27,Male,Lucknow,174,Standard,Android,Wallet
C13782,51,Male,Gurugram,642,Premium,iOS,Net Banking
C13783,39,Female,Delhi,1292,Basic,Android,UPI
C13784,22,Female,Chennai,553,Standard,iOS,UPI
C13785,49,Male,Noida,1658,Standard,Android,UPI
C13786,27,Male,Indore,153,Basic,iOS,Card
C13787,31,Female,Mumbai,602,Standard,Android,Card
C13788,39,Female,Bengaluru,1306,Standard,Android,Card
C13789,18,Female,Kolkata,1884,Basic,iOS,Net Banking
C13790,29,Male,Delhi,796,Standard,Android,UPI
C13791,26,Female,Bengaluru,607,Basic,Android,Wallet
C13792,33,Male,Mumbai,2042,Standard,Android,UPI
C13793,34,Female,Delhi,1143,Basic,iOS,UPI
C13794,30,Male,Pune,469,Standard,iOS,Net Banking
C13795,30,Female,Kolkata,1927,Standard,iOS,Wallet
C13796,41,Female,Kolkata,92,Premium,Android,Wallet
C13797,34,Female,Jaipur,1631,Standard,Android,Net Banking
C13798,31,Female,Hyderabad,1995,Standard,Web,UPI
C13799,32,Other,Bengaluru,1280,Basic,Android,UPI
C13800,48,Female,Mumbai,2015,Standard,iOS,UPI
C13801,33,Female,Delhi,1381,Standard,Android,UPI
C13802,26,Other,Bengaluru,1326,Standard,Android,Net Banking
C13803,18,Female,Delhi,266,Standard,iOS,UPI
C13804,18,Female,Mumbai,417,Basic,Android,UPI
C13805,27,Female,Delhi,1547,Basic,iOS,Card
C13806,30,Male,Kolkata,1509,Basic,Android,Card
C13807,26,Male,Pune,1357,Basic,Android,UPI
C13808,34,Female,Gurugram,483,Standard,Android,Net Banking
C13809,26,Male,Jaipur,213,Standard,iOS,Card
C13810,23,Female,Pune,215,Standard,Android,Card
C13811,37,Female,Mumbai,299,Basic,Android,UPI
C13812,43,Male,Pune,503,Standard,Web,Card
C13813,21,Male,Mumbai,2137,Basic,Android,UPI
C13814,33,Male,Hyderabad,1722,Basic,Android,Card
C13815,18,Female,Hyderabad,416,Standard,Android,UPI
C13816,18,Female,Hyderabad,696,Standard,iOS,UPI
C13817,26,Male,Bengaluru,1973,Basic,Android,UPI
C13818,41,Male,Kolkata,1005,Basic,Android,Wallet
C13819,24,Female,Lucknow,628,Basic,Android,UPI
C13820,24,Female,Jaipur,742,Standard,Android,UPI
C13821,31,Male,Pune,889,Basic,Android,Card
C13822,31,Female,Chennai,1208,Standard,Android,Net Banking
C13823,24,Male,Mumbai,1235,Basic,Android,Card
C13824,49,Male,Ahmedabad,1185,Standard,Android,Net Banking
C13825,29,Female,Chennai,1388,Standard,Android,Net Banking
C13826,32,Male,Bengaluru,674,Standard,Android,Wallet
C13827,27,Male,Bengaluru,1110,Basic,Android,UPI
C13828,35,Male,Gurugram,1829,Basic,iOS,UPI
C13829,42,Male,Pune,786,Basic,iOS,UPI
C13830,46,Male,Chennai,2161,Basic,Android,Net Banking
C13831,24,Female,Pune,1112,Basic,Android,Wallet
C13832,41,Female,Hyderabad,845,Basic,Android,UPI
C13833,36,Male,Hyderabad,1550,Standard,Web,Card
C13834,40,Female,Bengaluru,879,Standard,Web,UPI
C13835,30,Male,Hyderabad,890,Standard,Android,Net Banking
C13836,29,Female,Kolkata,842,Basic,Web,UPI
C13837,39,Female,Mumbai,1213,Standard,Android,Card
C13838,40,Female,Jaipur,120,Standard,iOS,UPI
C13839,45,Male,Bengaluru,852,Standard,iOS,UPI
C13840,33,Male,Kolkata,1696,Basic,Android,Wallet
C13841,30,Male,Kolkata,745,Premium,iOS,UPI
C13842,18,Female,Kolkata,1199,Basic,Android,UPI
C13843,18,Male,Pune,678,Basic,Web,UPI
C13844,27,Male,Indore,2073,Basic,Android,UPI
C13845,21,Female,Chennai,515,Basic,Android,UPI
C13846,38,Male,Ahmedabad,1716,Premium,Android,Card
C13847,19,Male,Ahmedabad,1680,Standard,Android,Card
C13848,26,Female,Delhi,910,Premium,Android,UPI
C13849,27,Female,Bengaluru,2165,Premium,Android,Wallet
C13850,42,Male,Hyderabad,2170,Standard,Android,UPI
C13851,26,Female,Bengaluru,92,Standard,iOS,Card
C13852,35,Male,Bengaluru,1263,Premium,Android,Wallet
C13853,33,Male,Hyderabad,455,Basic,Android,Net Banking
C13854,39,Female,Pune,2196,Basic,Android,Card
C13855,39,Female,Delhi,2122,Basic,Android,UPI
C13856,31,Male,Jaipur,948,Standard,Android,UPI
C13857,18,Female,Hyderabad,771,Standard,Android,Card
C13858,29,Female,Ahmedabad,1806,Basic,Android,Card
C13859,31,Female,Mumbai,874,Standard,Android,Card
C13860,34,Male,Hyderabad,1615,Standard,Android,Wallet
C13861,24,Female,Mumbai,1468,Basic,Web,Card
C13862,41,Female,Kolkata,646,Standard,iOS,Net Banking
C13863,31,Male,Bengaluru,795,Premium,Web,Net Banking
C13864,23,Female,Gurugram,2054,Basic,iOS,Card
C13865,27,Male,Bengaluru,1099,Basic,Android,UPI
C13866,48,Female,Pune,936,Standard,iOS,Card
C13867,37,Male,Delhi,1984,Standard,Web,Card
C13868,40,Female,Pune,1271,Basic,Web,Card
C13869,22,Female,Hyderabad,1255,Premium,Android,UPI
C13870,25,Female,Bengaluru,873,Basic,Android,UPI
C13871,25,Male,Delhi,1477,Basic,iOS,Card
C13872,33,Male,Mumbai,125,Premium,Android,Card
C13873,29,Female,Mumbai,501,Standard,Android,Net Banking
C13874,27,Female,Chandigarh,1809,Standard,Android,UPI
C13875,28,Female,Hyderabad,597,Basic,Android,UPI
C13876,24,Female,Mumbai,2165,Basic,Android,Card
C13877,29,Female,Gurugram,1964,Basic,Web,Wallet
C13878,41,Male,Mumbai,858,Premium,iOS,UPI
C13879,18,Female,Hyderabad,2021,Basic,iOS,UPI
C13880,34,Male,Ahmedabad,1581,Basic,iOS,Net Banking
C13881,43,Female,Noida,1781,Standard,Android,UPI
C13882,29,Male,Ahmedabad,1050,Premium,iOS,UPI
C13883,26,Female,Hyderabad,294,Standard,iOS,Wallet
C13884,39,Female,Indore,1216,Basic,Android,Net Banking
C13885,22,Male,Mumbai,1806,Basic,Android,UPI
C13886,31,Female,Chandigarh,226,Premium,iOS,Wallet
C13887,22,Male,Lucknow,71,Standard,iOS,Net Banking
C13888,18,Male,Noida,1811,Standard,Android,Wallet
C13889,30,Other,Delhi,1324,Standard,iOS,UPI
C13890,20,Male,Delhi,1162,Standard,iOS,Card
C13891,31,Female,Kolkata,1495,Premium,Web,UPI
C13892,41,Female,Chennai,1514,Basic,iOS,UPI
C13893,48,Male,Chennai,955,Basic,Android,Card
C13894,32,Female,Noida,1355,Basic,iOS,UPI
C13895,40,Male,Pune,1069,Standard,Web,UPI
C13896,35,Female,Bengaluru,479,Basic,Android,UPI
C13897,28,Male,Hyderabad,1639,Basic,iOS,UPI
C13898,18,Female,Mumbai,845,Standard,Android,Wallet
C13899,46,Female,Delhi,1971,Standard,Android,Net Banking
C13900,22,Male,Delhi,891,Basic,iOS,UPI
C13901,43,Male,Jaipur,440,Premium,Android,Card
C13902,36,Female,Ahmedabad,1827,Basic,Android,Wallet
C13903,22,Female,Chennai,330,Standard,iOS,UPI
C13904,34,Male,Bengaluru,2171,Standard,Android,Card
C13905,50,Female,Kolkata,1397,Standard,Web,UPI
C13906,45,Male,Lucknow,1075,Standard,Android,Wallet
C13907,26,Male,Kanpur,530,Standard,iOS,UPI
C13908,25,Female,Chennai,467,Standard,Android,Net Banking
C13909,32,Female,Lucknow,451,Standard,iOS,UPI
C13910,30,Female,Chennai,1837,Premium,Web,Card
C13911,42,Female,Hyderabad,471,Premium,iOS,Card
C13912,38,Male,Kanpur,107,Standard,iOS,UPI
C13913,18,Female,Hyderabad,457,Standard,Android,Wallet
C13914,35,Male,Hyderabad,1354,Basic,Web,UPI
C13915,29,Male,Bengaluru,1065,Standard,Android,UPI
C13916,31,Female,Chennai,839,Basic,Android,Net Banking
C13917,33,Male,Chennai,2122,Basic,Android,UPI
C13918,42,Female,Kolkata,775,Premium,iOS,UPI
C13919,40,Female,Hyderabad,1826,Standard,iOS,UPI
C13920,24,Male,Delhi,299,Basic,iOS,UPI
C13921,30,Female,Kanpur,1209,Standard,Android,Net Banking
C13922,27,Female,Bengaluru,314,Basic,iOS,Card
C13923,18,Female,Noida,206,Standard,Web,UPI
C13924,30,Female,Delhi,1505,Basic,iOS,UPI
C13925,48,Male,Pune,1490,Standard,Android,Card
C13926,18,Other,Chennai,1276,Standard,Web,Net Banking
C13927,31,Male,Lucknow,1008,Standard,Web,Card
C13928,30,Other,Delhi,617,Basic,iOS,UPI
C13929,34,Male,Noida,1719,Standard,iOS,Wallet
C13930,22,Female,Chennai,440,Standard,Web,UPI
C13931,18,Male,Pune,1101,Basic,iOS,Wallet
C13932,19,Female,Chennai,2075,Basic,Android,UPI
C13933,43,Female,Mumbai,1480,Standard,Web,UPI
C13934,22,Male,Chennai,1863,Basic,iOS,UPI
C13935,27,Male,Bengaluru,464,Basic,iOS,Net Banking
C13936,50,Male,Bengaluru,85,Standard,Android,UPI
C13937,24,Female,Kolkata,1838,Standard,Android,Net Banking
C13938,34,Male,Chennai,1251,Standard,Android,Net Banking
C13939,41,Female,Mumbai,1721,Premium,Android,UPI
C13940,40,Female,Mumbai,1858,Standard,Android,UPI
C13941,19,Male,Delhi,841,Basic,iOS,Net Banking
C13942,25,Female,Delhi,270,Basic,Android,Card
C13943,34,Male,Pune,2121,Basic,Android,Net Banking
C13944,48,Male,Delhi,691,Standard,Android,Card
C13945,24,Male,Kanpur,378,Standard,iOS,Card
C13946,27,Female,Delhi,1268,Premium,iOS,UPI
C13947,35,Female,Mumbai,73,Standard,Android,Card
C13948,37,Male,Kanpur,159,Basic,Android,Net Banking
C13949,37,Male,Bengaluru,1686,Standard,Android,Card
C13950,23,Male,Hyderabad,221,Basic,iOS,Wallet
C13951,26,Female,Indore,1333,Basic,iOS,UPI
C13952,33,Female,Gurugram,1013,Basic,iOS,Net Banking
C13953,42,Male,Ahmedabad,270,Basic,Web,UPI
C13954,29,Male,Mumbai,2076,Basic,iOS,UPI
C13955,31,Male,Pune,376,Standard,Android,Card
C13956,22,Female,Chandigarh,1441,Standard,Android,Card
C13957,48,Female,Gurugram,314,Premium,Android,Wallet
C13958,32,Male,Mumbai,1310,Basic,Android,Card
C13959,41,Male,Hyderabad,392,Standard,Android,UPI
C13960,31,Female,Bengaluru,1957,Standard,Android,Wallet
C13961,32,Female,Mumbai,1031,Premium,Android,UPI
C13962,18,Male,Kolkata,49,Standard,Android,Card
C13963,18,Female,Bengaluru,140,Standard,iOS,Card
C13964,42,Female,Bengaluru,1208,Premium,Android,UPI
C13965,32,Male,Mumbai,1157,Standard,Android,UPI
C13966,33,Female,Chennai,747,Basic,Android,Card
C13967,20,Male,Delhi,1343,Basic,iOS,Net Banking
C13968,23,Female,Hyderabad,1759,Premium,Web,Wallet
C13969,41,Male,Delhi,1608,Premium,Android,Wallet
C13970,47,Male,Gurugram,1656,Standard,Web,UPI
C13971,25,Male,Delhi,2082,Standard,Web,UPI
C13972,37,Male,Chennai,478,Basic,iOS,UPI
C13973,33,Male,Delhi,208,Standard,iOS,Wallet
C13974,30,Female,Mumbai,292,Standard,Android,UPI
C13975,48,Female,Delhi,106,Basic,Android,Card
C13976,27,Female,Mumbai,666,Standard,iOS,Wallet
C13977,42,Male,Delhi,331,Standard,Web,Card
C13978,34,Female,Chennai,2029,Premium,iOS,UPI
C13979,31,Female,Kolkata,761,Premium,Android,UPI
C13980,43,Male,Mumbai,503,Basic,Android,Card
C13981,34,Male,Hyderabad,1170,Basic,Android,UPI
C13982,30,Female,Pune,964,Basic,Web,UPI
C13983,43,Female,Delhi,39,Basic,Android,UPI
C13984,42,Male,Bengaluru,2112,Standard,Android,Net Banking
C13985,42,Male,Mumbai,1532,Standard,Android,Net Banking
C13986,18,Male,Delhi,1820,Basic,Android,Card
C13987,35,Female,Hyderabad,2106,Premium,Android,UPI
C13988,33,Male,Chandigarh,1951,Standard,Android,UPI
C13989,31,Female,Chandigarh,572,Basic,Android,UPI
C13990,36,Female,Indore,1686,Standard,Android,Wallet
C13991,33,Female,Hyderabad,49,Basic,Android,UPI
C13992,37,Female,Mumbai,814,Standard,Android,UPI
C13993,29,Male,Bengaluru,1664,Standard,iOS,Card
C13994,44,Male,Delhi,1548,Basic,iOS,Wallet
C13995,38,Male,Mumbai,1701,Standard,iOS,UPI
C13996,36,Male,Mumbai,1672,Premium,Android,Card
C13997,35,Female,Hyderabad,124,Standard,iOS,Wallet
C13998,41,Male,Bengaluru,1295,Standard,Android,UPI
C13999,40,Male,Delhi,1369,Standard,Android,Net Banking
C14000,30,Male,Ahmedabad,367,Standard,iOS,UPI
C14001,40,Female,Bengaluru,556,Premium,Android,Card
C14002,33,Male,Lucknow,1087,Basic,Android,UPI
C14003,48,Male,Delhi,1403,Basic,Android,UPI
C14004,41,Female,Chennai,1874,Standard,Web,Card
C14005,25,Male,Delhi,1606,Premium,iOS,UPI
C14006,52,Female,Chennai,2147,Standard,Android,Card
C14007,18,Female,Delhi,513,Premium,Android,UPI
C14008,37,Male,Delhi,881,Standard,Android,Card
C14009,25,Male,Pune,595,Basic,Android,UPI
C14010,48,Male,Bengaluru,1963,Premium,Android,Card
C14011,33,Male,Delhi,1357,Standard,Android,UPI
C14012,24,Male,Noida,1132,Standard,iOS,Card
C14013,29,Female,Mumbai,1293,Standard,Web,UPI
C14014,25,Female,Pune,739,Basic,Android,UPI
C14015,28,Male,Chennai,1952,Standard,Android,UPI
C14016,28,Female,Delhi,1364,Basic,iOS,Card
C14017,24,Male,Hyderabad,1137,Standard,Android,UPI
C14018,33,Male,Mumbai,1559,Standard,Android,Card
C14019,35,Female,Ahmedabad,1765,Basic,Android,UPI
C14020,22,Female,Delhi,887,Basic,iOS,Wallet
C14021,18,Female,Delhi,1618,Basic,Android,UPI
C14022,34,Male,Bengaluru,1762,Standard,Android,UPI
C14023,36,Male,Noida,1474,Basic,iOS,Card
C14024,38,Male,Jaipur,283,Standard,Android,UPI
C14025,36,Male,Gurugram,446,Standard,Web,UPI
C14026,45,Other,Kolkata,97,Basic,Android,Card
C14027,40,Female,Kolkata,629,Standard,Android,Card
C14028,55,Female,Chennai,387,Standard,Android,UPI
C14029,59,Female,Noida,1259,Standard,Web,UPI
C14030,18,Male,Chennai,2003,Basic,Android,UPI
C14031,18,Female,Bengaluru,173,Standard,Android,UPI
C14032,31,Female,Kolkata,647,Standard,Android,Card
C14033,36,Female,Chennai,127,Standard,Web,UPI
C14034,30,Female,Mumbai,211,Basic,Web,Net Banking
C14035,37,Male,Hyderabad,138,Standard,iOS,Card
C14036,29,Male,Bengaluru,1346,Premium,Android,Card
C14037,25,Female,Lucknow,2029,Premium,Android,UPI
C14038,26,Male,Hyderabad,1602,Premium,Android,UPI
C14039,29,Female,Lucknow,1524,Basic,Android,UPI
C14040,39,Female,Hyderabad,370,Standard,Web,UPI
C14041,27,Female,Ahmedabad,1845,Basic,iOS,UPI
C14042,28,Male,Mumbai,1287,Standard,Android,Net Banking
C14043,36,Male,Noida,2120,Standard,iOS,Net Banking
C14044,29,Male,Chennai,877,Standard,Android,UPI
C14045,41,Male,Bengaluru,1551,Premium,Android,UPI
C14046,23,Female,Delhi,1072,Premium,Android,Net Banking
C14047,21,Male,Bengaluru,1148,Basic,Android,Card
C14048,34,Male,Bengaluru,260,Premium,Android,UPI
C14049,35,Female,Ahmedabad,1069,Premium,Android,Net Banking
C14050,23,Female,Gurugram,392,Standard,Web,Card
C14051,43,Female,Kolkata,1648,Basic,Web,UPI
C14052,48,Female,Chennai,1568,Basic,Android,Card
C14053,25,Female,Hyderabad,1913,Standard,iOS,Net Banking
C14054,44,Female,Lucknow,1030,Basic,Android,Card
C14055,18,Male,Lucknow,1830,Basic,Android,Card
C14056,41,Male,Bengaluru,1961,Basic,Android,UPI
C14057,23,Male,Gurugram,1099,Standard,Android,Card
C14058,40,Male,Hyderabad,2084,Standard,Android,Card
C14059,22,Other,Jaipur,1708,Basic,iOS,UPI
C14060,30,Female,Indore,659,Premium,iOS,UPI
C14061,24,Male,Ahmedabad,1064,Basic,Android,Card
C14062,29,Male,Delhi,249,Basic,Android,Card
C14063,47,Male,Pune,864,Standard,iOS,Net Banking
C14064,30,Male,Mumbai,812,Standard,Web,Net Banking
C14065,50,Female,Jaipur,675,Basic,Android,Card
C14066,28,Male,Bengaluru,801,Standard,Android,Wallet
C14067,44,Female,Kolkata,148,Basic,Web,UPI
C14068,18,Female,Noida,1013,Basic,Android,UPI
C14069,28,Male,Delhi,466,Standard,iOS,UPI
C14070,26,Male,Hyderabad,527,Basic,Android,UPI
C14071,45,Female,Kolkata,1614,Premium,Web,UPI
C14072,33,Female,Hyderabad,1957,Standard,Web,UPI
C14073,18,Male,Delhi,402,Basic,Android,UPI
C14074,19,Female,Mumbai,1247,Standard,Android,Wallet
C14075,22,Male,Hyderabad,1985,Standard,iOS,Card
C14076,39,Female,Kolkata,1349,Standard,Android,Net Banking
C14077,38,Male,Pune,200,Premium,Android,UPI
C14078,28,Female,Delhi,1711,Standard,Android,UPI
C14079,26,Male,Hyderabad,140,Basic,Android,UPI
C14080,37,Male,Bengaluru,1368,Standard,Web,UPI
C14081,21,Female,Bengaluru,1073,Premium,Android,UPI
C14082,35,Male,Ahmedabad,1175,Basic,Android,UPI
C14083,34,Male,Bengaluru,513,Basic,iOS,UPI
C14084,29,Female,Chennai,1953,Standard,iOS,Card
C14085,35,Male,Noida,253,Standard,Android,Wallet
C14086,32,Male,Chennai,2064,Basic,Android,UPI
C14087,35,Male,Pune,159,Premium,Android,UPI
C14088,19,Male,Mumbai,688,Basic,Web,UPI
C14089,37,Female,Delhi,1174,Standard,Android,Card
C14090,40,Male,Mumbai,1150,Premium,Android,UPI
C14091,34,Male,Jaipur,593,Basic,Web,UPI
C14092,36,Female,Lucknow,655,Standard,Android,UPI
C14093,30,Female,Delhi,1236,Basic,Web,UPI
C14094,39,Male,Delhi,77,Standard,iOS,UPI
C14095,32,Male,Bengaluru,351,Standard,Android,Card
C14096,21,Female,Pune,888,Standard,Web,Net Banking
C14097,38,Female,Pune,83,Standard,Android,Wallet
C14098,18,Male,Kolkata,217,Basic,Web,UPI
C14099,34,Female,Noida,89,Basic,Android,Net Banking
C14100,28,Male,Bengaluru,1803,Basic,Android,UPI
C14101,27,Male,Kolkata,274,Standard,Android,UPI
C14102,33,Male,Pune,429,Premium,Android,UPI
C14103,25,Female,Bengaluru,1757,Standard,Android,UPI
C14104,36,Male,Noida,968,Basic,Android,Net Banking
C14105,32,Male,Mumbai,1003,Premium,Android,Wallet
C14106,25,Male,Ahmedabad,1454,Basic,Android,UPI
C14107,43,Female,Ahmedabad,1383,Premium,Android,Card
C14108,33,Male,Noida,927,Basic,iOS,UPI
C14109,37,Male,Chennai,1928,Basic,iOS,Card
C14110,44,Male,Bengaluru,524,Premium,iOS,UPI
C14111,44,Female,Lucknow,491,Standard,iOS,UPI
C14112,36,Female,Jaipur,1146,Premium,Android,Card
C14113,28,Female,Chennai,1920,Standard,Android,UPI
C14114,18,Female,Jaipur,1976,Basic,iOS,UPI
C14115,33,Male,Bengaluru,1648,Basic,Android,Wallet
C14116,41,Male,Pune,37,Standard,iOS,UPI
C14117,34,Male,Kanpur,1611,Standard,Android,UPI
C14118,18,Female,Bengaluru,385,Standard,Android,UPI
C14119,39,Female,Chennai,1919,Basic,Android,Card
C14120,39,Female,Gurugram,276,Basic,iOS,UPI
C14121,28,Female,Jaipur,303,Standard,Web,Net Banking
C14122,40,Male,Kanpur,1148,Basic,iOS,UPI
C14123,37,Female,Hyderabad,1202,Standard,iOS,Card
C14124,25,Female,Chandigarh,766,Basic,iOS,UPI
C14125,42,Male,Delhi,1079,Premium,Web,UPI
C14126,20,Female,Chennai,1580,Standard,iOS,UPI
C14127,30,Female,Chennai,1470,Basic,Android,UPI
C14128,30,Male,Jaipur,1575,Standard,Android,Card
C14129,24,Female,Noida,546,Standard,Web,Net Banking
C14130,34,Male,Ahmedabad,1243,Standard,iOS,Net Banking
C14131,43,Male,Pune,306,Basic,Android,Card
C14132,42,Male,Hyderabad,556,Basic,iOS,UPI
C14133,38,Female,Chennai,2142,Premium,Android,UPI
C14134,18,Female,Chennai,122,Basic,iOS,UPI
C14135,19,Male,Mumbai,1040,Standard,Android,UPI
C14136,32,Female,Chennai,1099,Basic,Web,Card
C14137,31,Female,Lucknow,533,Standard,iOS,Card
C14138,27,Female,Ahmedabad,139,Standard,Android,Card
C14139,48,Female,Jaipur,309,Basic,Web,UPI
C14140,32,Female,Hyderabad,1615,Basic,Android,UPI
C14141,36,Other,Chennai,1318,Standard,iOS,Wallet
C14142,40,Female,Mumbai,1239,Basic,Android,UPI
C14143,31,Male,Hyderabad,350,Premium,Android,Wallet
C14144,54,Female,Hyderabad,1211,Standard,iOS,UPI
C14145,23,Female,Delhi,427,Premium,iOS,UPI
C14146,26,Male,Mumbai,707,Premium,Web,UPI
C14147,23,Male,Kolkata,2096,Basic,iOS,UPI
C14148,45,Male,Hyderabad,1000,Premium,Android,Net Banking
C14149,38,Female,Hyderabad,93,Premium,Web,UPI
C14150,26,Female,Delhi,1319,Standard,Web,UPI
C14151,23,Male,Chennai,435,Standard,Web,UPI
C14152,43,Female,Hyderabad,40,Basic,Web,UPI
C14153,34,Female,Hyderabad,1486,Basic,iOS,Card
C14154,44,Female,Pune,1404,Basic,iOS,UPI
C14155,30,Female,Mumbai,500,Basic,iOS,Card
C14156,36,Male,Noida,1637,Standard,Android,UPI
C14157,34,Male,Mumbai,424,Standard,iOS,Net Banking
C14158,25,Male,Hyderabad,1118,Basic,Android,UPI
C14159,30,Female,Delhi,1237,Basic,Android,Net Banking
C14160,20,Male,Chennai,274,Basic,Android,UPI
C14161,35,Male,Bengaluru,1540,Premium,Android,Card
C14162,38,Male,Lucknow,1123,Standard,iOS,Card
C14163,40,Male,Hyderabad,964,Basic,Android,UPI
C14164,37,Male,Kolkata,1630,Standard,Android,UPI
C14165,30,Female,Delhi,1725,Standard,Android,Card
C14166,45,Male,Mumbai,1100,Standard,iOS,UPI
C14167,39,Male,Hyderabad,1799,Premium,Android,UPI
C14168,43,Male,Chennai,144,Standard,Android,Card
C14169,44,Male,Hyderabad,1382,Basic,Android,UPI
C14170,30,Female,Indore,634,Premium,Web,UPI
C14171,34,Male,Ahmedabad,1283,Standard,Android,UPI
C14172,38,Female,Chandigarh,1385,Basic,Web,UPI
C14173,21,Male,Bengaluru,1801,Standard,Android,Net Banking
C14174,21,Female,Jaipur,1240,Standard,Android,Net Banking
C14175,19,Female,Pune,62,Standard,Web,UPI
C14176,30,Male,Pune,2152,Standard,iOS,UPI
C14177,28,Male,Chandigarh,1138,Basic,Android,Net Banking
C14178,18,Male,Kolkata,295,Standard,iOS,Card
C14179,32,Female,Kanpur,309,Basic,Android,UPI
C14180,30,Female,Ahmedabad,98,Basic,Android,Net Banking
C14181,42,Female,Mumbai,510,Standard,Android,Net Banking
C14182,49,Female,Kolkata,610,Basic,Android,UPI
C14183,35,Male,Chennai,2089,Standard,Android,Net Banking
C14184,25,Male,Noida,1793,Basic,Android,Card
C14185,37,Female,Jaipur,38,Standard,Web,Net Banking
C14186,31,Male,Mumbai,761,Basic,Android,UPI
C14187,29,Female,Mumbai,696,Basic,Android,UPI
C14188,23,Female,Mumbai,1006,Standard,Android,UPI
C14189,27,Female,Chennai,364,Standard,Web,UPI
C14190,29,Female,Mumbai,611,Standard,Android,UPI
C14191,38,Male,Ahmedabad,1267,Standard,Android,UPI
C14192,36,Male,Chennai,1157,Basic,Web,UPI
C14193,47,Male,Lucknow,1862,Basic,Android,Net Banking
C14194,37,Male,Bengaluru,2037,Basic,Android,UPI
C14195,35,Male,Chennai,878,Standard,iOS,Net Banking
C14196,28,Male,Mumbai,1798,Standard,Android,UPI
C14197,22,Male,Kanpur,1846,Standard,Android,UPI
C14198,26,Male,Delhi,780,Premium,iOS,Net Banking
C14199,25,Male,Mumbai,985,Basic,Web,UPI
C14200,18,Female,Delhi,1391,Premium,Web,UPI
C14201,22,Female,Jaipur,2002,Standard,iOS,UPI
C14202,45,Male,Mumbai,1710,Standard,Android,Card
C14203,34,Male,Pune,1867,Standard,Android,Net Banking
C14204,28,Male,Ahmedabad,1751,Standard,Web,UPI
C14205,35,Male,Ahmedabad,418,Basic,iOS,UPI
C14206,18,Male,Delhi,494,Basic,Android,Wallet
C14207,34,Male,Mumbai,1950,Basic,Web,Card
C14208,42,Male,Hyderabad,1003,Basic,Web,UPI
C14209,30,Female,Delhi,447,Basic,Android,Card
C14210,18,Male,Kolkata,677,Basic,iOS,UPI
C14211,27,Female,Bengaluru,1094,Premium,Web,Card
C14212,43,Female,Hyderabad,1235,Basic,Android,UPI
C14213,33,Male,Mumbai,455,Premium,Web,UPI
C14214,18,Female,Pune,576,Standard,Android,UPI
C14215,52,Male,Delhi,868,Basic,Android,Net Banking
C14216,20,Female,Kolkata,493,Basic,Web,Net Banking
C14217,29,Male,Mumbai,2168,Basic,Web,UPI
C14218,22,Female,Indore,73,Basic,Android,UPI
C14219,22,Male,Kolkata,1690,Basic,Web,UPI
C14220,27,Male,Delhi,665,Standard,iOS,UPI
C14221,37,Male,Mumbai,1232,Basic,Web,Card
C14222,43,Male,Bengaluru,697,Standard,Android,Card
C14223,28,Male,Delhi,2059,Standard,Web,UPI
C14224,22,Male,Delhi,2140,Standard,iOS,UPI
C14225,35,Male,Kanpur,810,Premium,iOS,UPI
C14226,36,Male,Pune,92,Standard,Android,UPI
C14227,33,Female,Delhi,405,Basic,Android,Card
C14228,33,Male,Pune,1584,Premium,Android,Card
C14229,30,Female,Delhi,1828,Premium,Android,Card
C14230,32,Female,Indore,117,Standard,Web,Card
C14231,29,Female,Mumbai,56,Standard,iOS,Net Banking
C14232,41,Female,Ahmedabad,1096,Basic,Android,Card
C14233,51,Female,Jaipur,1775,Standard,Android,Net Banking
C14234,33,Male,Mumbai,1694,Basic,iOS,UPI
C14235,31,Male,Delhi,77,Standard,Android,UPI
C14236,33,Male,Hyderabad,2174,Standard,iOS,UPI
C14237,25,Female,Kanpur,647,Basic,Android,UPI
C14238,38,Male,Chennai,527,Standard,Android,Card
C14239,35,Female,Kolkata,801,Standard,Android,Card
C14240,27,Female,Jaipur,1671,Basic,Android,UPI
C14241,39,Female,Lucknow,721,Standard,iOS,UPI
C14242,31,Male,Chennai,1433,Standard,iOS,UPI
C14243,22,Male,Chennai,558,Basic,Android,UPI
C14244,34,Female,Ahmedabad,285,Basic,iOS,Card
C14245,33,Female,Bengaluru,264,Basic,Web,UPI
C14246,40,Female,Lucknow,982,Basic,iOS,UPI
C14247,38,Female,Mumbai,36,Standard,iOS,UPI
C14248,30,Male,Delhi,1243,Standard,Android,Wallet
C14249,27,Male,Jaipur,1711,Basic,Android,Wallet
C14250,31,Male,Bengaluru,1251,Standard,Android,UPI
C14251,34,Other,Delhi,1021,Basic,Android,UPI
C14252,35,Female,Delhi,399,Standard,Android,Wallet
C14253,34,Male,Chennai,381,Basic,Android,Net Banking
C14254,30,Male,Lucknow,282,Standard,Android,Card
C14255,40,Female,Mumbai,208,Basic,Android,Card
C14256,25,Male,Mumbai,1251,Standard,iOS,Card
C14257,53,Male,Hyderabad,634,Standard,Android,Card
C14258,38,Male,Indore,1466,Premium,Android,Net Banking
C14259,21,Male,Bengaluru,798,Basic,Android,Card
C14260,33,Male,Indore,728,Premium,Android,Card
C14261,38,Male,Kanpur,1031,Basic,Android,Wallet
C14262,28,Male,Bengaluru,817,Basic,iOS,Wallet
C14263,18,Female,Lucknow,249,Standard,Android,UPI
C14264,22,Male,Kolkata,85,Basic,Android,Wallet
C14265,36,Male,Chennai,2156,Standard,iOS,UPI
C14266,18,Male,Hyderabad,263,Basic,Android,UPI
C14267,18,Male,Lucknow,613,Standard,Web,UPI
C14268,36,Female,Jaipur,910,Standard,Android,UPI
C14269,29,Female,Ahmedabad,987,Standard,Android,UPI
C14270,25,Male,Chandigarh,1656,Standard,Android,Wallet
C14271,27,Male,Chennai,1568,Standard,Web,UPI
C14272,18,Male,Jaipur,1345,Standard,Android,Net Banking
C14273,35,Male,Kanpur,703,Standard,Android,UPI
C14274,24,Female,Delhi,2097,Standard,Android,UPI
C14275,26,Male,Mumbai,209,Standard,Web,UPI
C14276,34,Female,Hyderabad,703,Basic,Android,UPI
C14277,29,Male,Lucknow,847,Basic,Android,Wallet
C14278,25,Male,Bengaluru,788,Standard,iOS,UPI
C14279,18,Female,Kolkata,1229,Standard,iOS,UPI
C14280,34,Male,Mumbai,141,Premium,Android,Net Banking
C14281,32,Male,Bengaluru,1856,Premium,Android,UPI
C14282,26,Male,Pune,377,Premium,Android,UPI
C14283,22,Female,Mumbai,828,Standard,Android,UPI
C14284,31,Male,Kanpur,1290,Standard,iOS,Card
C14285,35,Male,Delhi,1960,Basic,Web,UPI
C14286,32,Female,Noida,1240,Basic,iOS,Card
C14287,46,Male,Delhi,1214,Standard,Android,Net Banking
C14288,37,Female,Chandigarh,565,Standard,Android,UPI
C14289,30,Male,Pune,1586,Basic,Android,Card
C14290,38,Female,Mumbai,1245,Premium,iOS,Wallet
C14291,31,Male,Mumbai,95,Premium,iOS,UPI
C14292,31,Male,Mumbai,940,Basic,iOS,UPI
C14293,43,Male,Pune,1973,Basic,Web,Card
C14294,23,Female,Jaipur,1891,Premium,Android,Card
C14295,31,Female,Hyderabad,493,Basic,iOS,UPI
C14296,42,Male,Hyderabad,1637,Basic,Web,Wallet
C14297,34,Male,Pune,737,Standard,Android,UPI
C14298,28,Female,Chennai,1681,Standard,iOS,UPI
C14299,18,Female,Kolkata,1166,Standard,Android,UPI
C14300,18,Male,Hyderabad,726,Standard,Android,Net Banking
C14301,50,Female,Ahmedabad,2112,Standard,Android,UPI
C14302,34,Male,Chandigarh,554,Standard,Android,Card
C14303,26,Male,Bengaluru,780,Standard,iOS,Wallet
C14304,34,Female,Mumbai,2054,Basic,Android,UPI
C14305,22,Female,Mumbai,508,Standard,Android,UPI
C14306,28,Male,Chennai,458,Standard,iOS,Net Banking
C14307,23,Female,Bengaluru,2114,Basic,Android,UPI
C14308,18,Male,Gurugram,1079,Basic,Android,UPI
C14309,18,Female,Pune,1784,Basic,iOS,Card
C14310,18,Male,Chennai,222,Basic,Web,Card
C14311,40,Male,Jaipur,1469,Standard,Android,UPI
C14312,22,Male,Bengaluru,255,Basic,Web,Net Banking
C14313,36,Female,Lucknow,918,Basic,Web,Card
C14314,40,Male,Mumbai,470,Standard,Android,UPI
C14315,31,Male,Pune,942,Standard,Web,UPI
C14316,28,Female,Gurugram,880,Standard,iOS,Card
C14317,32,Male,Jaipur,2092,Basic,iOS,UPI
C14318,27,Male,Lucknow,1467,Standard,Android,UPI
C14319,42,Female,Hyderabad,179,Standard,iOS,UPI
C14320,48,Male,Lucknow,1087,Basic,Android,Card
C14321,44,Female,Chennai,1673,Basic,iOS,UPI
C14322,18,Female,Pune,1098,Standard,Android,UPI
C14323,27,Female,Mumbai,1334,Standard,iOS,Card
C14324,31,Female,Delhi,1142,Basic,Web,Wallet
C14325,35,Female,Chennai,2131,Basic,Android,UPI
C14326,18,Female,Mumbai,1455,Standard,Android,Card
C14327,18,Male,Ahmedabad,1241,Standard,Android,UPI
C14328,43,Male,Lucknow,2074,Standard,Android,UPI
C14329,26,Female,Noida,638,Premium,Web,UPI
C14330,18,Male,Mumbai,1667,Basic,iOS,Net Banking
C14331,21,Male,Gurugram,1722,Standard,iOS,UPI
C14332,35,Male,Mumbai,832,Basic,iOS,Net Banking
C14333,24,Other,Hyderabad,2168,Standard,iOS,UPI
C14334,33,Female,Lucknow,670,Standard,Android,Card
C14335,22,Female,Mumbai,1999,Standard,Android,UPI
C14336,18,Female,Mumbai,70,Standard,Android,Card
C14337,44,Female,Mumbai,669,Standard,iOS,Wallet
C14338,35,Male,Chennai,692,Standard,Web,Wallet
C14339,28,Female,Jaipur,781,Basic,Android,Net Banking
C14340,26,Male,Mumbai,977,Basic,Android,UPI
C14341,44,Male,Mumbai,1667,Standard,iOS,Card
C14342,36,Male,Pune,963,Standard,iOS,Wallet
C14343,41,Male,Delhi,1328,Basic,iOS,UPI
C14344,26,Male,Ahmedabad,278,Premium,Android,UPI
C14345,31,Male,Gurugram,55,Premium,iOS,UPI
C14346,35,Male,Jaipur,885,Standard,iOS,Card
C14347,26,Female,Kanpur,337,Standard,Android,UPI
C14348,30,Female,Chennai,266,Basic,iOS,UPI
C14349,26,Female,Lucknow,215,Standard,Android,UPI
C14350,35,Male,Delhi,621,Premium,Web,Card
C14351,19,Male,Mumbai,417,Basic,Web,UPI
C14352,36,Female,Kolkata,344,Basic,iOS,Wallet
C14353,34,Female,Mumbai,691,Premium,Android,Card
C14354,29,Male,Kanpur,582,Basic,Web,UPI
C14355,35,Female,Kolkata,2128,Premium,Android,Card
C14356,28,Female,Gurugram,1417,Basic,Android,UPI
C14357,25,Female,Bengaluru,1497,Basic,Android,Card
C14358,36,Female,Chennai,1519,Premium,Android,Net Banking
C14359,36,Male,Ahmedabad,148,Basic,Web,UPI
C14360,26,Female,Delhi,1101,Standard,Android,UPI
C14361,26,Female,Chennai,1347,Basic,iOS,UPI
C14362,29,Other,Kolkata,2067,Standard,iOS,Card
C14363,26,Male,Indore,977,Basic,iOS,UPI
C14364,45,Male,Ahmedabad,624,Standard,Android,Card
C14365,34,Male,Mumbai,1666,Premium,Android,UPI
C14366,31,Female,Chennai,430,Basic,Web,Net Banking
C14367,23,Female,Pune,1948,Basic,Android,UPI
C14368,38,Female,Delhi,804,Standard,Android,Card
C14369,25,Female,Hyderabad,171,Premium,iOS,UPI
C14370,25,Female,Bengaluru,794,Basic,iOS,UPI
C14371,38,Male,Mumbai,2156,Premium,iOS,UPI
C14372,34,Female,Chennai,968,Premium,Android,Card
C14373,18,Female,Delhi,155,Standard,Android,Wallet
C14374,30,Male,Pune,838,Basic,Android,UPI
C14375,32,Female,Delhi,1619,Standard,iOS,Wallet
C14376,28,Male,Ahmedabad,147,Standard,Web,UPI
C14377,32,Female,Delhi,1989,Standard,iOS,Wallet
C14378,18,Male,Kanpur,1663,Basic,iOS,UPI
C14379,18,Male,Mumbai,1661,Standard,iOS,UPI
C14380,22,Male,Chennai,1663,Standard,iOS,Card
C14381,34,Male,Bengaluru,357,Standard,Android,UPI
C14382,18,Female,Delhi,1769,Standard,Web,Wallet
C14383,23,Female,Hyderabad,481,Basic,iOS,Wallet
C14384,18,Female,Lucknow,363,Basic,Android,UPI
C14385,29,Female,Noida,119,Basic,iOS,UPI
C14386,49,Male,Bengaluru,341,Basic,Android,UPI
C14387,29,Female,Delhi,314,Standard,Android,UPI
C14388,30,Female,Ahmedabad,1948,Standard,iOS,Card
C14389,39,Male,Pune,162,Basic,iOS,UPI
C14390,31,Female,Delhi,1434,Basic,Android,UPI
C14391,29,Male,Ahmedabad,146,Standard,iOS,UPI
C14392,39,Female,Chennai,2115,Basic,Android,Net Banking
C14393,35,Male,Kolkata,1249,Premium,iOS,UPI
C14394,34,Female,Bengaluru,1146,Standard,Android,Card
C14395,30,Male,Hyderabad,196,Premium,iOS,Card
C14396,28,Male,Delhi,1913,Standard,Web,UPI
C14397,39,Male,Ahmedabad,952,Premium,Android,Card
C14398,28,Other,Delhi,333,Standard,iOS,UPI
C14399,42,Male,Jaipur,1569,Basic,iOS,Card
C14400,22,Female,Jaipur,2078,Standard,iOS,UPI
C14401,44,Male,Ahmedabad,62,Basic,Web,UPI
C14402,35,Male,Mumbai,468,Standard,Android,Wallet
C14403,22,Male,Bengaluru,1416,Basic,Android,UPI
C14404,36,Male,Hyderabad,165,Standard,iOS,UPI
C14405,25,Male,Pune,1673,Standard,Android,UPI
C14406,31,Female,Noida,1354,Premium,iOS,Card
C14407,27,Female,Bengaluru,1194,Basic,iOS,Card
C14408,30,Female,Kanpur,741,Premium,iOS,UPI
C14409,39,Male,Delhi,1062,Standard,Android,UPI
C14410,36,Male,Bengaluru,209,Basic,Android,Net Banking
C14411,21,Female,Mumbai,1615,Basic,Web,Card
C14412,21,Male,Ahmedabad,1362,Basic,Android,Net Banking
C14413,33,Female,Delhi,1179,Basic,iOS,UPI
C14414,34,Female,Delhi,1730,Standard,iOS,UPI
C14415,25,Male,Jaipur,1135,Basic,Android,UPI
C14416,45,Male,Chennai,904,Standard,iOS,UPI
C14417,38,Female,Mumbai,1769,Standard,Android,Card
C14418,25,Male,Mumbai,2058,Standard,Web,Net Banking
C14419,24,Male,Chennai,1847,Premium,iOS,Card
C14420,29,Male,Bengaluru,1139,Basic,Android,UPI
C14421,28,Male,Delhi,829,Standard,iOS,Card
C14422,42,Female,Pune,313,Premium,Web,UPI
C14423,40,Female,Delhi,931,Basic,Android,UPI
C14424,31,Female,Pune,1834,Standard,Android,UPI
C14425,37,Male,Hyderabad,1767,Premium,Android,Card
C14426,38,Female,Delhi,308,Standard,iOS,Card
C14427,32,Male,Mumbai,1212,Premium,Android,Wallet
C14428,35,Male,Delhi,1481,Premium,iOS,UPI
C14429,36,Male,Mumbai,1520,Basic,Android,UPI
C14430,35,Female,Bengaluru,1929,Standard,Web,UPI
C14431,24,Male,Noida,193,Standard,iOS,Net Banking
C14432,25,Female,Lucknow,1038,Premium,Android,UPI
C14433,28,Male,Bengaluru,236,Standard,iOS,UPI
C14434,25,Male,Pune,1603,Standard,Android,UPI
C14435,18,Female,Pune,1184,Basic,Android,Net Banking
C14436,37,Male,Lucknow,968,Standard,Android,UPI
C14437,34,Male,Delhi,1807,Standard,iOS,UPI
C14438,19,Male,Bengaluru,1866,Premium,Web,Card
C14439,29,Female,Bengaluru,716,Basic,Android,Card
C14440,29,Female,Mumbai,1799,Basic,Android,Card
C14441,33,Female,Bengaluru,2114,Premium,iOS,UPI
C14442,21,Male,Kanpur,142,Standard,Web,UPI
C14443,19,Female,Noida,1679,Basic,iOS,UPI
C14444,36,Other,Mumbai,280,Standard,Android,Wallet
C14445,18,Male,Hyderabad,1726,Premium,Web,UPI
C14446,29,Female,Hyderabad,1505,Premium,Android,UPI
C14447,28,Male,Chennai,1839,Basic,Android,UPI
C14448,30,Female,Pune,1275,Standard,Android,UPI
C14449,33,Female,Mumbai,582,Standard,Android,UPI
C14450,45,Female,Lucknow,1539,Basic,iOS,Net Banking
C14451,18,Male,Indore,746,Standard,iOS,Net Banking
C14452,39,Male,Kolkata,97,Basic,iOS,UPI
C14453,18,Female,Kolkata,286,Standard,Web,Net Banking
C14454,44,Female,Chennai,1918,Basic,Android,UPI
C14455,18,Female,Bengaluru,855,Basic,iOS,UPI
C14456,53,Male,Delhi,342,Basic,iOS,UPI
C14457,27,Female,Pune,107,Premium,Android,UPI
C14458,43,Male,Mumbai,119,Basic,Android,UPI
C14459,41,Male,Lucknow,1660,Standard,iOS,Card
C14460,27,Female,Hyderabad,313,Basic,Android,Net Banking
C14461,28,Male,Hyderabad,1771,Premium,Web,Wallet
C14462,23,Male,Bengaluru,1243,Standard,Web,UPI
C14463,38,Male,Indore,493,Premium,Android,Card
C14464,27,Male,Delhi,1984,Basic,Android,Net Banking
C14465,24,Male,Delhi,1093,Standard,iOS,UPI
C14466,36,Male,Delhi,885,Basic,Android,Card
C14467,23,Female,Kolkata,1488,Basic,iOS,Card
C14468,28,Male,Chandigarh,1457,Standard,Android,UPI
C14469,32,Female,Delhi,1641,Standard,Web,Card
C14470,25,Female,Noida,1363,Basic,Android,UPI
C14471,27,Male,Bengaluru,2133,Standard,iOS,UPI
C14472,45,Female,Kolkata,932,Standard,Web,Wallet
C14473,29,Female,Mumbai,465,Standard,iOS,UPI
C14474,28,Female,Chennai,305,Standard,iOS,Wallet
C14475,29,Male,Kolkata,565,Standard,Web,Card
C14476,35,Male,Chennai,1707,Premium,Web,UPI
C14477,22,Female,Delhi,1882,Standard,iOS,UPI
C14478,35,Male,Lucknow,663,Premium,iOS,Card
C14479,33,Male,Indore,240,Basic,Android,UPI
C14480,18,Female,Hyderabad,1592,Standard,Web,UPI
C14481,47,Male,Kolkata,1735,Premium,Web,UPI
C14482,44,Female,Jaipur,149,Basic,iOS,Wallet
C14483,24,Male,Delhi,319,Standard,iOS,UPI
C14484,21,Male,Kanpur,757,Premium,iOS,UPI
C14485,33,Female,Bengaluru,1037,Basic,Android,Card
C14486,18,Male,Jaipur,269,Standard,Android,Card
C14487,43,Female,Mumbai,1315,Standard,iOS,UPI
C14488,27,Male,Bengaluru,1107,Standard,Android,UPI
C14489,46,Female,Chennai,1696,Basic,Android,UPI
C14490,24,Male,Chennai,2097,Basic,Web,UPI
C14491,30,Male,Lucknow,278,Basic,Android,UPI
C14492,42,Female,Chandigarh,1011,Basic,Web,Card
C14493,28,Male,Mumbai,1818,Basic,iOS,UPI
C14494,33,Female,Bengaluru,50,Standard,Web,Card
C14495,41,Male,Bengaluru,1875,Premium,Android,UPI
C14496,26,Male,Chennai,890,Premium,Android,UPI
C14497,20,Female,Chennai,1751,Premium,iOS,Wallet
C14498,18,Female,Lucknow,1334,Premium,Android,Net Banking
C14499,36,Female,Jaipur,2063,Basic,iOS,Card
C14500,34,Male,Mumbai,356,Basic,iOS,Card
C14501,41,Male,Hyderabad,1922,Basic,Android,Card
C14502,29,Female,Pune,1258,Standard,Web,UPI
C14503,18,Female,Hyderabad,1696,Premium,Android,Card
C14504,18,Male,Mumbai,1707,Basic,Android,UPI
C14505,57,Female,Hyderabad,1287,Standard,iOS,Wallet
C14506,36,Female,Hyderabad,1012,Standard,Android,UPI
C14507,32,Male,Delhi,1784,Basic,iOS,Card
C14508,34,Female,Ahmedabad,1127,Standard,iOS,UPI
C14509,18,Male,Bengaluru,2146,Basic,Android,UPI
C14510,24,Female,Pune,1476,Standard,Android,UPI
C14511,47,Male,Chennai,1412,Premium,Android,UPI
C14512,37,Female,Kanpur,1294,Basic,Android,Card
C14513,24,Female,Mumbai,556,Basic,Android,Card
C14514,20,Female,Mumbai,1654,Standard,Android,UPI
C14515,26,Male,Bengaluru,567,Standard,iOS,UPI
C14516,28,Male,Hyderabad,1365,Standard,Web,Card
C14517,49,Female,Bengaluru,1757,Standard,Android,UPI
C14518,29,Male,Jaipur,1008,Basic,iOS,Net Banking
C14519,20,Female,Delhi,2177,Basic,Android,Card
C14520,30,Female,Mumbai,385,Premium,Android,Card
C14521,33,Female,Hyderabad,486,Basic,Android,Wallet
C14522,19,Male,Jaipur,688,Premium,iOS,UPI
C14523,35,Female,Lucknow,2135,Basic,Android,UPI
C14524,42,Female,Ahmedabad,1188,Premium,Web,Card
C14525,32,Male,Pune,612,Premium,iOS,Card
C14526,24,Male,Ahmedabad,2125,Basic,iOS,Card
C14527,26,Female,Kolkata,925,Standard,Web,Wallet
C14528,18,Male,Delhi,608,Standard,Android,UPI
C14529,30,Female,Chennai,2000,Standard,iOS,Net Banking
C14530,34,Male,Jaipur,365,Premium,Android,Card
C14531,23,Female,Bengaluru,2117,Basic,Android,Card
C14532,48,Male,Kolkata,128,Premium,Android,UPI
C14533,38,Male,Chennai,1260,Standard,Android,UPI
C14534,18,Female,Chennai,1293,Basic,iOS,Wallet
C14535,18,Female,Mumbai,2091,Standard,Android,Net Banking
C14536,22,Female,Kolkata,2047,Basic,Android,UPI
C14537,45,Male,Kanpur,1858,Standard,Web,UPI
C14538,39,Male,Delhi,2017,Basic,Android,UPI
C14539,46,Male,Bengaluru,1910,Standard,Android,UPI
C14540,31,Male,Mumbai,1143,Basic,Android,UPI
C14541,29,Male,Mumbai,1914,Standard,Android,Wallet
C14542,20,Male,Chandigarh,1703,Premium,iOS,UPI
C14543,34,Male,Chennai,868,Premium,Web,UPI
C14544,29,Female,Bengaluru,1940,Standard,iOS,Card
C14545,29,Male,Bengaluru,96,Basic,Android,Card
C14546,46,Female,Indore,253,Premium,Web,Card
C14547,30,Female,Delhi,387,Basic,iOS,UPI
C14548,43,Female,Ahmedabad,1190,Standard,Web,UPI
C14549,18,Female,Bengaluru,191,Premium,Android,UPI
C14550,55,Male,Mumbai,518,Basic,iOS,Card
C14551,28,Female,Kolkata,556,Basic,Android,Wallet
C14552,37,Female,Mumbai,556,Standard,Android,Card
C14553,39,Male,Kolkata,149,Standard,Web,Card
C14554,27,Male,Delhi,516,Basic,iOS,Wallet
C14555,38,Female,Ahmedabad,630,Standard,iOS,UPI
C14556,39,Female,Jaipur,1676,Premium,Android,UPI
C14557,25,Female,Ahmedabad,1308,Premium,Android,UPI
C14558,25,Male,Mumbai,712,Basic,Web,Net Banking
C14559,31,Female,Ahmedabad,336,Standard,Android,UPI
C14560,30,Male,Chandigarh,1144,Premium,Android,Card
C14561,44,Female,Delhi,715,Basic,Android,UPI
C14562,37,Male,Bengaluru,1542,Standard,iOS,Card
C14563,30,Female,Lucknow,516,Basic,Android,UPI
C14564,36,Male,Delhi,2193,Basic,Android,UPI
C14565,18,Female,Kolkata,236,Basic,iOS,UPI
C14566,25,Female,Ahmedabad,1841,Standard,iOS,UPI
C14567,34,Other,Mumbai,1497,Standard,iOS,UPI
C14568,41,Male,Chennai,1490,Basic,Android,UPI
C14569,33,Female,Pune,1967,Standard,Android,UPI
C14570,44,Male,Bengaluru,1009,Basic,Android,UPI
C14571,39,Female,Kanpur,1583,Basic,Android,Net Banking
C14572,27,Male,Delhi,1176,Premium,Android,UPI
C14573,30,Female,Bengaluru,1514,Standard,Web,UPI
C14574,35,Female,Lucknow,1229,Standard,Web,UPI
C14575,27,Female,Delhi,2163,Basic,Android,UPI
C14576,45,Female,Lucknow,731,Basic,iOS,Card
C14577,21,Male,Mumbai,1616,Premium,Android,Wallet
C14578,34,Female,Chennai,390,Basic,Android,UPI
C14579,38,Female,Mumbai,132,Basic,iOS,Card
C14580,28,Male,Kolkata,1556,Standard,Android,Card
C14581,26,Female,Jaipur,503,Standard,Android,Card
C14582,30,Female,Lucknow,63,Premium,Android,Net Banking
C14583,38,Male,Chandigarh,1413,Premium,iOS,UPI
C14584,27,Female,Kolkata,1357,Basic,iOS,UPI
C14585,21,Male,Jaipur,1416,Basic,Android,UPI
C14586,41,Male,Chennai,1015,Standard,Android,UPI
C14587,35,Female,Noida,1836,Basic,Android,UPI
C14588,40,Male,Kolkata,57,Standard,Android,Wallet
C14589,38,Female,Kanpur,374,Basic,Android,UPI
C14590,51,Male,Delhi,846,Premium,iOS,Wallet
C14591,41,Male,Chennai,2159,Premium,iOS,UPI
C14592,24,Male,Ahmedabad,1593,Basic,iOS,Net Banking
C14593,35,Male,Delhi,1150,Basic,Android,UPI
C14594,26,Male,Delhi,2089,Premium,iOS,UPI
C14595,27,Female,Indore,2027,Basic,Web,Card
C14596,18,Male,Hyderabad,258,Basic,Android,UPI
C14597,28,Female,Delhi,1178,Basic,Android,Net Banking
C14598,36,Male,Bengaluru,2094,Basic,Web,UPI
C14599,30,Male,Hyderabad,435,Basic,iOS,UPI
C14600,21,Female,Pune,372,Basic,Android,Card
C14601,18,Female,Noida,791,Basic,iOS,UPI
C14602,50,Male,Chandigarh,2132,Standard,Android,Card
C14603,34,Male,Kolkata,509,Basic,Android,UPI
C14604,24,Male,Kolkata,1409,Standard,iOS,Card
C14605,35,Female,Bengaluru,603,Standard,iOS,Card
C14606,51,Male,Lucknow,1629,Standard,Android,Wallet
C14607,37,Female,Delhi,1962,Premium,Android,UPI
C14608,18,Male,Mumbai,118,Basic,Web,UPI
C14609,55,Female,Indore,848,Basic,iOS,UPI
C14610,18,Male,Kanpur,1286,Standard,Android,Card
C14611,29,Male,Bengaluru,426,Basic,Android,UPI
C14612,21,Female,Kolkata,1407,Basic,Android,Net Banking
C14613,24,Male,Hyderabad,821,Premium,Android,Wallet
C14614,34,Female,Bengaluru,106,Premium,Android,Wallet
C14615,18,Female,Bengaluru,1369,Standard,Web,UPI
C14616,30,Female,Mumbai,112,Standard,iOS,UPI
C14617,41,Female,Chennai,465,Standard,Web,UPI
C14618,23,Female,Hyderabad,385,Basic,Android,Wallet
C14619,18,Male,Chennai,140,Basic,Android,Card
C14620,30,Male,Delhi,922,Standard,Web,UPI
C14621,28,Female,Gurugram,1922,Basic,Web,UPI
C14622,26,Other,Kolkata,693,Basic,iOS,Wallet
C14623,20,Male,Kanpur,549,Standard,Android,UPI
C14624,36,Female,Mumbai,1781,Standard,iOS,Card
C14625,36,Male,Pune,2061,Basic,Android,Card
C14626,21,Male,Lucknow,683,Premium,Web,UPI
C14627,23,Female,Bengaluru,132,Standard,iOS,UPI
C14628,32,Female,Delhi,1680,Standard,Android,Net Banking
C14629,22,Male,Bengaluru,1442,Basic,Android,UPI
C14630,33,Male,Bengaluru,2194,Standard,Android,Card
C14631,44,Male,Hyderabad,1473,Standard,iOS,Net Banking
C14632,30,Male,Bengaluru,2047,Standard,Android,UPI
C14633,20,Female,Bengaluru,368,Standard,Android,UPI
C14634,35,Male,Kolkata,387,Basic,Android,Card
C14635,29,Male,Mumbai,1473,Basic,Android,UPI
C14636,30,Female,Bengaluru,1652,Premium,iOS,UPI
C14637,35,Female,Kolkata,871,Basic,Android,UPI
C14638,37,Female,Delhi,965,Standard,Android,Wallet
C14639,31,Male,Delhi,858,Premium,Android,Card
C14640,30,Male,Delhi,133,Basic,Web,UPI
C14641,50,Male,Mumbai,1934,Premium,Android,UPI
C14642,42,Female,Hyderabad,1998,Premium,Android,Net Banking
C14643,39,Male,Mumbai,2096,Standard,Android,Net Banking
C14644,32,Female,Bengaluru,1124,Standard,Android,UPI
C14645,22,Male,Chandigarh,399,Premium,iOS,Card
C14646,41,Male,Noida,906,Basic,Android,UPI
C14647,32,Male,Delhi,1514,Standard,Web,UPI
C14648,26,Female,Bengaluru,406,Basic,iOS,Net Banking
C14649,29,Female,Hyderabad,365,Premium,iOS,UPI
C14650,22,Female,Lucknow,2183,Standard,Android,UPI
C14651,41,Male,Jaipur,105,Standard,Android,UPI
C14652,37,Female,Mumbai,1328,Basic,Android,UPI
C14653,33,Male,Mumbai,354,Basic,Web,Wallet
C14654,31,Female,Hyderabad,77,Standard,Web,UPI
C14655,25,Male,Kanpur,1407,Basic,Android,Card
C14656,18,Female,Kanpur,429,Standard,Web,Card
C14657,18,Female,Mumbai,1606,Standard,iOS,Card
C14658,24,Male,Pune,1819,Basic,iOS,Card
C14659,23,Female,Delhi,1130,Basic,Web,Card
C14660,34,Female,Kolkata,392,Basic,Web,UPI
C14661,38,Male,Noida,2095,Premium,iOS,UPI
C14662,30,Female,Hyderabad,837,Basic,Android,Wallet
C14663,44,Male,Mumbai,1688,Basic,iOS,UPI
C14664,24,Male,Pune,448,Premium,Android,UPI
C14665,30,Female,Hyderabad,380,Standard,Android,UPI
C14666,31,Female,Jaipur,1493,Standard,iOS,UPI
C14667,41,Female,Bengaluru,481,Standard,Android,UPI
C14668,32,Female,Kanpur,1186,Standard,Android,UPI
C14669,32,Female,Bengaluru,1323,Premium,Android,UPI
C14670,18,Male,Delhi,295,Premium,iOS,Card
C14671,23,Female,Bengaluru,753,Standard,Android,Wallet
C14672,41,Male,Mumbai,449,Standard,Web,UPI
C14673,18,Male,Bengaluru,31,Standard,iOS,Wallet
C14674,43,Female,Kolkata,2089,Standard,Android,UPI
C14675,35,Male,Delhi,82,Standard,Android,UPI
C14676,24,Female,Mumbai,1829,Basic,Android,UPI
C14677,24,Female,Mumbai,915,Standard,Android,Card
C14678,48,Other,Mumbai,631,Basic,Android,Wallet
C14679,44,Female,Kanpur,1166,Basic,Android,UPI
C14680,30,Female,Gurugram,2017,Basic,Android,Card
C14681,32,Male,Mumbai,1447,Basic,Android,Card
C14682,25,Male,Ahmedabad,204,Standard,Android,UPI
C14683,32,Male,Ahmedabad,1686,Basic,Web,UPI
C14684,25,Male,Chandigarh,1686,Standard,Web,UPI
C14685,30,Male,Bengaluru,2132,Premium,Android,UPI
C14686,47,Male,Bengaluru,468,Basic,iOS,Net Banking
C14687,30,Male,Hyderabad,1850,Basic,Android,UPI
C14688,22,Male,Lucknow,833,Basic,iOS,Wallet
C14689,19,Male,Ahmedabad,802,Standard,iOS,Card
C14690,32,Female,Hyderabad,1403,Basic,iOS,UPI
C14691,24,Female,Delhi,1190,Basic,iOS,UPI
C14692,33,Female,Ahmedabad,528,Basic,Web,Card
C14693,18,Female,Lucknow,498,Basic,Android,Card
C14694,37,Female,Hyderabad,1441,Standard,iOS,Card
C14695,21,Male,Kolkata,2132,Standard,Android,UPI
C14696,31,Male,Hyderabad,528,Basic,Android,Wallet
C14697,28,Female,Chennai,1191,Standard,iOS,UPI
C14698,46,Female,Chennai,695,Standard,Android,Card
C14699,33,Male,Jaipur,571,Premium,Android,UPI
C14700,49,Female,Indore,1755,Standard,Android,Card
C14701,36,Male,Hyderabad,1601,Standard,Web,UPI
C14702,44,Male,Bengaluru,1070,Premium,Android,UPI
C14703,29,Male,Bengaluru,1088,Basic,Android,UPI
C14704,34,Female,Mumbai,953,Basic,Android,Wallet
C14705,42,Female,Bengaluru,2192,Standard,Web,UPI
C14706,39,Male,Mumbai,2082,Basic,Android,UPI
C14707,36,Female,Hyderabad,192,Standard,Android,UPI
C14708,28,Female,Delhi,1800,Standard,Android,UPI
C14709,30,Female,Bengaluru,757,Standard,iOS,Wallet
C14710,41,Male,Jaipur,1447,Basic,Web,UPI
C14711,43,Male,Delhi,2073,Standard,Android,Net Banking
C14712,26,Male,Pune,944,Basic,Android,UPI
C14713,24,Male,Noida,1030,Basic,Android,UPI
C14714,23,Female,Pune,1388,Basic,Android,Card
C14715,38,Male,Delhi,706,Basic,Web,UPI
C14716,23,Male,Bengaluru,602,Premium,Android,Net Banking
C14717,38,Female,Pune,1342,Standard,Web,UPI
C14718,36,Male,Chennai,480,Premium,Android,UPI
C14719,26,Female,Delhi,1471,Premium,Android,UPI
C14720,45,Male,Hyderabad,571,Standard,iOS,UPI
C14721,18,Female,Chennai,231,Standard,iOS,Card
C14722,46,Female,Bengaluru,249,Premium,Android,UPI
C14723,34,Male,Pune,592,Basic,Web,UPI
C14724,18,Male,Mumbai,251,Standard,Android,UPI
C14725,45,Female,Bengaluru,700,Basic,Web,UPI
C14726,40,Male,Jaipur,937,Standard,Android,UPI
C14727,27,Male,Bengaluru,563,Standard,Android,UPI
C14728,22,Female,Pune,1189,Standard,Web,UPI
C14729,18,Male,Hyderabad,860,Basic,Android,Card
C14730,53,Male,Bengaluru,203,Standard,Android,Card
C14731,23,Male,Noida,756,Standard,iOS,Wallet
C14732,20,Other,Bengaluru,56,Standard,Android,UPI
C14733,33,Male,Delhi,1617,Premium,iOS,UPI
C14734,18,Male,Noida,991,Basic,Android,UPI
C14735,22,Male,Ahmedabad,1329,Basic,Android,Card
C14736,40,Female,Kolkata,339,Basic,Android,UPI
C14737,35,Female,Mumbai,961,Standard,Android,Card
C14738,28,Male,Mumbai,1785,Premium,Android,UPI
C14739,31,Male,Kolkata,464,Basic,Android,Card
C14740,27,Female,Delhi,2165,Standard,iOS,Card
C14741,30,Female,Delhi,942,Premium,Android,UPI
C14742,24,Female,Jaipur,325,Basic,Android,UPI
C14743,26,Female,Bengaluru,421,Premium,iOS,UPI
C14744,26,Female,Mumbai,1032,Premium,Android,UPI
C14745,24,Male,Mumbai,2096,Standard,Web,UPI
C14746,40,Female,Hyderabad,1053,Basic,iOS,UPI
C14747,38,Male,Pune,407,Standard,Web,UPI
C14748,23,Male,Kanpur,872,Basic,Web,Net Banking
C14749,20,Other,Mumbai,1893,Basic,Android,Card
C14750,30,Male,Delhi,2166,Basic,iOS,Net Banking
C14751,50,Female,Chennai,1365,Basic,Android,Wallet
C14752,22,Male,Bengaluru,1909,Premium,Android,Card
C14753,30,Male,Chennai,1789,Standard,Android,Card
C14754,32,Female,Noida,950,Basic,Android,UPI
C14755,30,Male,Chennai,1958,Standard,Android,Card
C14756,27,Male,Hyderabad,193,Standard,Web,UPI
C14757,41,Male,Chandigarh,1774,Basic,Android,Card
C14758,35,Female,Mumbai,1291,Basic,iOS,UPI
C14759,39,Female,Gurugram,1308,Standard,Web,Card
C14760,36,Male,Chennai,2059,Standard,Android,Card
C14761,39,Female,Chennai,609,Basic,Android,UPI
C14762,45,Female,Noida,459,Premium,iOS,Card
C14763,43,Male,Chennai,1462,Standard,Web,UPI
C14764,52,Male,Hyderabad,1639,Standard,Web,Card
C14765,42,Female,Bengaluru,40,Basic,Android,Card
C14766,25,Female,Kolkata,1114,Standard,Web,Card
C14767,39,Male,Pune,849,Basic,Android,Card
C14768,37,Male,Delhi,1808,Basic,Android,UPI
C14769,48,Male,Ahmedabad,1891,Premium,Android,Card
C14770,22,Male,Kolkata,331,Standard,iOS,Net Banking
C14771,36,Female,Hyderabad,1289,Basic,Android,UPI
C14772,25,Male,Mumbai,1597,Basic,iOS,Card
C14773,36,Male,Hyderabad,595,Basic,Android,UPI
C14774,29,Male,Mumbai,2056,Premium,Android,UPI
C14775,35,Male,Mumbai,1966,Basic,Web,UPI
C14776,18,Female,Hyderabad,403,Standard,iOS,Card
C14777,38,Female,Mumbai,63,Standard,Android,UPI
C14778,33,Male,Bengaluru,1284,Basic,iOS,Card
C14779,32,Female,Kolkata,1945,Standard,Android,UPI
C14780,49,Male,Bengaluru,1511,Standard,Android,UPI
C14781,28,Male,Chandigarh,1678,Premium,Android,Wallet
C14782,34,Female,Noida,1592,Standard,Web,UPI
C14783,32,Male,Pune,347,Basic,Android,UPI
C14784,33,Male,Indore,176,Basic,Android,UPI
C14785,51,Male,Kanpur,166,Basic,iOS,UPI
C14786,32,Female,Bengaluru,2164,Basic,Android,Card
C14787,26,Female,Ahmedabad,2094,Premium,Android,UPI
C14788,48,Female,Mumbai,1839,Basic,Android,Card
C14789,28,Female,Kolkata,175,Basic,Web,UPI
C14790,18,Male,Chennai,1958,Standard,Android,Card
C14791,24,Female,Mumbai,2143,Basic,Android,UPI
C14792,20,Female,Bengaluru,1732,Standard,Android,UPI
C14793,18,Other,Gurugram,942,Basic,Android,Card
C14794,28,Female,Bengaluru,231,Standard,Android,UPI
C14795,30,Female,Delhi,797,Basic,iOS,UPI
C14796,42,Male,Delhi,472,Standard,iOS,Net Banking
C14797,37,Male,Chennai,1440,Standard,iOS,Wallet
C14798,36,Female,Lucknow,1945,Basic,Android,UPI
C14799,23,Male,Ahmedabad,1106,Basic,Android,Net Banking
C14800,39,Male,Hyderabad,134,Standard,Android,Card
C14801,44,Female,Delhi,876,Standard,iOS,Wallet
C14802,35,Female,Mumbai,1765,Standard,iOS,Net Banking
C14803,35,Male,Hyderabad,1419,Standard,Android,UPI
C14804,20,Female,Lucknow,118,Standard,iOS,Wallet
C14805,40,Male,Ahmedabad,789,Standard,Android,UPI
C14806,47,Female,Hyderabad,793,Standard,Web,UPI
C14807,34,Female,Pune,104,Basic,iOS,UPI
C14808,26,Male,Hyderabad,788,Standard,Android,UPI
C14809,30,Other,Pune,1819,Premium,Android,UPI
C14810,27,Female,Chennai,312,Standard,Android,UPI
C14811,28,Female,Kolkata,1146,Standard,Android,Net Banking
C14812,37,Male,Chennai,1455,Standard,Android,Card
C14813,34,Male,Gurugram,1520,Basic,Android,UPI
C14814,40,Female,Hyderabad,745,Standard,iOS,Card
C14815,34,Female,Mumbai,1278,Basic,Android,Net Banking
C14816,23,Male,Delhi,1598,Basic,Android,UPI
C14817,26,Female,Chennai,1362,Basic,Android,UPI
C14818,26,Female,Chennai,1848,Standard,Android,Wallet
C14819,29,Female,Chennai,505,Standard,Android,UPI
C14820,47,Female,Ahmedabad,264,Premium,iOS,UPI
C14821,49,Male,Bengaluru,2058,Basic,Android,UPI
C14822,39,Female,Kolkata,1623,Basic,Android,Wallet
C14823,32,Male,Ahmedabad,1001,Standard,Web,UPI
C14824,19,Female,Hyderabad,1268,Basic,Android,Net Banking
C14825,33,Female,Hyderabad,2026,Standard,Android,Card
C14826,24,Male,Delhi,1911,Basic,Android,UPI
C14827,46,Male,Hyderabad,1781,Basic,Android,Net Banking
C14828,18,Female,Jaipur,1312,Standard,iOS,UPI
C14829,34,Female,Noida,1592,Standard,iOS,Card
C14830,23,Male,Pune,1289,Basic,Android,UPI
C14831,31,Male,Bengaluru,1028,Basic,Android,Net Banking
C14832,37,Male,Kolkata,1492,Basic,Android,UPI
C14833,40,Male,Ahmedabad,79,Basic,Android,UPI
C14834,30,Female,Bengaluru,1823,Premium,Web,Card
C14835,38,Male,Lucknow,714,Standard,Android,Net Banking
C14836,25,Female,Mumbai,1213,Basic,Web,Net Banking
C14837,33,Female,Mumbai,1472,Basic,Android,UPI
C14838,40,Male,Mumbai,741,Basic,Android,UPI
C14839,34,Female,Delhi,747,Basic,Android,UPI
C14840,26,Female,Kanpur,413,Premium,Web,UPI
C14841,28,Female,Hyderabad,245,Basic,Android,Wallet
C14842,40,Male,Bengaluru,1943,Premium,iOS,Card
C14843,21,Male,Hyderabad,1153,Standard,Android,Card
C14844,23,Male,Hyderabad,1503,Standard,Android,Card
C14845,36,Female,Bengaluru,365,Standard,iOS,UPI
C14846,27,Female,Mumbai,1880,Basic,Android,UPI
C14847,18,Male,Kolkata,694,Standard,iOS,Wallet
C14848,43,Male,Mumbai,1028,Standard,Android,UPI
C14849,21,Male,Jaipur,1119,Standard,iOS,Card
C14850,29,Female,Delhi,1644,Basic,Android,UPI
C14851,25,Female,Ahmedabad,282,Basic,iOS,UPI
C14852,28,Female,Jaipur,1998,Basic,Android,UPI
C14853,23,Male,Mumbai,274,Basic,Android,UPI
C14854,37,Male,Mumbai,1412,Standard,Web,Card
C14855,32,Other,Gurugram,485,Premium,Android,Wallet
C14856,40,Female,Hyderabad,2033,Standard,Web,UPI
C14857,26,Female,Pune,1314,Standard,Web,Net Banking
C14858,50,Male,Mumbai,2080,Standard,Android,UPI
C14859,18,Female,Bengaluru,2055,Standard,Android,UPI
C14860,18,Male,Chennai,610,Standard,iOS,Card
C14861,47,Male,Kanpur,548,Standard,Web,UPI
C14862,35,Female,Bengaluru,274,Basic,Android,UPI
C14863,34,Female,Jaipur,1592,Premium,Web,UPI
C14864,35,Female,Kolkata,83,Basic,Android,UPI
C14865,36,Male,Mumbai,440,Standard,Android,Net Banking
C14866,34,Female,Bengaluru,2002,Standard,Web,UPI
C14867,22,Female,Delhi,1409,Standard,Android,UPI
C14868,38,Female,Hyderabad,1008,Standard,iOS,Card
C14869,37,Male,Kolkata,328,Basic,Android,UPI
C14870,44,Male,Hyderabad,1863,Standard,Android,UPI
C14871,47,Male,Delhi,1864,Basic,Web,UPI
C14872,34,Male,Kolkata,130,Standard,Android,Net Banking
C14873,20,Female,Pune,1641,Standard,iOS,Wallet
C14874,47,Female,Chennai,744,Standard,Web,Wallet
C14875,22,Male,Chennai,1507,Premium,iOS,UPI
C14876,34,Male,Delhi,669,Basic,Web,UPI
C14877,29,Male,Kolkata,61,Basic,Web,Net Banking
C14878,27,Female,Hyderabad,1666,Basic,Android,Net Banking
C14879,38,Male,Bengaluru,1845,Premium,iOS,UPI
C14880,33,Female,Delhi,1514,Standard,Android,Card
C14881,36,Male,Pune,357,Standard,iOS,UPI
C14882,24,Male,Pune,1006,Standard,iOS,UPI
C14883,29,Male,Bengaluru,1187,Basic,Android,UPI
C14884,24,Male,Lucknow,1751,Basic,iOS,Net Banking
C14885,29,Male,Lucknow,1715,Standard,Android,Net Banking
C14886,30,Male,Mumbai,1956,Basic,iOS,UPI
C14887,48,Male,Kolkata,1400,Standard,Android,UPI
C14888,29,Female,Hyderabad,2069,Premium,Android,UPI
C14889,18,Female,Chandigarh,1807,Basic,iOS,UPI
C14890,44,Male,Delhi,464,Standard,Android,UPI
C14891,35,Male,Bengaluru,1568,Standard,Web,UPI
C14892,30,Male,Hyderabad,214,Basic,iOS,Net Banking
C14893,27,Female,Bengaluru,1670,Basic,Web,Net Banking
C14894,22,Female,Kolkata,510,Standard,iOS,Wallet
C14895,48,Female,Chennai,678,Standard,Web,Card
C14896,31,Male,Delhi,1275,Basic,Android,Card
C14897,18,Female,Chennai,852,Basic,iOS,Card
C14898,34,Female,Kanpur,1435,Basic,Android,Card
C14899,42,Female,Jaipur,1118,Standard,Android,UPI
C14900,32,Male,Chennai,1410,Basic,Web,UPI
C14901,23,Female,Bengaluru,1301,Standard,iOS,UPI
C14902,22,Male,Delhi,477,Basic,iOS,Card
C14903,23,Female,Kanpur,1530,Standard,iOS,UPI
C14904,45,Female,Ahmedabad,2110,Basic,Android,UPI
C14905,30,Female,Pune,1235,Basic,Web,Net Banking
C14906,18,Female,Kanpur,1347,Standard,Android,UPI
C14907,34,Male,Mumbai,1571,Standard,Android,UPI
C14908,32,Male,Kolkata,213,Premium,Android,Wallet
C14909,27,Male,Delhi,357,Premium,Web,UPI
C14910,22,Male,Mumbai,1241,Standard,Android,UPI
C14911,21,Female,Hyderabad,886,Standard,Android,Card
C14912,41,Male,Hyderabad,1531,Standard,Android,Wallet
C14913,33,Male,Gurugram,2011,Standard,Android,UPI
C14914,35,Male,Bengaluru,1727,Basic,Android,UPI
C14915,33,Male,Lucknow,500,Standard,Android,UPI
C14916,34,Female,Ahmedabad,696,Premium,Android,UPI
C14917,27,Female,Kolkata,341,Basic,Android,Net Banking
C14918,29,Female,Noida,241,Basic,Android,Wallet
C14919,41,Female,Hyderabad,1646,Basic,Android,Net Banking
C14920,44,Male,Hyderabad,1531,Basic,Android,UPI
C14921,20,Other,Delhi,451,Standard,Web,Card
C14922,29,Female,Bengaluru,1559,Basic,Android,Card
C14923,39,Male,Kanpur,1023,Standard,Android,UPI
C14924,48,Male,Hyderabad,1931,Standard,Android,Card
C14925,47,Female,Bengaluru,1574,Basic,Web,UPI
C14926,24,Female,Delhi,617,Standard,Web,Card
C14927,42,Female,Chennai,1082,Standard,Android,Card
C14928,32,Male,Ahmedabad,536,Standard,Android,UPI
C14929,40,Female,Bengaluru,1986,Basic,Android,Card
C14930,38,Female,Ahmedabad,1146,Premium,Android,UPI
C14931,20,Female,Pune,1935,Basic,Android,UPI
C14932,36,Male,Jaipur,1139,Basic,Android,UPI
C14933,40,Male,Delhi,1121,Basic,Android,Wallet
C14934,31,Female,Pune,431,Premium,Android,UPI
C14935,29,Male,Delhi,2115,Basic,Android,Net Banking
C14936,18,Male,Bengaluru,1489,Standard,Android,UPI
C14937,37,Female,Ahmedabad,663,Standard,Android,UPI
C14938,33,Female,Pune,1852,Standard,Web,UPI
C14939,23,Female,Delhi,537,Standard,Android,UPI
C14940,28,Female,Lucknow,240,Basic,Android,Net Banking
C14941,32,Male,Mumbai,1484,Standard,Web,UPI
C14942,26,Male,Pune,1653,Basic,Android,Card
C14943,31,Male,Chandigarh,1272,Basic,Android,Card
C14944,18,Female,Chennai,1578,Basic,iOS,UPI
C14945,43,Male,Jaipur,574,Standard,Android,UPI
C14946,31,Female,Pune,632,Basic,Android,UPI
C14947,21,Female,Jaipur,835,Standard,iOS,Card
C14948,18,Female,Kolkata,480,Basic,iOS,Net Banking
C14949,40,Male,Kolkata,535,Basic,iOS,Card
C14950,36,Male,Delhi,133,Basic,Android,UPI
C14951,33,Male,Ahmedabad,544,Standard,Android,Card
C14952,39,Male,Delhi,1217,Standard,Android,Card
C14953,39,Female,Chandigarh,827,Basic,Android,UPI
C14954,33,Female,Delhi,961,Standard,iOS,UPI
C14955,29,Male,Delhi,2035,Standard,iOS,UPI
C14956,27,Male,Lucknow,43,Basic,Android,Card
C14957,35,Male,Delhi,1841,Basic,Web,Card
C14958,44,Female,Bengaluru,101,Basic,Android,UPI
C14959,30,Male,Ahmedabad,1141,Standard,Web,Net Banking
C14960,44,Female,Delhi,312,Basic,Android,Net Banking
C14961,34,Female,Delhi,1066,Premium,iOS,UPI
C14962,34,Female,Chennai,1971,Standard,iOS,UPI
C14963,53,Female,Delhi,98,Basic,iOS,UPI
C14964,46,Male,Delhi,1129,Premium,iOS,Card
C14965,46,Male,Mumbai,1033,Basic,iOS,UPI
C14966,24,Female,Bengaluru,1009,Standard,iOS,Net Banking
C14967,51,Female,Bengaluru,1383,Basic,Web,UPI
C14968,30,Male,Mumbai,738,Standard,Android,Card
C14969,29,Female,Pune,1719,Basic,Android,Net Banking
C14970,18,Female,Pune,546,Standard,iOS,UPI
C14971,34,Female,Mumbai,802,Basic,Android,Net Banking
C14972,21,Male,Bengaluru,1046,Standard,Android,Net Banking
C14973,35,Other,Kanpur,2025,Premium,Android,UPI
C14974,21,Female,Pune,1187,Basic,Android,UPI
C14975,47,Male,Hyderabad,1853,Premium,iOS,Net Banking
C14976,36,Male,Hyderabad,333,Standard,iOS,Wallet
C14977,52,Female,Delhi,208,Standard,Android,UPI
C14978,22,Male,Lucknow,1118,Standard,Android,UPI
C14979,45,Male,Noida,1989,Standard,Android,UPI
C14980,18,Male,Noida,537,Premium,Web,UPI
C14981,33,Male,Delhi,513,Basic,iOS,Card
C14982,25,Female,Bengaluru,351,Standard,Android,Card
C14983,27,Male,Delhi,2033,Premium,Android,Card
C14984,26,Male,Bengaluru,229,Standard,Web,Net Banking
C14985,23,Female,Bengaluru,1398,Premium,Android,UPI
C14986,20,Male,Pune,855,Standard,Android,UPI
C14987,27,Male,Delhi,923,Basic,iOS,UPI
C14988,32,Male,Noida,1572,Standard,Android,Card
C14989,41,Male,Mumbai,977,Standard,Web,Card
C14990,34,Female,Mumbai,80,Basic,Web,Net Banking
C14991,41,Female,Lucknow,1251,Basic,Android,UPI
C14992,18,Female,Ahmedabad,85,Basic,iOS,Net Banking
C14993,27,Male,Bengaluru,1861,Standard,iOS,UPI
C14994,37,Male,Pune,2082,Standard,Android,UPI
C14995,34,Male,Delhi,1846,Standard,Web,Net Banking
C14996,23,Female,Delhi,927,Basic,Android,UPI
C14997,39,Male,Hyderabad,930,Basic,Android,Card
C14998,26,Male,Bengaluru,1299,Basic,Web,UPI
C14999,24,Male,Pune,1872,Standard,iOS,UPI
C15000,35,Male,Delhi,1664,Standard,Android,UPI
C15001,31,Female,Kolkata,1054,Premium,Android,Wallet
C15002,26,Female,Jaipur,1790,Basic,iOS,Card
C15003,26,Female,Delhi,936,Standard,iOS,UPI
C15004,21,Female,Mumbai,1700,Standard,Android,Wallet
C15005,27,Female,Hyderabad,557,Premium,iOS,UPI
C15006,41,Male,Jaipur,1014,Standard,Web,UPI
C15007,33,Female,Kolkata,1826,Standard,iOS,Net Banking
C15008,40,Female,Kolkata,564,Standard,Android,UPI
C15009,36,Female,Hyderabad,1375,Basic,Web,UPI
C15010,25,Male,Delhi,638,Standard,Android,Net Banking
C15011,18,Male,Chennai,965,Standard,iOS,UPI
C15012,23,Female,Delhi,733,Premium,Android,UPI
C15013,25,Male,Ahmedabad,1467,Basic,Web,UPI
C15014,24,Male,Delhi,1669,Standard,Web,UPI
C15015,40,Male,Bengaluru,1898,Basic,Web,Card
C15016,40,Male,Chennai,802,Standard,Android,Wallet
C15017,51,Male,Chennai,459,Premium,iOS,Card
C15018,24,Male,Pune,2050,Basic,Android,UPI
C15019,45,Female,Hyderabad,881,Standard,Android,UPI
C15020,45,Male,Noida,1445,Standard,Web,UPI
C15021,29,Female,Lucknow,855,Standard,iOS,Net Banking
C15022,35,Female,Kanpur,1840,Basic,iOS,Card
C15023,42,Male,Pune,194,Premium,Android,UPI
C15024,30,Male,Kolkata,116,Premium,Android,UPI
C15025,30,Male,Pune,754,Standard,Android,UPI
C15026,25,Male,Hyderabad,930,Standard,Android,Net Banking
C15027,18,Male,Bengaluru,1683,Standard,Web,Card
C15028,32,Male,Pune,1050,Basic,iOS,UPI
C15029,25,Male,Mumbai,579,Standard,Android,Card
C15030,21,Female,Mumbai,194,Basic,Android,UPI
C15031,35,Female,Lucknow,1789,Basic,Android,Card
C15032,18,Female,Mumbai,1134,Basic,Android,UPI
C15033,38,Male,Chennai,2102,Standard,iOS,UPI
C15034,35,Male,Pune,748,Standard,Android,UPI
C15035,27,Male,Delhi,516,Standard,Android,Card
C15036,30,Female,Kanpur,619,Basic,Android,Wallet
C15037,20,Male,Delhi,918,Basic,iOS,UPI
C15038,38,Male,Kanpur,336,Basic,Android,UPI
C15039,33,Male,Jaipur,314,Standard,Android,Net Banking
C15040,33,Female,Delhi,1750,Basic,Web,Net Banking
C15041,36,Male,Delhi,1531,Standard,iOS,UPI
C15042,25,Male,Bengaluru,1118,Basic,Android,Card
C15043,18,Male,Hyderabad,1076,Premium,Web,UPI
C15044,40,Female,Delhi,1108,Standard,Android,Card
C15045,37,Female,Chandigarh,1307,Basic,iOS,Card
C15046,26,Female,Delhi,650,Basic,Android,Card
C15047,35,Male,Lucknow,1719,Basic,Android,UPI
C15048,42,Male,Delhi,47,Basic,Android,UPI
C15049,41,Male,Chandigarh,1714,Standard,Android,UPI
C15050,26,Male,Delhi,1751,Standard,Android,UPI
C15051,18,Female,Hyderabad,1149,Basic,Android,Net Banking
C15052,19,Female,Pune,670,Premium,Android,UPI
C15053,28,Male,Mumbai,1944,Basic,Android,UPI
C15054,44,Male,Lucknow,1806,Standard,Android,Card
C15055,24,Male,Bengaluru,2052,Basic,Android,UPI
C15056,26,Male,Chennai,65,Basic,iOS,UPI
C15057,25,Male,Chennai,1398,Standard,Web,UPI
C15058,26,Male,Pune,45,Basic,Web,Wallet
C15059,31,Male,Mumbai,113,Basic,Android,Wallet
C15060,19,Female,Delhi,165,Standard,Android,UPI
C15061,41,Female,Delhi,1713,Standard,Android,UPI
C15062,30,Male,Bengaluru,1607,Premium,iOS,Card
C15063,53,Female,Delhi,1965,Standard,Android,Card
C15064,20,Female,Noida,1407,Basic,Web,UPI
C15065,45,Female,Chennai,1237,Standard,Web,UPI
C15066,44,Male,Pune,424,Standard,Android,UPI
C15067,27,Female,Bengaluru,1549,Basic,Android,UPI
C15068,27,Male,Bengaluru,2006,Basic,Android,UPI
C15069,23,Male,Chennai,802,Standard,iOS,UPI
C15070,23,Male,Bengaluru,1541,Standard,iOS,UPI
C15071,31,Female,Bengaluru,1119,Basic,Android,UPI
C15072,31,Male,Hyderabad,1161,Standard,Android,UPI
C15073,18,Male,Chennai,1761,Basic,iOS,UPI
C15074,52,Female,Chandigarh,661,Standard,Android,UPI
C15075,29,Male,Delhi,1930,Standard,iOS,UPI
C15076,32,Female,Chennai,2168,Basic,Android,UPI
C15077,25,Male,Delhi,280,Basic,Android,Card
C15078,29,Male,Bengaluru,1139,Standard,Android,Card
C15079,28,Male,Ahmedabad,67,Basic,iOS,Net Banking
C15080,31,Male,Delhi,764,Premium,Android,Wallet
C15081,31,Female,Pune,840,Premium,Android,UPI
C15082,38,Male,Hyderabad,1470,Standard,Android,Wallet
C15083,33,Male,Mumbai,878,Standard,Web,Net Banking
C15084,37,Female,Gurugram,816,Premium,Android,UPI
C15085,31,Male,Hyderabad,1708,Standard,Web,UPI
C15086,33,Male,Jaipur,1675,Standard,Web,UPI
C15087,29,Female,Hyderabad,48,Basic,Android,Net Banking
C15088,40,Male,Gurugram,761,Standard,Web,UPI
C15089,34,Female,Bengaluru,1687,Basic,Android,UPI
C15090,30,Female,Hyderabad,253,Basic,iOS,Net Banking
C15091,29,Female,Ahmedabad,1193,Standard,Android,Net Banking
C15092,30,Male,Bengaluru,1097,Basic,iOS,Card
C15093,31,Female,Bengaluru,1544,Basic,iOS,UPI
C15094,30,Female,Chandigarh,1497,Standard,Android,UPI
C15095,26,Male,Pune,1135,Basic,Android,Card
C15096,38,Male,Kolkata,926,Premium,Android,Card
C15097,38,Male,Kolkata,1745,Premium,Android,UPI
C15098,47,Female,Lucknow,858,Standard,iOS,Card
C15099,26,Female,Kanpur,978,Basic,iOS,UPI
C15100,37,Male,Pune,940,Standard,Android,UPI
C15101,18,Female,Bengaluru,780,Basic,Android,UPI
C15102,38,Female,Mumbai,1396,Standard,Web,Wallet
C15103,18,Other,Pune,1411,Basic,Android,UPI
C15104,22,Female,Lucknow,1981,Standard,iOS,UPI
C15105,34,Male,Hyderabad,994,Basic,Android,UPI
C15106,25,Male,Delhi,1679,Premium,iOS,Wallet
C15107,24,Female,Bengaluru,688,Basic,iOS,Wallet
C15108,27,Male,Chennai,2119,Basic,Android,Card
C15109,38,Female,Lucknow,2012,Basic,Android,UPI
C15110,23,Female,Delhi,1313,Standard,Android,Card
C15111,31,Female,Pune,1599,Premium,Android,Card
C15112,28,Male,Ahmedabad,1288,Basic,iOS,UPI
C15113,38,Male,Gurugram,457,Basic,iOS,UPI
C15114,39,Male,Mumbai,2071,Basic,Android,UPI
C15115,18,Male,Noida,1636,Standard,Android,UPI
C15116,40,Female,Pune,941,Standard,Android,UPI
C15117,26,Male,Jaipur,577,Standard,Android,UPI
C15118,33,Male,Mumbai,1481,Standard,Android,Card
C15119,23,Female,Chennai,965,Basic,Android,Card
C15120,34,Female,Pune,1827,Premium,Android,Net Banking
C15121,54,Female,Bengaluru,501,Standard,Web,UPI
C15122,32,Female,Hyderabad,1160,Standard,Android,UPI
C15123,27,Male,Chennai,275,Basic,Android,UPI
C15124,29,Female,Chennai,1578,Standard,Android,Card
C15125,18,Male,Mumbai,895,Standard,iOS,UPI
C15126,44,Male,Hyderabad,448,Basic,iOS,Net Banking
C15127,34,Female,Delhi,1234,Basic,iOS,UPI
C15128,22,Male,Noida,1269,Standard,Android,Card
C15129,22,Male,Indore,685,Standard,Android,UPI
C15130,31,Female,Bengaluru,2068,Basic,iOS,UPI
C15131,39,Female,Delhi,192,Premium,Web,Card
C15132,21,Male,Delhi,751,Basic,Web,UPI
C15133,41,Male,Chennai,571,Basic,Web,UPI
C15134,30,Male,Kanpur,2038,Basic,Android,Card
C15135,23,Male,Chennai,563,Standard,Android,UPI
C15136,27,Male,Mumbai,508,Basic,iOS,Card
C15137,47,Male,Mumbai,1311,Standard,iOS,Card
C15138,19,Male,Delhi,595,Basic,Android,Wallet
C15139,24,Male,Lucknow,642,Basic,iOS,Card
C15140,40,Female,Pune,561,Basic,Web,UPI
C15141,33,Male,Pune,1188,Basic,Android,Card
C15142,24,Female,Bengaluru,1655,Standard,Android,Card
C15143,40,Male,Noida,1050,Basic,Android,UPI
C15144,40,Female,Bengaluru,1960,Standard,Android,Card
C15145,34,Male,Lucknow,607,Standard,iOS,UPI
C15146,25,Female,Kanpur,1863,Premium,iOS,Card
C15147,27,Male,Chennai,1638,Standard,Android,UPI
C15148,34,Female,Kanpur,189,Basic,Web,UPI
C15149,19,Male,Bengaluru,1478,Standard,Android,UPI
C15150,43,Female,Kolkata,2184,Basic,Android,UPI
C15151,46,Male,Mumbai,1506,Standard,iOS,Wallet
C15152,29,Male,Hyderabad,589,Basic,Web,Card
C15153,34,Female,Delhi,970,Premium,Android,UPI
C15154,42,Male,Mumbai,1916,Standard,iOS,UPI
C15155,49,Male,Mumbai,717,Standard,iOS,Net Banking
C15156,45,Male,Bengaluru,1062,Standard,Web,Card
C15157,18,Male,Pune,1311,Basic,iOS,UPI
C15158,28,Female,Hyderabad,1826,Basic,Web,UPI
C15159,36,Male,Bengaluru,2111,Basic,Android,UPI
C15160,27,Male,Chandigarh,1559,Standard,Android,UPI
C15161,47,Male,Gurugram,971,Premium,Android,UPI
C15162,46,Male,Mumbai,920,Basic,Android,Card
C15163,24,Male,Hyderabad,1473,Standard,iOS,UPI
C15164,30,Male,Kolkata,190,Basic,Android,UPI
C15165,24,Male,Ahmedabad,989,Standard,Android,Wallet
C15166,29,Female,Bengaluru,801,Premium,iOS,UPI
C15167,29,Male,Ahmedabad,2053,Basic,Android,UPI
C15168,40,Female,Mumbai,1886,Basic,Android,UPI
C15169,23,Male,Bengaluru,604,Standard,iOS,UPI
C15170,18,Male,Ahmedabad,1451,Basic,iOS,Card
C15171,18,Female,Pune,1024,Basic,Android,Card
C15172,22,Female,Lucknow,1832,Basic,iOS,UPI
C15173,25,Female,Mumbai,1101,Standard,Android,UPI
C15174,33,Male,Delhi,1421,Premium,Android,UPI
C15175,21,Female,Mumbai,1611,Premium,Android,Net Banking
C15176,20,Female,Delhi,1816,Standard,Android,UPI
C15177,23,Female,Mumbai,1595,Standard,iOS,Card
C15178,21,Female,Chennai,674,Standard,iOS,Wallet
C15179,26,Female,Chennai,1634,Standard,Android,UPI
C15180,26,Female,Kolkata,716,Basic,Android,Card
C15181,37,Male,Hyderabad,1620,Basic,Android,Card
C15182,22,Male,Mumbai,2090,Standard,Web,UPI
C15183,28,Male,Kolkata,1049,Premium,Web,Wallet
C15184,26,Female,Mumbai,1966,Standard,iOS,Card
C15185,38,Female,Kanpur,367,Premium,Android,UPI
C15186,30,Female,Mumbai,952,Basic,iOS,Card
C15187,40,Male,Chennai,1918,Basic,iOS,UPI
C15188,21,Female,Kanpur,1615,Premium,Android,UPI
C15189,31,Female,Pune,734,Basic,Android,Net Banking
C15190,26,Male,Pune,1116,Standard,Android,Card
C15191,20,Female,Kolkata,269,Basic,Android,UPI
C15192,30,Male,Mumbai,1800,Premium,Android,Net Banking
C15193,47,Male,Kolkata,309,Basic,Android,UPI
C15194,23,Male,Kanpur,1254,Premium,iOS,UPI
C15195,30,Female,Indore,1103,Basic,Android,UPI
C15196,19,Female,Hyderabad,1370,Basic,Android,Wallet
C15197,18,Male,Bengaluru,954,Standard,iOS,UPI
C15198,24,Female,Ahmedabad,215,Basic,Android,UPI
C15199,27,Female,Chennai,1469,Basic,Android,UPI
C15200,27,Female,Delhi,1971,Standard,Web,Card
C15201,29,Female,Delhi,1357,Basic,Android,UPI
C15202,18,Female,Delhi,124,Basic,Android,Wallet
C15203,25,Male,Hyderabad,263,Basic,Android,UPI
C15204,36,Male,Delhi,626,Standard,Android,UPI
C15205,19,Female,Mumbai,673,Basic,Android,Wallet
C15206,28,Male,Mumbai,295,Standard,Web,UPI
C15207,34,Other,Noida,1974,Standard,Web,Wallet
C15208,24,Female,Mumbai,1629,Basic,Android,Net Banking
C15209,34,Male,Mumbai,1693,Standard,Android,Card
C15210,18,Female,Hyderabad,2120,Standard,Android,UPI
C15211,39,Male,Delhi,1919,Standard,iOS,UPI
C15212,34,Female,Indore,401,Basic,Web,UPI
C15213,32,Female,Noida,77,Standard,Android,UPI
C15214,41,Male,Hyderabad,1612,Basic,Web,Card
C15215,28,Male,Hyderabad,2009,Standard,Android,UPI
C15216,25,Female,Bengaluru,1551,Basic,iOS,UPI
C15217,43,Male,Mumbai,1898,Premium,Android,UPI
C15218,48,Male,Bengaluru,1350,Basic,iOS,UPI
C15219,25,Male,Mumbai,1011,Standard,iOS,UPI
C15220,30,Female,Mumbai,312,Standard,iOS,Card
C15221,40,Female,Pune,1491,Basic,iOS,UPI
C15222,30,Male,Mumbai,663,Basic,Android,UPI
C15223,36,Female,Mumbai,620,Basic,Android,Card
C15224,38,Female,Chennai,1930,Standard,iOS,Card
C15225,26,Female,Hyderabad,1459,Standard,iOS,Net Banking
C15226,35,Female,Mumbai,995,Basic,Web,Net Banking
C15227,31,Male,Mumbai,1763,Standard,iOS,UPI
C15228,20,Female,Delhi,1620,Basic,Android,UPI
C15229,22,Female,Delhi,1079,Standard,Android,Net Banking
C15230,25,Female,Jaipur,2151,Basic,iOS,Card
C15231,39,Female,Noida,91,Premium,Android,Net Banking
C15232,40,Female,Hyderabad,1100,Standard,Android,UPI
C15233,38,Female,Hyderabad,933,Standard,Android,Wallet
C15234,35,Male,Ahmedabad,295,Standard,Android,Wallet
C15235,35,Female,Pune,1603,Standard,iOS,UPI
C15236,33,Female,Delhi,247,Standard,Android,UPI
C15237,35,Male,Mumbai,1557,Basic,Web,UPI
C15238,35,Male,Hyderabad,1666,Basic,Web,UPI
C15239,18,Male,Pune,1085,Basic,iOS,UPI
C15240,24,Other,Delhi,560,Standard,iOS,UPI
C15241,22,Female,Bengaluru,2168,Standard,Android,Net Banking
C15242,41,Female,Bengaluru,1560,Basic,Android,UPI
C15243,46,Female,Bengaluru,283,Basic,iOS,Net Banking
C15244,18,Female,Hyderabad,1628,Standard,Android,UPI
C15245,45,Male,Kolkata,373,Standard,Android,Net Banking
C15246,32,Male,Chennai,1382,Standard,Web,UPI
C15247,40,Male,Delhi,590,Standard,iOS,UPI
C15248,36,Other,Mumbai,1407,Basic,Android,Net Banking
C15249,44,Male,Lucknow,1773,Standard,iOS,UPI
C15250,33,Female,Chennai,1730,Standard,iOS,UPI
C15251,19,Male,Mumbai,1685,Standard,Web,UPI
C15252,30,Female,Bengaluru,1564,Basic,iOS,Card
C15253,36,Female,Jaipur,1706,Standard,Android,Card
C15254,29,Male,Ahmedabad,1988,Basic,iOS,UPI
C15255,37,Male,Kanpur,1938,Basic,iOS,Wallet
C15256,30,Male,Pune,1705,Basic,Android,UPI
C15257,26,Female,Hyderabad,991,Standard,iOS,Net Banking
C15258,21,Male,Hyderabad,666,Standard,Android,Card
C15259,27,Male,Delhi,721,Basic,Web,UPI
C15260,33,Male,Kolkata,1360,Basic,Web,Card
C15261,18,Female,Pune,1332,Basic,Android,UPI
C15262,24,Female,Delhi,957,Standard,Android,Card
C15263,18,Female,Kanpur,919,Standard,Android,Card
C15264,25,Male,Bengaluru,1603,Standard,Android,UPI
C15265,42,Other,Mumbai,1166,Standard,Android,Card
C15266,20,Female,Bengaluru,70,Standard,Android,UPI
C15267,37,Female,Kanpur,334,Basic,Android,Card
C15268,57,Female,Noida,748,Standard,iOS,UPI
C15269,44,Male,Chennai,890,Standard,Android,Wallet
C15270,32,Male,Indore,1619,Standard,Android,Net Banking
C15271,39,Male,Kanpur,1055,Standard,Android,UPI
C15272,19,Female,Lucknow,955,Premium,Android,Card
C15273,18,Female,Lucknow,219,Basic,Android,Card
C15274,31,Male,Hyderabad,162,Standard,Web,Card
C15275,35,Male,Ahmedabad,2188,Standard,Android,UPI
C15276,41,Female,Pune,1898,Premium,Web,Card
C15277,26,Female,Ahmedabad,111,Basic,Android,UPI
C15278,33,Female,Delhi,1014,Standard,Android,Net Banking
C15279,32,Female,Ahmedabad,2025,Basic,iOS,UPI
C15280,30,Female,Indore,1575,Premium,Android,UPI
C15281,30,Male,Bengaluru,204,Standard,Android,Card
C15282,23,Female,Chandigarh,961,Standard,Android,UPI
C15283,34,Female,Hyderabad,1894,Standard,Web,UPI
C15284,33,Male,Delhi,679,Standard,Android,Card
C15285,27,Female,Mumbai,1219,Standard,Android,UPI
C15286,37,Male,Jaipur,730,Basic,Web,UPI
C15287,40,Male,Pune,456,Standard,iOS,Card
C15288,37,Female,Bengaluru,1896,Standard,iOS,UPI
C15289,22,Male,Pune,531,Basic,Android,UPI
C15290,32,Female,Bengaluru,1295,Standard,iOS,UPI
C15291,23,Female,Hyderabad,792,Basic,iOS,UPI
C15292,32,Female,Kanpur,1360,Standard,Android,Card
C15293,23,Male,Kolkata,1753,Standard,iOS,UPI
C15294,42,Female,Jaipur,1229,Standard,Web,Net Banking
C15295,38,Male,Pune,349,Basic,Android,UPI
C15296,41,Female,Chandigarh,653,Standard,Android,Net Banking
C15297,40,Male,Delhi,555,Standard,Android,UPI
C15298,29,Female,Bengaluru,1524,Standard,iOS,Card
C15299,27,Female,Mumbai,1533,Standard,iOS,UPI
C15300,47,Male,Chennai,341,Standard,Android,UPI
C15301,30,Female,Pune,1362,Standard,Android,UPI
C15302,19,Female,Ahmedabad,1036,Basic,Android,Card
C15303,40,Male,Bengaluru,943,Basic,Android,UPI
C15304,32,Male,Mumbai,1892,Basic,iOS,UPI
C15305,45,Male,Pune,161,Standard,Android,Card
C15306,33,Female,Chandigarh,1606,Basic,Android,Card
C15307,31,Female,Bengaluru,1241,Standard,Android,UPI
C15308,45,Female,Delhi,590,Standard,Android,Card
C15309,18,Female,Bengaluru,527,Basic,iOS,Net Banking
C15310,26,Female,Hyderabad,385,Basic,iOS,UPI
C15311,23,Female,Delhi,1358,Standard,iOS,Card
C15312,18,Female,Bengaluru,1451,Basic,Android,UPI
C15313,39,Male,Kolkata,625,Basic,iOS,UPI
C15314,26,Female,Bengaluru,857,Standard,Android,Card
C15315,39,Female,Hyderabad,2157,Premium,Android,Card
C15316,35,Female,Mumbai,1559,Basic,iOS,UPI
C15317,36,Female,Noida,1311,Basic,Android,Card
C15318,27,Male,Hyderabad,289,Standard,Android,UPI
C15319,24,Female,Bengaluru,1269,Premium,Android,Card
C15320,32,Female,Mumbai,883,Premium,iOS,UPI
C15321,39,Male,Kolkata,1845,Premium,Android,Card
C15322,31,Female,Kanpur,447,Standard,iOS,Wallet
C15323,25,Female,Mumbai,2185,Premium,Android,UPI
C15324,20,Male,Delhi,2072,Basic,Android,UPI
C15325,33,Male,Delhi,1720,Basic,Android,UPI
C15326,26,Male,Pune,1116,Standard,iOS,UPI
C15327,30,Male,Noida,1318,Standard,iOS,Wallet
C15328,29,Male,Hyderabad,1996,Standard,Android,Net Banking
C15329,27,Female,Bengaluru,1903,Standard,iOS,Net Banking
C15330,34,Male,Jaipur,1785,Standard,Android,Wallet
C15331,36,Female,Ahmedabad,423,Basic,Web,UPI
C15332,49,Male,Delhi,914,Basic,Android,Card
C15333,38,Male,Delhi,1688,Standard,Android,UPI
C15334,45,Female,Bengaluru,299,Standard,iOS,Card
C15335,24,Male,Jaipur,1505,Basic,Android,Card
C15336,18,Male,Kolkata,807,Basic,iOS,Card
C15337,31,Female,Kolkata,1252,Standard,Android,UPI
C15338,39,Male,Lucknow,2022,Premium,Android,Net Banking
C15339,37,Male,Bengaluru,1910,Standard,Android,Card
C15340,42,Female,Bengaluru,828,Standard,Android,Net Banking
C15341,18,Male,Mumbai,1569,Standard,Android,UPI
C15342,42,Female,Kanpur,53,Basic,Android,UPI
C15343,34,Female,Pune,1585,Standard,iOS,Net Banking
C15344,18,Male,Bengaluru,329,Standard,Android,Net Banking
C15345,38,Male,Mumbai,2004,Premium,Android,UPI
C15346,33,Male,Ahmedabad,676,Basic,iOS,UPI
C15347,34,Male,Ahmedabad,1547,Premium,Android,UPI
C15348,40,Male,Kolkata,1476,Standard,iOS,Net Banking
C15349,35,Female,Delhi,584,Basic,Android,UPI
C15350,18,Male,Noida,1849,Standard,iOS,UPI
C15351,30,Male,Ahmedabad,428,Basic,iOS,UPI
C15352,18,Female,Kolkata,1983,Standard,Android,UPI
C15353,37,Female,Kolkata,1143,Standard,Android,UPI
C15354,44,Male,Noida,1042,Standard,Android,Wallet
C15355,20,Other,Noida,539,Standard,Android,Wallet
C15356,25,Other,Pune,48,Standard,Android,UPI
C15357,23,Male,Hyderabad,1548,Basic,iOS,Net Banking
C15358,27,Male,Bengaluru,1619,Premium,iOS,Card
C15359,35,Male,Lucknow,1858,Premium,Android,Card
C15360,27,Male,Kolkata,2122,Standard,iOS,UPI
C15361,37,Male,Mumbai,663,Basic,Android,Card
C15362,41,Male,Delhi,1260,Premium,Android,Wallet
C15363,41,Other,Kanpur,2012,Standard,Android,Net Banking
C15364,21,Female,Kanpur,1260,Premium,Android,UPI
C15365,43,Male,Gurugram,1650,Basic,Android,UPI
C15366,44,Male,Hyderabad,1578,Standard,Android,UPI
C15367,45,Female,Jaipur,2174,Basic,Android,Card
C15368,30,Female,Lucknow,768,Standard,Web,UPI
C15369,24,Male,Bengaluru,461,Standard,iOS,UPI
C15370,22,Female,Delhi,2017,Basic,Web,Card
C15371,21,Female,Chandigarh,1031,Basic,Android,Net Banking
C15372,31,Male,Mumbai,450,Standard,Web,Card
C15373,39,Female,Pune,1419,Basic,Android,Card
C15374,43,Female,Kolkata,1877,Standard,Android,UPI
C15375,27,Male,Kolkata,1685,Basic,Android,Card
C15376,31,Female,Delhi,759,Basic,Android,Net Banking
C15377,30,Male,Ahmedabad,2008,Standard,Android,UPI
C15378,25,Female,Delhi,117,Premium,iOS,Net Banking
C15379,38,Male,Lucknow,1964,Standard,iOS,UPI
C15380,34,Female,Delhi,427,Standard,Android,Card
C15381,32,Male,Kolkata,542,Premium,iOS,Net Banking
C15382,34,Male,Jaipur,712,Premium,Android,Net Banking
C15383,37,Male,Delhi,946,Standard,Android,UPI
C15384,36,Male,Delhi,133,Standard,Android,UPI
C15385,23,Male,Jaipur,1588,Basic,Android,Wallet
C15386,39,Female,Mumbai,314,Standard,Android,UPI
C15387,33,Male,Delhi,317,Standard,Android,UPI
C15388,27,Male,Hyderabad,40,Premium,Android,UPI
C15389,33,Male,Noida,2111,Basic,Web,Card
C15390,34,Female,Pune,134,Basic,Web,Card
C15391,41,Male,Hyderabad,1650,Premium,Web,UPI
C15392,22,Female,Indore,1405,Premium,Android,Card
C15393,43,Male,Hyderabad,1828,Standard,Android,Card
C15394,31,Male,Hyderabad,1007,Basic,iOS,Card
C15395,26,Female,Hyderabad,1999,Standard,iOS,UPI
C15396,26,Male,Bengaluru,1053,Standard,Android,Card
C15397,22,Female,Bengaluru,416,Basic,iOS,Card
C15398,18,Male,Kolkata,1987,Basic,Web,UPI
C15399,37,Male,Mumbai,946,Basic,Android,Card
C15400,49,Female,Kolkata,43,Standard,Web,Card
C15401,18,Female,Delhi,1444,Basic,Android,UPI
C15402,22,Male,Hyderabad,725,Standard,Android,Card
C15403,38,Male,Delhi,1814,Basic,Android,UPI
C15404,31,Female,Chennai,362,Basic,iOS,UPI
C15405,39,Female,Ahmedabad,1631,Premium,Android,Net Banking
C15406,30,Female,Bengaluru,1831,Standard,Android,UPI
C15407,26,Male,Delhi,293,Basic,Android,Wallet
C15408,29,Female,Delhi,1299,Standard,Android,Card
C15409,18,Male,Lucknow,1431,Basic,iOS,UPI
C15410,21,Male,Bengaluru,2030,Standard,Android,UPI
C15411,40,Male,Jaipur,668,Basic,Android,UPI
C15412,42,Other,Bengaluru,1086,Premium,Web,Card
C15413,44,Male,Delhi,912,Basic,Web,UPI
C15414,35,Male,Ahmedabad,841,Premium,Web,Card
C15415,18,Male,Hyderabad,2187,Standard,Android,Net Banking
C15416,25,Male,Mumbai,1453,Basic,Android,Net Banking
C15417,43,Male,Indore,370,Premium,iOS,Net Banking
C15418,46,Female,Delhi,1905,Basic,Web,UPI
C15419,43,Male,Bengaluru,256,Standard,Android,UPI
C15420,29,Female,Hyderabad,1932,Standard,Web,UPI
C15421,19,Male,Chennai,917,Basic,Android,UPI
C15422,31,Female,Jaipur,1497,Basic,iOS,Wallet
C15423,31,Male,Mumbai,1905,Premium,Android,Net Banking
C15424,45,Male,Gurugram,1921,Basic,Android,UPI
C15425,33,Male,Kolkata,381,Premium,Android,UPI
C15426,31,Male,Gurugram,909,Basic,Android,UPI
C15427,32,Female,Lucknow,203,Basic,iOS,UPI
C15428,35,Female,Noida,1425,Standard,Android,UPI
C15429,37,Female,Pune,938,Standard,Android,Net Banking
C15430,24,Male,Bengaluru,2196,Premium,iOS,UPI
C15431,21,Female,Hyderabad,1402,Basic,Android,Card
C15432,43,Female,Kolkata,982,Standard,Android,UPI
C15433,18,Female,Hyderabad,365,Basic,Android,UPI
C15434,46,Male,Ahmedabad,653,Basic,Android,UPI
C15435,18,Male,Mumbai,1775,Basic,Android,UPI
C15436,26,Female,Lucknow,341,Standard,Web,UPI
C15437,40,Male,Delhi,1865,Standard,Web,Card
C15438,31,Male,Gurugram,1336,Basic,Android,Card
C15439,19,Female,Delhi,1164,Premium,Android,Card
C15440,35,Female,Mumbai,1064,Basic,iOS,Net Banking
C15441,32,Male,Jaipur,96,Standard,Android,Wallet
C15442,29,Female,Lucknow,520,Basic,Android,Net Banking
C15443,25,Female,Ahmedabad,1149,Standard,Web,UPI
C15444,31,Male,Indore,1082,Basic,Web,UPI
C15445,26,Male,Bengaluru,494,Standard,Web,Card
C15446,53,Male,Lucknow,1772,Standard,Android,Net Banking
C15447,29,Male,Bengaluru,998,Standard,Android,Net Banking
C15448,28,Male,Chennai,871,Basic,iOS,Card
C15449,26,Female,Hyderabad,1678,Standard,Android,Net Banking
C15450,47,Male,Mumbai,353,Basic,iOS,UPI
C15451,18,Female,Pune,148,Basic,Android,UPI
C15452,34,Female,Ahmedabad,730,Standard,Web,UPI
C15453,29,Other,Delhi,30,Premium,Android,UPI
C15454,18,Female,Gurugram,835,Basic,Android,Card
C15455,24,Female,Chennai,319,Standard,Web,UPI
C15456,34,Female,Delhi,1461,Standard,iOS,Card
C15457,23,Male,Kolkata,128,Standard,Android,Card
C15458,33,Male,Delhi,478,Standard,Web,Net Banking
C15459,47,Female,Mumbai,595,Basic,iOS,Wallet
C15460,33,Female,Kolkata,1324,Basic,iOS,Card
C15461,18,Male,Mumbai,907,Basic,Android,Card
C15462,23,Male,Mumbai,1697,Standard,iOS,Card
C15463,28,Female,Ahmedabad,1721,Basic,iOS,UPI
C15464,28,Female,Mumbai,865,Standard,iOS,Card
C15465,32,Male,Jaipur,95,Standard,Web,Net Banking
C15466,34,Female,Jaipur,2113,Basic,Android,UPI
C15467,47,Male,Delhi,791,Standard,iOS,UPI
C15468,31,Female,Chennai,1196,Standard,iOS,UPI
C15469,21,Male,Mumbai,2046,Standard,Android,UPI
C15470,41,Male,Pune,1444,Standard,iOS,Card
C15471,42,Male,Mumbai,1280,Basic,iOS,Net Banking
C15472,33,Male,Gurugram,767,Standard,Android,UPI
C15473,29,Female,Delhi,1824,Standard,Android,UPI
C15474,37,Female,Kolkata,452,Standard,Android,Card
C15475,29,Male,Mumbai,1079,Standard,Android,Net Banking
C15476,18,Male,Delhi,789,Basic,Android,UPI
C15477,36,Male,Hyderabad,241,Standard,iOS,UPI
C15478,39,Female,Pune,631,Basic,iOS,UPI
C15479,44,Male,Chandigarh,435,Basic,Android,UPI
C15480,24,Female,Mumbai,226,Basic,Android,UPI
C15481,33,Female,Mumbai,1675,Standard,iOS,UPI
C15482,33,Female,Bengaluru,1573,Standard,Web,UPI
C15483,32,Male,Bengaluru,1905,Standard,iOS,UPI
C15484,32,Male,Kanpur,96,Standard,iOS,UPI
C15485,31,Male,Noida,1044,Premium,Android,Net Banking
C15486,33,Male,Kanpur,1463,Standard,Web,Wallet
C15487,38,Female,Delhi,1098,Standard,Web,Net Banking
C15488,42,Female,Hyderabad,85,Basic,Web,UPI
C15489,24,Female,Ahmedabad,1006,Standard,iOS,UPI
C15490,29,Female,Bengaluru,299,Standard,Android,UPI
C15491,27,Female,Kolkata,69,Basic,Android,UPI
C15492,26,Female,Delhi,1615,Basic,Android,Net Banking
C15493,18,Male,Bengaluru,237,Basic,Android,Card
C15494,31,Male,Lucknow,678,Basic,Android,UPI
C15495,35,Male,Delhi,2182,Standard,Web,UPI
C15496,30,Female,Indore,2087,Standard,Android,Card
C15497,31,Male,Bengaluru,121,Premium,Android,Net Banking
C15498,35,Female,Mumbai,900,Standard,iOS,Card
C15499,44,Female,Delhi,787,Standard,Android,UPI
C15500,27,Male,Delhi,1379,Standard,Android,Card
C15501,20,Female,Chennai,1528,Standard,iOS,UPI
C15502,30,Male,Mumbai,193,Basic,Android,Card
C15503,48,Male,Pune,951,Basic,Android,UPI
C15504,21,Female,Kanpur,637,Basic,Android,Card
C15505,37,Male,Bengaluru,2162,Standard,Android,UPI
C15506,41,Female,Delhi,663,Basic,Android,UPI
C15507,18,Other,Hyderabad,101,Standard,Android,Card
C15508,35,Male,Jaipur,1384,Premium,Web,Wallet
C15509,36,Female,Pune,1927,Standard,Android,Wallet
C15510,29,Female,Mumbai,1812,Basic,Android,Card
C15511,25,Female,Chennai,322,Standard,Android,Card
C15512,26,Male,Hyderabad,1641,Standard,iOS,UPI
C15513,28,Female,Bengaluru,474,Premium,Android,Wallet
C15514,28,Male,Mumbai,343,Standard,iOS,UPI
C15515,27,Female,Chandigarh,1176,Basic,Web,Card
C15516,28,Other,Delhi,1777,Premium,Android,Card
C15517,42,Female,Delhi,1921,Basic,iOS,Net Banking
C15518,20,Male,Delhi,1372,Basic,Android,Card
C15519,18,Male,Pune,928,Basic,iOS,UPI
C15520,42,Female,Hyderabad,1301,Basic,iOS,Net Banking
C15521,29,Female,Delhi,667,Basic,iOS,UPI
C15522,28,Male,Hyderabad,323,Basic,Android,UPI
C15523,30,Male,Kolkata,901,Basic,Android,UPI
C15524,33,Male,Bengaluru,397,Basic,Android,UPI
C15525,26,Female,Noida,234,Premium,Android,Net Banking
C15526,36,Male,Bengaluru,1651,Standard,iOS,UPI
C15527,22,Male,Delhi,1848,Standard,Android,Net Banking
C15528,28,Male,Gurugram,1655,Standard,Android,UPI
C15529,18,Female,Jaipur,2016,Standard,Android,UPI
C15530,42,Female,Bengaluru,1082,Basic,iOS,Card
C15531,29,Other,Lucknow,1496,Premium,Android,UPI
C15532,37,Male,Chennai,470,Standard,iOS,UPI
C15533,35,Male,Bengaluru,994,Standard,Web,UPI
C15534,36,Male,Lucknow,248,Premium,Android,UPI
C15535,31,Female,Ahmedabad,1362,Basic,Android,Card
C15536,34,Male,Bengaluru,976,Basic,Web,UPI
C15537,22,Male,Pune,1227,Premium,iOS,Card
C15538,20,Male,Bengaluru,1883,Standard,Android,Card
C15539,30,Male,Mumbai,141,Standard,Android,Card
C15540,25,Male,Indore,995,Premium,Android,Card
C15541,44,Female,Chennai,885,Premium,iOS,UPI
C15542,34,Male,Pune,1636,Premium,Android,Wallet
C15543,25,Male,Pune,1455,Basic,Web,UPI
C15544,29,Female,Chennai,1593,Standard,Android,Card
C15545,32,Other,Bengaluru,1869,Standard,Android,UPI
C15546,30,Female,Indore,676,Standard,Android,Net Banking
C15547,33,Female,Pune,808,Basic,Android,Card
C15548,32,Male,Kolkata,782,Standard,Web,UPI
C15549,18,Male,Hyderabad,1807,Basic,Android,Net Banking
C15550,18,Male,Bengaluru,1038,Premium,iOS,UPI
C15551,28,Male,Mumbai,1672,Standard,Android,Net Banking
C15552,36,Male,Bengaluru,561,Standard,Android,Card
C15553,28,Female,Delhi,2046,Basic,Android,UPI
C15554,42,Male,Kolkata,1079,Standard,Android,Card
C15555,31,Male,Kanpur,2177,Standard,Web,Card
C15556,43,Male,Bengaluru,999,Standard,Android,UPI
C15557,41,Male,Bengaluru,120,Standard,Android,Net Banking
C15558,40,Female,Kolkata,600,Basic,Android,UPI
C15559,20,Female,Delhi,979,Standard,iOS,UPI
C15560,31,Male,Noida,318,Basic,Android,UPI
C15561,42,Male,Bengaluru,1708,Standard,Web,Net Banking
C15562,33,Female,Mumbai,786,Standard,iOS,UPI
C15563,36,Female,Delhi,1816,Basic,iOS,Net Banking
C15564,19,Female,Gurugram,2122,Basic,Android,Card
C15565,48,Male,Delhi,209,Standard,Android,Card
C15566,24,Female,Kolkata,635,Standard,iOS,UPI
C15567,18,Male,Delhi,1346,Basic,Android,UPI
C15568,28,Male,Delhi,1907,Standard,iOS,UPI
C15569,18,Female,Kanpur,1979,Standard,iOS,Card
C15570,21,Male,Delhi,451,Basic,Web,UPI
C15571,54,Male,Mumbai,522,Basic,Android,UPI
C15572,28,Female,Chennai,461,Basic,iOS,UPI
C15573,18,Female,Kanpur,783,Standard,Android,UPI
C15574,31,Female,Bengaluru,1357,Basic,Android,UPI
C15575,23,Male,Mumbai,886,Premium,iOS,UPI
C15576,39,Male,Chandigarh,1606,Standard,Android,Wallet
C15577,23,Male,Kolkata,886,Standard,Android,Wallet
C15578,33,Male,Lucknow,1309,Premium,Android,UPI
C15579,21,Male,Ahmedabad,1248,Basic,Android,Card
C15580,54,Female,Kolkata,579,Standard,Android,UPI
C15581,36,Female,Hyderabad,161,Basic,Android,Card
C15582,30,Male,Bengaluru,509,Basic,Android,UPI
C15583,28,Male,Ahmedabad,1720,Standard,Android,UPI
C15584,26,Male,Ahmedabad,1651,Basic,Android,UPI
C15585,24,Male,Gurugram,296,Premium,iOS,Card
C15586,24,Female,Pune,863,Standard,Android,UPI
C15587,46,Female,Bengaluru,1794,Standard,iOS,Card
C15588,26,Male,Chennai,1781,Standard,Web,UPI
C15589,18,Male,Pune,67,Standard,Web,UPI
C15590,21,Male,Hyderabad,1735,Basic,Android,Net Banking
C15591,39,Female,Jaipur,1737,Standard,Android,UPI
C15592,29,Male,Pune,282,Basic,Android,UPI
C15593,30,Female,Mumbai,800,Basic,Android,UPI
C15594,42,Female,Pune,146,Basic,Android,UPI
C15595,24,Male,Pune,1453,Basic,Android,UPI
C15596,37,Male,Noida,1900,Basic,Web,Card
C15597,25,Male,Hyderabad,418,Standard,Android,Card
C15598,36,Female,Pune,793,Standard,Android,UPI
C15599,27,Female,Hyderabad,1195,Premium,Android,UPI
C15600,29,Male,Chennai,186,Standard,Android,UPI
C15601,38,Male,Mumbai,679,Standard,Android,Card
C15602,38,Male,Kanpur,501,Premium,Android,UPI
C15603,30,Female,Noida,38,Standard,Android,UPI
C15604,27,Male,Chennai,1480,Basic,Web,Card
C15605,45,Female,Pune,1603,Basic,iOS,UPI
C15606,36,Female,Mumbai,205,Basic,iOS,UPI
C15607,27,Male,Pune,314,Basic,Android,UPI
C15608,25,Female,Hyderabad,183,Premium,Android,Net Banking
C15609,40,Male,Ahmedabad,2069,Standard,Web,Net Banking
C15610,32,Male,Mumbai,1265,Premium,Android,Net Banking
C15611,30,Female,Ahmedabad,1209,Basic,iOS,UPI
C15612,32,Female,Bengaluru,217,Premium,Android,UPI
C15613,34,Male,Kolkata,33,Basic,Android,Wallet
C15614,30,Male,Pune,2043,Standard,Android,Wallet
C15615,42,Male,Delhi,2080,Premium,Android,UPI
C15616,42,Female,Hyderabad,1211,Standard,iOS,UPI
C15617,36,Male,Lucknow,318,Standard,iOS,UPI
C15618,43,Male,Pune,94,Basic,Web,UPI
C15619,31,Female,Mumbai,1839,Standard,iOS,UPI
C15620,37,Female,Hyderabad,1177,Standard,iOS,UPI
C15621,40,Male,Bengaluru,744,Standard,iOS,UPI
C15622,40,Female,Kolkata,56,Standard,iOS,Card
C15623,39,Female,Pune,1262,Standard,iOS,UPI
C15624,37,Other,Mumbai,1935,Standard,Android,UPI
C15625,49,Female,Pune,1843,Standard,Web,Net Banking
C15626,26,Male,Ahmedabad,1617,Standard,Android,UPI
C15627,30,Male,Jaipur,138,Basic,Android,Net Banking
C15628,29,Male,Mumbai,1672,Standard,Android,UPI
C15629,28,Female,Bengaluru,1505,Basic,iOS,Card
C15630,18,Female,Hyderabad,1850,Basic,iOS,UPI
C15631,43,Male,Delhi,352,Standard,Android,Wallet
C15632,22,Male,Hyderabad,1901,Standard,Android,UPI
C15633,33,Female,Mumbai,1584,Standard,iOS,UPI
C15634,18,Female,Mumbai,1689,Premium,iOS,UPI
C15635,37,Male,Kolkata,378,Standard,Android,Net Banking
C15636,24,Female,Bengaluru,1886,Premium,iOS,UPI
C15637,21,Male,Ahmedabad,77,Standard,iOS,UPI
C15638,33,Male,Mumbai,512,Basic,Android,Card
C15639,25,Female,Pune,367,Standard,Android,UPI
C15640,26,Male,Hyderabad,532,Basic,Android,UPI
C15641,33,Male,Jaipur,1387,Premium,iOS,UPI
C15642,38,Male,Jaipur,2038,Standard,Web,UPI
C15643,24,Male,Bengaluru,2169,Basic,Web,UPI
C15644,22,Female,Pune,265,Standard,iOS,UPI
C15645,31,Male,Delhi,2135,Basic,Android,Card
C15646,36,Female,Pune,266,Basic,Android,Card
C15647,44,Male,Mumbai,1648,Basic,iOS,Card
C15648,21,Male,Hyderabad,428,Premium,Android,UPI
C15649,28,Female,Delhi,1819,Basic,iOS,UPI
C15650,42,Male,Kanpur,787,Standard,Web,Card
C15651,49,Male,Hyderabad,1926,Standard,Android,Wallet
C15652,22,Female,Pune,1205,Premium,Android,UPI
C15653,24,Male,Bengaluru,1176,Premium,iOS,Card
C15654,34,Female,Bengaluru,986,Premium,Android,Card
C15655,26,Female,Delhi,526,Basic,Android,Card
C15656,24,Female,Noida,1148,Standard,iOS,UPI
C15657,33,Male,Jaipur,1464,Standard,Android,Card
C15658,45,Male,Mumbai,334,Basic,Android,UPI
C15659,19,Male,Ahmedabad,337,Basic,Web,UPI
C15660,44,Male,Hyderabad,957,Premium,Android,UPI
C15661,26,Male,Mumbai,1836,Basic,Android,Net Banking
C15662,34,Female,Chennai,796,Basic,iOS,Card
C15663,45,Female,Mumbai,924,Basic,Android,UPI
C15664,34,Male,Delhi,2111,Basic,Android,UPI
C15665,28,Female,Kolkata,608,Premium,Web,Card
C15666,37,Male,Delhi,825,Basic,iOS,Net Banking
C15667,29,Female,Kanpur,1860,Standard,Android,UPI
C15668,36,Male,Kolkata,1154,Basic,iOS,Card
C15669,29,Female,Lucknow,271,Standard,Android,UPI
C15670,39,Male,Pune,496,Standard,Web,UPI
C15671,18,Male,Kanpur,2145,Standard,iOS,UPI
C15672,22,Female,Bengaluru,1789,Standard,iOS,UPI
C15673,18,Female,Chennai,2092,Standard,Android,Card
C15674,30,Male,Chennai,1071,Basic,Android,UPI
C15675,18,Female,Noida,1351,Basic,Android,UPI
C15676,25,Female,Delhi,328,Premium,iOS,UPI
C15677,21,Male,Pune,1575,Standard,iOS,Net Banking
C15678,44,Female,Ahmedabad,1265,Basic,Android,UPI
C15679,22,Female,Bengaluru,110,Standard,Android,Card
C15680,19,Female,Kanpur,1868,Standard,Android,UPI
C15681,33,Female,Bengaluru,978,Standard,Android,UPI
C15682,46,Male,Delhi,2185,Standard,Web,UPI
C15683,30,Female,Pune,1949,Premium,iOS,UPI
C15684,31,Female,Hyderabad,942,Basic,iOS,UPI
C15685,43,Male,Mumbai,55,Basic,Web,UPI
C15686,39,Male,Mumbai,348,Premium,iOS,Card
C15687,35,Female,Delhi,660,Standard,Android,Net Banking
C15688,26,Male,Jaipur,675,Standard,iOS,Card
C15689,35,Male,Kanpur,797,Basic,Android,UPI
C15690,19,Female,Chennai,2102,Basic,Android,UPI
C15691,25,Female,Mumbai,1494,Premium,Android,Card
C15692,44,Male,Chennai,444,Basic,Android,UPI
C15693,43,Female,Lucknow,1559,Standard,iOS,Card
C15694,35,Female,Ahmedabad,152,Basic,Android,Net Banking
C15695,18,Male,Bengaluru,171,Premium,Android,UPI
C15696,20,Female,Mumbai,1428,Basic,Android,UPI
C15697,25,Female,Kanpur,502,Premium,Android,UPI
C15698,29,Female,Lucknow,979,Basic,Android,UPI
C15699,20,Male,Mumbai,1821,Premium,Android,UPI
C15700,29,Male,Lucknow,873,Basic,Android,Net Banking
C15701,47,Female,Mumbai,446,Premium,Android,UPI
C15702,35,Female,Mumbai,2198,Standard,Android,UPI
C15703,33,Other,Ahmedabad,651,Basic,Android,UPI
C15704,22,Male,Chennai,1459,Basic,iOS,UPI
C15705,18,Male,Hyderabad,382,Standard,iOS,Card
C15706,20,Female,Noida,381,Standard,Android,UPI
C15707,18,Female,Lucknow,1666,Basic,iOS,UPI
C15708,32,Female,Mumbai,1978,Basic,Web,Card
C15709,34,Male,Pune,88,Standard,Android,Card
C15710,22,Male,Jaipur,2145,Standard,Web,UPI
C15711,32,Female,Chennai,685,Standard,iOS,UPI
C15712,44,Male,Chandigarh,2169,Standard,Android,Card
C15713,49,Male,Kolkata,1185,Basic,Android,UPI
C15714,38,Male,Mumbai,1691,Basic,Web,UPI
C15715,29,Female,Delhi,43,Basic,Android,UPI
C15716,38,Female,Lucknow,372,Premium,Android,UPI
C15717,43,Male,Chandigarh,2100,Basic,Android,UPI
C15718,18,Female,Mumbai,387,Standard,Android,Net Banking
C15719,44,Female,Mumbai,1916,Basic,Android,Card
C15720,26,Female,Jaipur,286,Basic,Android,Wallet
C15721,26,Male,Mumbai,1434,Standard,iOS,Wallet
C15722,28,Female,Mumbai,836,Standard,Android,UPI
C15723,34,Male,Kanpur,982,Standard,Web,UPI
C15724,21,Male,Jaipur,1572,Basic,Web,Net Banking
C15725,28,Male,Kanpur,367,Premium,Android,Wallet
C15726,36,Male,Kolkata,776,Premium,Web,Card
C15727,33,Male,Bengaluru,1231,Premium,iOS,UPI
C15728,34,Male,Noida,811,Basic,Android,UPI
C15729,28,Male,Bengaluru,549,Standard,Android,Wallet
C15730,37,Male,Bengaluru,125,Premium,Android,UPI
C15731,41,Male,Kanpur,1414,Standard,Web,Net Banking
C15732,40,Female,Kolkata,164,Basic,Android,UPI
C15733,35,Male,Kanpur,345,Premium,iOS,Wallet
C15734,39,Male,Delhi,545,Standard,iOS,UPI
C15735,39,Male,Gurugram,1586,Standard,Web,Wallet
C15736,55,Female,Pune,295,Basic,Web,UPI
C15737,42,Female,Kolkata,730,Standard,Android,Card
C15738,30,Male,Noida,190,Standard,Android,UPI
C15739,23,Male,Hyderabad,1119,Basic,Android,UPI
C15740,29,Female,Ahmedabad,422,Standard,Android,UPI
C15741,28,Male,Kolkata,381,Basic,Web,Card
C15742,36,Male,Jaipur,724,Basic,iOS,UPI
C15743,25,Female,Kanpur,586,Premium,Web,Card
C15744,42,Male,Kolkata,136,Basic,Android,UPI
C15745,18,Female,Mumbai,1006,Basic,Android,Card
C15746,18,Male,Delhi,1121,Standard,Android,UPI
C15747,30,Female,Gurugram,1024,Standard,Android,Net Banking
C15748,23,Female,Indore,989,Standard,iOS,UPI
C15749,20,Male,Indore,2199,Basic,iOS,Net Banking
C15750,25,Female,Mumbai,626,Standard,iOS,Card
C15751,24,Male,Hyderabad,757,Basic,iOS,UPI
C15752,31,Male,Ahmedabad,1138,Basic,Android,Net Banking
C15753,25,Female,Ahmedabad,213,Basic,Android,UPI
C15754,26,Male,Mumbai,2175,Standard,iOS,Card
C15755,31,Female,Pune,1167,Standard,Android,UPI
C15756,40,Male,Delhi,1541,Basic,Android,Card
C15757,44,Male,Chennai,728,Premium,Android,UPI
C15758,32,Male,Delhi,1530,Premium,Web,UPI
C15759,33,Female,Mumbai,1934,Basic,Web,Net Banking
C15760,29,Male,Mumbai,1285,Standard,Android,UPI
C15761,35,Male,Noida,486,Standard,iOS,Card
C15762,35,Male,Ahmedabad,1514,Standard,Android,Net Banking
C15763,43,Male,Gurugram,1886,Standard,Android,UPI
C15764,18,Female,Hyderabad,1535,Standard,Android,UPI
C15765,29,Female,Hyderabad,1469,Basic,Android,UPI
C15766,34,Male,Bengaluru,1036,Standard,Web,Wallet
C15767,31,Female,Pune,437,Basic,Android,Wallet
C15768,23,Male,Bengaluru,1589,Basic,Android,Net Banking
C15769,19,Female,Ahmedabad,909,Standard,Web,UPI
C15770,38,Female,Jaipur,530,Basic,Android,UPI
C15771,24,Female,Kanpur,1098,Standard,Android,Net Banking
C15772,18,Female,Delhi,78,Standard,Android,Net Banking
C15773,39,Male,Chennai,1162,Basic,Android,UPI
C15774,35,Male,Delhi,1217,Premium,Android,UPI
C15775,30,Female,Mumbai,891,Basic,iOS,UPI
C15776,23,Female,Ahmedabad,1556,Standard,Android,Card
C15777,30,Female,Chennai,1298,Basic,Android,UPI
C15778,42,Male,Ahmedabad,824,Basic,Android,UPI
C15779,18,Female,Mumbai,1585,Premium,iOS,Net Banking
C15780,18,Male,Chandigarh,283,Premium,iOS,UPI
C15781,25,Male,Chandigarh,1128,Basic,Web,UPI
C15782,31,Female,Hyderabad,334,Basic,iOS,Card
C15783,27,Female,Kanpur,1337,Standard,Android,Net Banking
C15784,37,Female,Delhi,68,Basic,Android,Card
C15785,41,Female,Ahmedabad,1895,Premium,Android,Wallet
C15786,34,Female,Kanpur,98,Basic,Android,Net Banking
C15787,36,Male,Lucknow,1110,Basic,Android,UPI
C15788,33,Female,Jaipur,1475,Basic,iOS,UPI
C15789,31,Female,Hyderabad,933,Basic,Android,UPI
C15790,19,Male,Lucknow,497,Premium,Web,Card
C15791,22,Male,Kolkata,567,Standard,Android,Card
C15792,19,Male,Mumbai,1858,Basic,iOS,Card
C15793,30,Male,Mumbai,315,Basic,Android,UPI
C15794,33,Female,Jaipur,1572,Basic,iOS,UPI
C15795,18,Male,Pune,664,Standard,Web,UPI
C15796,32,Male,Chennai,56,Standard,Android,UPI
C15797,23,Male,Noida,911,Basic,Android,UPI
C15798,21,Female,Kolkata,235,Standard,iOS,UPI
C15799,25,Female,Hyderabad,1688,Standard,Web,Net Banking
C15800,21,Male,Hyderabad,1698,Premium,iOS,UPI
C15801,36,Female,Pune,501,Standard,Android,Card
C15802,29,Male,Ahmedabad,1707,Basic,iOS,UPI
C15803,38,Female,Pune,1553,Basic,iOS,Net Banking
C15804,27,Male,Chennai,1497,Premium,Android,Net Banking
C15805,27,Female,Ahmedabad,201,Basic,iOS,UPI
C15806,48,Male,Ahmedabad,307,Basic,Android,UPI
C15807,18,Male,Lucknow,373,Standard,Android,Card
C15808,43,Female,Mumbai,1805,Standard,Android,Card
C15809,46,Female,Ahmedabad,738,Standard,iOS,Net Banking
C15810,38,Male,Chennai,1179,Standard,Android,UPI
C15811,28,Female,Mumbai,1049,Basic,Android,Net Banking
C15812,44,Female,Kolkata,2199,Standard,iOS,Card
C15813,28,Female,Ahmedabad,422,Premium,Android,UPI
C15814,25,Female,Chennai,1718,Basic,Android,Card
C15815,28,Male,Jaipur,273,Basic,Web,UPI
C15816,26,Female,Bengaluru,2152,Premium,iOS,UPI
C15817,22,Male,Delhi,1257,Basic,Android,UPI
C15818,41,Male,Bengaluru,602,Standard,Android,UPI
C15819,24,Male,Hyderabad,924,Basic,Android,Card
C15820,31,Female,Kolkata,1610,Standard,iOS,UPI
C15821,18,Male,Lucknow,932,Standard,Android,UPI
C15822,31,Male,Ahmedabad,176,Standard,Android,UPI
C15823,21,Female,Delhi,698,Basic,Web,UPI
C15824,20,Female,Bengaluru,2016,Basic,iOS,UPI
C15825,30,Female,Delhi,835,Standard,iOS,Card
C15826,41,Female,Kolkata,1094,Basic,iOS,Card
C15827,35,Female,Delhi,429,Standard,Web,Wallet
C15828,36,Female,Chennai,88,Standard,Android,Card
C15829,30,Male,Jaipur,617,Premium,Android,Card
C15830,28,Male,Kolkata,1913,Basic,Android,UPI
C15831,38,Female,Bengaluru,1206,Basic,Android,UPI
C15832,26,Male,Bengaluru,848,Standard,Web,UPI
C15833,39,Female,Kolkata,1163,Standard,iOS,UPI
C15834,42,Female,Chennai,1793,Basic,Android,UPI
C15835,23,Female,Mumbai,1995,Premium,Android,UPI
C15836,25,Female,Kanpur,719,Standard,iOS,UPI
C15837,26,Male,Chennai,1836,Standard,Android,UPI
C15838,18,Female,Hyderabad,1769,Standard,iOS,UPI
C15839,27,Male,Delhi,45,Standard,Web,Card
C15840,43,Male,Hyderabad,1969,Basic,iOS,Card
C15841,22,Female,Bengaluru,528,Basic,Android,Card
C15842,43,Male,Bengaluru,1692,Standard,iOS,Card
C15843,27,Male,Pune,1956,Standard,iOS,Card
C15844,50,Male,Hyderabad,1274,Standard,Web,Net Banking
C15845,25,Female,Kanpur,713,Standard,Android,UPI
C15846,30,Male,Gurugram,1885,Basic,iOS,Net Banking
C15847,23,Female,Delhi,1066,Standard,iOS,UPI
C15848,25,Female,Mumbai,1696,Basic,Android,Card
C15849,43,Male,Jaipur,1494,Standard,Android,UPI
C15850,35,Female,Chandigarh,726,Standard,Android,UPI
C15851,40,Female,Kanpur,1209,Standard,iOS,Wallet
C15852,19,Female,Mumbai,465,Standard,Android,UPI
C15853,37,Male,Delhi,40,Basic,Android,UPI
C15854,22,Female,Mumbai,1526,Standard,Android,UPI
C15855,19,Female,Lucknow,478,Basic,Android,UPI
C15856,33,Male,Pune,1157,Standard,iOS,Wallet
C15857,33,Female,Chennai,247,Basic,Android,Card
C15858,31,Female,Chennai,1450,Standard,Android,Card
C15859,37,Male,Delhi,393,Basic,Android,UPI
C15860,39,Male,Pune,569,Basic,Android,UPI
C15861,44,Male,Mumbai,349,Standard,iOS,Card
C15862,20,Female,Kolkata,2020,Standard,Web,UPI
C15863,45,Female,Ahmedabad,1381,Basic,Android,UPI
C15864,48,Male,Kolkata,1474,Standard,Android,UPI
C15865,28,Female,Bengaluru,912,Standard,Android,UPI
C15866,18,Male,Lucknow,1892,Standard,Android,Wallet
C15867,19,Male,Ahmedabad,174,Standard,Android,Card
C15868,27,Male,Mumbai,927,Basic,Web,UPI
C15869,49,Female,Delhi,208,Basic,Android,UPI
C15870,31,Male,Kolkata,1542,Basic,Android,Card
C15871,25,Female,Bengaluru,2092,Premium,Web,UPI
C15872,25,Male,Mumbai,1692,Basic,iOS,Net Banking
C15873,19,Female,Delhi,365,Basic,Android,UPI
C15874,39,Male,Delhi,1739,Basic,iOS,UPI
C15875,30,Female,Chennai,580,Standard,iOS,UPI
C15876,50,Female,Pune,786,Basic,Web,Card
C15877,37,Female,Delhi,1276,Standard,Android,UPI
C15878,38,Female,Ahmedabad,1013,Basic,Android,Net Banking
C15879,29,Male,Bengaluru,436,Standard,iOS,UPI
C15880,21,Male,Bengaluru,1179,Premium,Web,UPI
C15881,23,Male,Delhi,458,Standard,iOS,Wallet
C15882,19,Female,Jaipur,1588,Premium,Android,UPI
C15883,39,Female,Indore,187,Premium,Web,UPI
C15884,28,Female,Chennai,1787,Basic,Android,UPI
C15885,40,Female,Mumbai,2158,Standard,Android,Card
C15886,32,Male,Bengaluru,1649,Standard,Android,UPI
C15887,28,Male,Delhi,1345,Standard,iOS,Card
C15888,20,Female,Lucknow,987,Standard,Android,Card
C15889,34,Female,Mumbai,1179,Standard,Web,Card
C15890,29,Female,Indore,1141,Basic,Android,Net Banking
C15891,39,Male,Pune,1958,Standard,Android,Net Banking
C15892,25,Female,Chennai,306,Basic,iOS,UPI
C15893,37,Female,Lucknow,1319,Standard,Android,Net Banking
C15894,46,Female,Mumbai,1223,Basic,Android,UPI
C15895,33,Female,Jaipur,600,Standard,Web,Net Banking
C15896,38,Male,Mumbai,926,Standard,Web,UPI
C15897,36,Other,Lucknow,1054,Basic,iOS,UPI
C15898,48,Female,Chennai,105,Standard,Android,Card
C15899,34,Female,Mumbai,1066,Standard,iOS,Card
C15900,37,Female,Lucknow,400,Basic,iOS,Net Banking
C15901,31,Male,Mumbai,893,Standard,Android,UPI
C15902,24,Male,Mumbai,633,Basic,Android,Card
C15903,20,Male,Jaipur,1665,Basic,Android,UPI
C15904,42,Male,Hyderabad,2113,Standard,Android,Card
C15905,22,Male,Kanpur,268,Basic,Android,UPI
C15906,38,Female,Kolkata,587,Standard,Android,UPI
C15907,35,Female,Pune,375,Basic,Web,Net Banking
C15908,39,Female,Bengaluru,1079,Basic,Web,Card
C15909,26,Male,Mumbai,837,Standard,Android,Card
C15910,24,Female,Indore,1017,Basic,Web,Wallet
C15911,34,Male,Mumbai,184,Premium,iOS,Card
C15912,28,Male,Chennai,1920,Basic,Web,Card
C15913,20,Male,Bengaluru,2172,Standard,Web,Card
C15914,48,Male,Bengaluru,2008,Standard,Android,UPI
C15915,24,Male,Pune,1105,Standard,iOS,UPI
C15916,22,Male,Jaipur,1476,Standard,Android,Wallet
C15917,29,Male,Jaipur,138,Basic,Web,Card
C15918,42,Female,Kanpur,1355,Standard,iOS,UPI
C15919,18,Male,Bengaluru,1349,Standard,iOS,UPI
C15920,42,Male,Hyderabad,1624,Standard,Android,UPI
C15921,23,Male,Mumbai,1724,Basic,Android,Card
C15922,33,Male,Ahmedabad,30,Basic,Android,Wallet
C15923,25,Female,Bengaluru,914,Basic,Android,Card
C15924,49,Male,Pune,1083,Basic,Android,Card
C15925,32,Female,Delhi,1072,Basic,Android,Net Banking
C15926,25,Male,Lucknow,1221,Basic,Web,UPI
C15927,28,Male,Lucknow,1550,Basic,Web,UPI
C15928,32,Male,Kanpur,1304,Basic,Android,Card
C15929,33,Female,Mumbai,537,Basic,Web,Net Banking
C15930,35,Male,Chandigarh,1471,Standard,iOS,UPI
C15931,31,Female,Delhi,1326,Premium,Web,Net Banking
C15932,19,Female,Bengaluru,463,Standard,iOS,Net Banking
C15933,28,Female,Delhi,1399,Basic,iOS,UPI
C15934,36,Male,Bengaluru,1161,Basic,Android,UPI
C15935,25,Female,Chennai,1776,Standard,iOS,UPI
C15936,37,Female,Delhi,880,Premium,iOS,UPI
C15937,31,Male,Hyderabad,1963,Basic,Android,UPI
C15938,29,Female,Kolkata,1194,Basic,Android,UPI
C15939,42,Male,Lucknow,2071,Basic,Web,Card
C15940,18,Male,Kolkata,250,Basic,Web,Card
C15941,25,Female,Pune,304,Basic,iOS,Wallet
C15942,42,Male,Delhi,503,Standard,Android,Card
C15943,47,Female,Lucknow,1801,Basic,Android,Card
C15944,52,Male,Mumbai,1129,Basic,Android,UPI
C15945,31,Female,Bengaluru,1495,Standard,iOS,UPI
C15946,35,Male,Mumbai,72,Standard,Android,UPI
C15947,38,Male,Kolkata,834,Basic,Android,Card
C15948,42,Male,Bengaluru,796,Standard,iOS,UPI
C15949,34,Female,Kolkata,2032,Basic,iOS,Net Banking
C15950,39,Male,Bengaluru,257,Basic,Web,Card
C15951,35,Female,Hyderabad,1896,Basic,Android,UPI
C15952,36,Male,Hyderabad,829,Basic,Android,UPI
C15953,23,Female,Mumbai,1710,Basic,Android,Card
C15954,28,Female,Hyderabad,661,Standard,iOS,Card
C15955,26,Male,Kolkata,154,Premium,Android,UPI
C15956,20,Male,Chennai,1504,Basic,iOS,Card
C15957,18,Male,Mumbai,414,Basic,Android,UPI
C15958,27,Male,Kolkata,350,Basic,Android,UPI
C15959,29,Female,Bengaluru,2022,Basic,Android,Wallet
C15960,32,Male,Mumbai,521,Standard,Web,UPI
C15961,36,Female,Delhi,2161,Basic,iOS,UPI
C15962,33,Male,Chennai,785,Standard,Android,Card
C15963,29,Female,Bengaluru,631,Standard,Android,UPI
C15964,23,Female,Kolkata,1015,Standard,Android,UPI
C15965,39,Male,Delhi,631,Basic,Android,Card
C15966,30,Male,Jaipur,2042,Basic,Web,Net Banking
C15967,27,Male,Bengaluru,1354,Basic,Android,Net Banking
C15968,29,Male,Pune,1642,Standard,Android,UPI
C15969,24,Female,Jaipur,195,Standard,Web,Wallet
C15970,26,Female,Hyderabad,548,Standard,iOS,UPI
C15971,26,Female,Mumbai,1321,Basic,Android,UPI
C15972,28,Male,Chennai,1086,Basic,Android,Card
C15973,37,Female,Chandigarh,2132,Standard,Android,Net Banking
C15974,35,Male,Indore,1598,Basic,iOS,UPI
C15975,45,Female,Delhi,674,Premium,Web,UPI
C15976,42,Female,Ahmedabad,1015,Standard,Android,UPI
C15977,49,Male,Bengaluru,1641,Basic,Android,UPI
C15978,36,Female,Delhi,919,Standard,Android,UPI
C15979,36,Female,Kolkata,1169,Basic,Android,Card
C15980,27,Male,Chennai,1764,Premium,iOS,UPI
C15981,38,Male,Chennai,653,Standard,Android,UPI
C15982,25,Female,Lucknow,246,Basic,Web,Card
C15983,18,Female,Bengaluru,925,Standard,Android,UPI
C15984,45,Female,Kolkata,505,Basic,iOS,UPI
C15985,20,Male,Bengaluru,1225,Basic,iOS,UPI
C15986,35,Female,Mumbai,1881,Basic,Android,Card
C15987,23,Male,Hyderabad,1682,Basic,Web,Net Banking
C15988,41,Male,Gurugram,1612,Basic,iOS,UPI
C15989,42,Male,Chennai,1203,Premium,iOS,UPI
C15990,36,Male,Mumbai,1957,Standard,iOS,Net Banking
C15991,42,Male,Kolkata,2037,Premium,iOS,Card
C15992,31,Male,Indore,1674,Basic,Android,Card
C15993,51,Female,Noida,283,Standard,iOS,UPI
C15994,38,Female,Pune,675,Standard,Web,UPI
C15995,23,Male,Hyderabad,2108,Standard,iOS,Wallet
C15996,32,Female,Pune,187,Standard,iOS,Card
C15997,30,Female,Lucknow,1224,Standard,Web,Net Banking
C15998,29,Female,Lucknow,1416,Standard,Android,UPI
C15999,18,Female,Lucknow,880,Premium,iOS,UPI
C16000,34,Female,Hyderabad,1557,Basic,Web,UPI
C16001,19,Male,Mumbai,195,Basic,Android,Card
C16002,18,Male,Pune,505,Premium,Android,UPI
C16003,28,Female,Delhi,672,Premium,Android,UPI
C16004,24,Male,Mumbai,400,Standard,Web,Card
C16005,23,Female,Chennai,980,Standard,Web,Wallet
C16006,18,Other,Kolkata,1046,Premium,Web,UPI
C16007,23,Male,Lucknow,2063,Standard,Android,UPI
C16008,29,Male,Jaipur,1083,Basic,iOS,Card
C16009,25,Male,Lucknow,1671,Standard,Android,UPI
C16010,34,Male,Ahmedabad,221,Basic,Web,Card
C16011,44,Female,Ahmedabad,158,Basic,Web,Wallet
C16012,36,Female,Mumbai,886,Premium,iOS,UPI
C16013,40,Male,Pune,741,Standard,Android,UPI
C16014,41,Male,Mumbai,2033,Standard,Web,Wallet
C16015,22,Male,Mumbai,1096,Standard,Web,Card
C16016,35,Male,Delhi,1087,Basic,Web,UPI
C16017,40,Female,Lucknow,1874,Standard,Android,UPI
C16018,27,Male,Ahmedabad,1908,Standard,Android,Card
C16019,24,Female,Gurugram,1714,Standard,Android,UPI
C16020,36,Female,Indore,980,Basic,Android,Card
C16021,18,Male,Kanpur,499,Standard,Web,UPI
C16022,21,Male,Mumbai,106,Basic,Android,UPI
C16023,25,Male,Kanpur,139,Basic,iOS,UPI
C16024,35,Male,Lucknow,1799,Standard,Web,Net Banking
C16025,33,Female,Kanpur,317,Premium,Android,UPI
C16026,40,Male,Delhi,930,Basic,Android,Card
C16027,23,Female,Mumbai,1122,Basic,iOS,Net Banking
C16028,22,Male,Noida,1236,Premium,Android,UPI
C16029,36,Female,Delhi,225,Premium,Android,Net Banking
C16030,24,Male,Bengaluru,1165,Basic,iOS,Card
C16031,26,Male,Hyderabad,571,Standard,Android,UPI
C16032,18,Female,Mumbai,769,Premium,iOS,Wallet
C16033,34,Female,Mumbai,1812,Basic,Web,Net Banking
C16034,45,Female,Chandigarh,1028,Standard,Android,UPI
C16035,22,Female,Kanpur,902,Basic,Android,Net Banking
C16036,40,Male,Noida,64,Standard,Android,Card
C16037,30,Female,Bengaluru,2191,Basic,iOS,Net Banking
C16038,18,Female,Delhi,1318,Standard,Android,Card
C16039,23,Female,Hyderabad,1670,Standard,Android,Card
C16040,22,Female,Hyderabad,971,Basic,iOS,Net Banking
C16041,28,Female,Mumbai,604,Standard,Android,Card
C16042,35,Male,Jaipur,622,Basic,iOS,UPI
C16043,48,Male,Chandigarh,46,Basic,Web,Card
C16044,18,Male,Chennai,1958,Premium,Android,Net Banking
C16045,27,Female,Hyderabad,1174,Premium,Web,Wallet
C16046,23,Female,Hyderabad,794,Standard,Android,Card
C16047,20,Female,Mumbai,1561,Premium,Android,UPI
C16048,32,Male,Bengaluru,311,Basic,Android,Net Banking
C16049,31,Female,Chennai,1049,Standard,iOS,UPI
C16050,18,Female,Hyderabad,977,Premium,iOS,Card
C16051,31,Male,Chennai,1997,Premium,iOS,UPI
C16052,20,Female,Lucknow,1761,Basic,Android,Net Banking
C16053,31,Male,Delhi,1696,Basic,Web,UPI
C16054,42,Male,Mumbai,594,Standard,Android,UPI
C16055,35,Male,Mumbai,1158,Basic,iOS,Net Banking
C16056,33,Female,Mumbai,2157,Standard,Android,UPI
C16057,26,Male,Pune,71,Basic,Android,UPI
C16058,32,Female,Jaipur,1443,Standard,Android,Net Banking
C16059,36,Female,Kanpur,763,Basic,Android,UPI
C16060,35,Female,Kolkata,1639,Standard,Android,UPI
C16061,30,Female,Hyderabad,1102,Premium,Android,Net Banking
C16062,33,Male,Delhi,1550,Standard,Web,Net Banking
C16063,19,Male,Hyderabad,573,Premium,Web,UPI
C16064,24,Male,Bengaluru,1944,Basic,Web,UPI
C16065,37,Female,Kanpur,1847,Basic,Android,UPI
C16066,39,Female,Chennai,1413,Standard,Android,Wallet
C16067,32,Female,Delhi,951,Basic,Android,Card
C16068,44,Other,Bengaluru,359,Basic,iOS,UPI
C16069,36,Female,Mumbai,472,Standard,Web,Net Banking
C16070,29,Female,Noida,895,Basic,Android,Card
C16071,20,Female,Mumbai,1720,Premium,iOS,Card
C16072,44,Male,Mumbai,2084,Standard,Android,Card
C16073,38,Female,Delhi,1349,Basic,iOS,UPI
C16074,47,Female,Jaipur,2066,Basic,Web,UPI
C16075,51,Male,Chennai,457,Basic,iOS,Card
C16076,19,Male,Pune,1641,Standard,iOS,UPI
C16077,19,Male,Bengaluru,1186,Basic,Android,UPI
C16078,18,Male,Mumbai,334,Premium,Android,Wallet
C16079,39,Male,Lucknow,1537,Basic,Android,Card
C16080,37,Male,Delhi,1990,Basic,iOS,Card
C16081,32,Male,Mumbai,1003,Standard,iOS,Card
C16082,20,Male,Pune,584,Basic,Android,UPI
C16083,30,Female,Mumbai,686,Standard,Android,Card
C16084,33,Male,Mumbai,1334,Standard,Android,UPI
C16085,38,Male,Jaipur,1526,Basic,Android,UPI
C16086,33,Male,Chennai,500,Standard,Android,Card
C16087,37,Male,Delhi,1521,Premium,Web,UPI
C16088,30,Male,Bengaluru,1651,Basic,Android,UPI
C16089,42,Male,Ahmedabad,66,Standard,Web,Wallet
C16090,37,Female,Mumbai,863,Basic,Android,UPI
C16091,20,Male,Mumbai,538,Premium,Android,UPI
C16092,44,Male,Pune,1751,Basic,iOS,Card
C16093,42,Male,Pune,1432,Basic,Android,UPI
C16094,35,Female,Indore,1187,Basic,Web,Wallet
C16095,34,Female,Bengaluru,516,Standard,iOS,UPI
C16096,46,Female,Mumbai,1074,Basic,Android,Net Banking
C16097,18,Female,Chennai,2118,Standard,Web,UPI
C16098,42,Female,Kolkata,2188,Basic,Android,UPI
C16099,27,Female,Delhi,383,Premium,Android,UPI
C16100,41,Female,Chennai,1081,Premium,Web,UPI
C16101,32,Male,Delhi,1653,Standard,Android,Net Banking
C16102,20,Female,Lucknow,675,Standard,iOS,UPI
C16103,27,Female,Lucknow,2196,Standard,Android,UPI
C16104,40,Male,Hyderabad,1042,Standard,Web,UPI
C16105,29,Female,Indore,782,Basic,Android,UPI
C16106,25,Male,Indore,2073,Standard,Android,UPI
C16107,25,Male,Mumbai,1338,Standard,Web,Net Banking
C16108,37,Female,Bengaluru,165,Standard,iOS,Card
C16109,47,Male,Pune,259,Standard,iOS,UPI
C16110,18,Female,Mumbai,2157,Standard,Android,UPI
C16111,56,Female,Hyderabad,1379,Basic,iOS,UPI
C16112,33,Male,Bengaluru,1917,Standard,Android,UPI
C16113,36,Female,Gurugram,2172,Basic,Android,UPI
C16114,27,Male,Hyderabad,1645,Standard,Android,UPI
C16115,31,Male,Jaipur,2141,Basic,Android,UPI
C16116,33,Female,Hyderabad,2101,Premium,Android,Wallet
C16117,22,Female,Mumbai,923,Standard,iOS,UPI
C16118,24,Male,Kanpur,1416,Premium,Android,UPI
C16119,42,Female,Mumbai,1810,Premium,Android,Card
C16120,18,Male,Mumbai,2086,Standard,iOS,UPI
C16121,35,Male,Bengaluru,1823,Premium,Android,Card
C16122,28,Male,Kolkata,1781,Standard,Android,UPI
C16123,22,Female,Bengaluru,740,Basic,Android,UPI
C16124,49,Female,Mumbai,960,Basic,Android,Card
C16125,22,Male,Bengaluru,1815,Basic,iOS,UPI
C16126,21,Male,Delhi,305,Basic,Android,Wallet
C16127,29,Male,Mumbai,382,Basic,Android,Card
C16128,24,Male,Chennai,1739,Premium,Android,UPI
C16129,31,Female,Mumbai,2154,Basic,Android,UPI
C16130,32,Female,Bengaluru,937,Premium,Android,UPI
C16131,33,Male,Kolkata,1905,Standard,Android,UPI
C16132,30,Male,Ahmedabad,801,Premium,Android,UPI
C16133,25,Male,Bengaluru,1137,Standard,iOS,Wallet
C16134,37,Male,Bengaluru,2143,Premium,Android,UPI
C16135,30,Male,Delhi,866,Basic,Android,UPI
C16136,27,Male,Indore,1948,Standard,iOS,UPI
C16137,44,Male,Delhi,2082,Basic,Android,UPI
C16138,30,Male,Delhi,1631,Basic,Android,UPI
C16139,41,Male,Hyderabad,184,Standard,Web,Wallet
C16140,42,Male,Delhi,2114,Standard,Android,UPI
C16141,43,Male,Delhi,1111,Premium,iOS,UPI
C16142,37,Male,Mumbai,658,Basic,iOS,UPI
C16143,31,Male,Kolkata,1086,Premium,Android,Card
C16144,30,Male,Pune,985,Basic,Android,Card
C16145,29,Male,Kolkata,857,Standard,Android,Card
C16146,18,Male,Jaipur,1500,Basic,Android,Card
C16147,37,Female,Bengaluru,274,Premium,Android,Net Banking
C16148,33,Male,Noida,1403,Standard,Web,Net Banking
C16149,38,Male,Ahmedabad,575,Basic,Android,UPI
C16150,30,Male,Jaipur,1748,Premium,iOS,Card
C16151,37,Female,Ahmedabad,2163,Basic,Android,Card
C16152,19,Male,Bengaluru,1055,Premium,iOS,UPI
C16153,20,Male,Bengaluru,1783,Basic,Android,Card
C16154,18,Male,Hyderabad,725,Basic,iOS,Card
C16155,30,Male,Mumbai,1849,Basic,Android,UPI
C16156,24,Male,Hyderabad,1187,Standard,Android,UPI
C16157,23,Male,Mumbai,1135,Standard,iOS,Card
C16158,34,Female,Mumbai,250,Standard,Web,UPI
C16159,27,Female,Gurugram,1466,Basic,Android,UPI
C16160,18,Male,Kolkata,1746,Standard,Android,UPI
C16161,54,Male,Pune,1125,Standard,iOS,Net Banking
C16162,31,Female,Bengaluru,376,Basic,Android,Card
C16163,21,Male,Pune,1499,Basic,Web,UPI
C16164,25,Male,Kanpur,1387,Standard,Android,Net Banking
C16165,29,Female,Kolkata,1903,Standard,Android,UPI
C16166,29,Male,Pune,2102,Standard,Android,Net Banking
C16167,43,Female,Hyderabad,556,Basic,Android,Wallet
C16168,30,Female,Bengaluru,664,Premium,iOS,Card
C16169,48,Male,Kolkata,2093,Standard,Android,Net Banking
C16170,27,Male,Chandigarh,286,Standard,Web,Net Banking
C16171,35,Female,Hyderabad,2012,Standard,Android,UPI
C16172,40,Male,Hyderabad,364,Standard,iOS,UPI
C16173,42,Male,Hyderabad,939,Premium,iOS,UPI
C16174,43,Male,Hyderabad,330,Basic,Android,UPI
C16175,29,Female,Chandigarh,2149,Basic,Web,UPI
C16176,31,Female,Ahmedabad,1115,Standard,Android,UPI
C16177,18,Male,Bengaluru,1945,Premium,Android,UPI
C16178,29,Male,Bengaluru,97,Standard,Android,UPI
C16179,41,Male,Hyderabad,116,Standard,Android,Net Banking
C16180,39,Female,Mumbai,1185,Standard,Android,UPI
C16181,30,Male,Chennai,121,Basic,Android,Card
C16182,46,Other,Jaipur,1210,Premium,Web,UPI
C16183,28,Female,Kolkata,1564,Standard,iOS,UPI
C16184,25,Female,Delhi,1089,Standard,Web,UPI
C16185,27,Male,Ahmedabad,1730,Standard,iOS,UPI
C16186,21,Male,Ahmedabad,251,Basic,iOS,UPI
C16187,37,Female,Bengaluru,569,Premium,Web,UPI
C16188,34,Female,Pune,377,Basic,Android,UPI
C16189,36,Male,Pune,1112,Standard,Web,Net Banking
C16190,27,Male,Lucknow,889,Standard,Android,UPI
C16191,30,Female,Mumbai,1200,Standard,iOS,UPI
C16192,18,Female,Delhi,362,Premium,Android,Wallet
C16193,34,Female,Chennai,996,Standard,Android,UPI
C16194,32,Male,Mumbai,1690,Basic,Android,Card
C16195,21,Male,Hyderabad,179,Standard,Web,UPI
C16196,30,Male,Jaipur,1738,Standard,iOS,Card
C16197,29,Male,Delhi,505,Basic,Android,UPI
C16198,47,Male,Hyderabad,1914,Basic,Web,Net Banking
C16199,21,Male,Chandigarh,1797,Standard,Web,UPI
C16200,34,Female,Chennai,1000,Premium,iOS,Card
C16201,21,Female,Chennai,188,Standard,Android,UPI
C16202,26,Female,Pune,865,Premium,Android,UPI
C16203,33,Female,Delhi,1380,Standard,Web,UPI
C16204,29,Male,Delhi,766,Premium,Android,Card
C16205,31,Male,Kolkata,1406,Standard,Android,UPI
C16206,34,Female,Hyderabad,1816,Basic,Android,Card
C16207,27,Male,Bengaluru,2105,Standard,iOS,Net Banking
C16208,39,Male,Mumbai,893,Premium,Android,UPI
C16209,28,Male,Lucknow,2172,Premium,Web,Card
C16210,30,Female,Mumbai,569,Basic,iOS,Net Banking
C16211,34,Other,Ahmedabad,2080,Standard,Web,Card
C16212,33,Male,Hyderabad,339,Premium,Android,Card
C16213,37,Male,Pune,1204,Basic,Android,Wallet
C16214,34,Male,Delhi,1490,Standard,iOS,Net Banking
C16215,35,Male,Delhi,120,Standard,Web,UPI
C16216,28,Female,Chennai,992,Basic,Android,Card
C16217,21,Male,Kolkata,631,Standard,Android,UPI
C16218,18,Female,Delhi,1799,Basic,iOS,UPI
C16219,18,Male,Hyderabad,1061,Standard,iOS,UPI
C16220,47,Female,Hyderabad,255,Basic,Android,UPI
C16221,18,Female,Delhi,114,Standard,Android,UPI
C16222,42,Male,Pune,81,Basic,Android,Card
C16223,24,Male,Delhi,110,Standard,Android,Card
C16224,42,Male,Chennai,1082,Basic,Android,Net Banking
C16225,18,Male,Mumbai,733,Basic,iOS,UPI
C16226,29,Male,Chennai,482,Standard,Android,UPI
C16227,44,Male,Bengaluru,870,Basic,Android,Card
C16228,37,Male,Hyderabad,979,Basic,Android,UPI
C16229,28,Male,Hyderabad,1290,Basic,Android,Wallet
C16230,18,Male,Noida,1110,Standard,iOS,Card
C16231,19,Female,Chennai,2054,Basic,iOS,UPI
C16232,44,Female,Lucknow,841,Standard,iOS,UPI
C16233,28,Female,Delhi,878,Standard,Android,Card
C16234,30,Male,Bengaluru,924,Basic,Android,UPI
C16235,34,Male,Mumbai,134,Basic,iOS,UPI
C16236,19,Female,Hyderabad,1655,Basic,Android,UPI
C16237,35,Female,Kolkata,1201,Premium,Android,Card
C16238,27,Female,Lucknow,895,Basic,iOS,Card
C16239,34,Male,Pune,806,Standard,Android,UPI
C16240,26,Female,Kolkata,1155,Premium,Android,Card
C16241,18,Male,Delhi,1985,Basic,Android,Card
C16242,27,Male,Mumbai,894,Basic,Android,Net Banking
C16243,37,Male,Jaipur,966,Standard,Web,UPI
C16244,35,Male,Delhi,319,Premium,iOS,UPI
C16245,31,Other,Mumbai,728,Basic,Android,Net Banking
C16246,39,Male,Gurugram,1655,Standard,Android,UPI
C16247,29,Male,Indore,1600,Standard,Android,Net Banking
C16248,32,Male,Pune,1777,Basic,iOS,Card
C16249,27,Male,Hyderabad,1100,Standard,iOS,UPI
C16250,40,Female,Lucknow,1983,Standard,Android,UPI
C16251,34,Female,Delhi,1234,Premium,Web,UPI
C16252,26,Male,Hyderabad,313,Standard,iOS,Card
C16253,18,Male,Bengaluru,359,Standard,iOS,UPI
C16254,41,Male,Noida,1106,Standard,Web,Net Banking
C16255,24,Female,Noida,844,Basic,Android,Card
C16256,32,Male,Kolkata,262,Standard,Android,Card
C16257,52,Male,Mumbai,130,Basic,Android,Card
C16258,38,Male,Chennai,1372,Standard,Android,Wallet
C16259,46,Male,Delhi,1668,Standard,Android,Net Banking
C16260,26,Female,Kanpur,507,Standard,Web,Wallet
C16261,41,Female,Mumbai,562,Standard,Web,Net Banking
C16262,31,Male,Mumbai,1190,Standard,Android,UPI
C16263,34,Female,Ahmedabad,291,Standard,iOS,UPI
C16264,49,Male,Hyderabad,1847,Basic,Android,UPI
C16265,28,Female,Lucknow,1309,Basic,Android,Wallet
C16266,31,Other,Mumbai,814,Basic,Android,Wallet
C16267,23,Female,Jaipur,1287,Basic,iOS,UPI
C16268,39,Male,Mumbai,383,Standard,iOS,UPI
C16269,26,Male,Mumbai,715,Premium,iOS,Card
C16270,40,Male,Hyderabad,1184,Standard,Web,Card
C16271,18,Male,Delhi,2118,Basic,Android,Card
C16272,36,Female,Pune,1861,Basic,Android,Net Banking
C16273,25,Female,Mumbai,1409,Basic,Android,Card
C16274,38,Female,Mumbai,757,Premium,Web,Card
C16275,31,Male,Ahmedabad,2040,Standard,Android,Card
C16276,26,Male,Delhi,309,Premium,Android,UPI
C16277,28,Female,Kolkata,682,Basic,Web,Card
C16278,23,Male,Ahmedabad,962,Standard,Android,Card
C16279,39,Female,Mumbai,1227,Standard,Android,Net Banking
C16280,22,Female,Jaipur,1492,Basic,Android,Wallet
C16281,29,Female,Bengaluru,927,Standard,Android,Card
C16282,34,Male,Hyderabad,2075,Standard,iOS,UPI
C16283,46,Female,Mumbai,926,Basic,Web,Net Banking
C16284,31,Male,Lucknow,1396,Basic,Android,Card
C16285,29,Male,Pune,133,Standard,iOS,UPI
C16286,33,Male,Chennai,371,Premium,Android,Card
C16287,18,Female,Indore,506,Premium,iOS,UPI
C16288,20,Male,Bengaluru,32,Basic,Android,Net Banking
C16289,28,Male,Kanpur,1916,Standard,Android,UPI
C16290,25,Male,Ahmedabad,1385,Standard,Android,UPI
C16291,18,Female,Noida,1874,Premium,Web,Card
C16292,39,Female,Noida,751,Basic,Android,UPI
C16293,33,Female,Chandigarh,258,Premium,Android,Card
C16294,32,Female,Mumbai,741,Standard,Android,UPI
C16295,25,Male,Jaipur,69,Standard,Web,UPI
C16296,32,Female,Jaipur,688,Basic,Android,UPI
C16297,36,Male,Kolkata,251,Basic,Web,UPI
C16298,29,Male,Bengaluru,494,Basic,Android,Card
C16299,35,Male,Indore,1416,Premium,Android,Card
C16300,24,Male,Delhi,2117,Standard,Android,Wallet
C16301,32,Female,Chennai,550,Premium,Android,UPI
C16302,41,Female,Chennai,2162,Standard,Android,UPI
C16303,42,Male,Delhi,1684,Premium,Android,UPI
C16304,43,Male,Ahmedabad,291,Premium,Android,UPI
C16305,34,Male,Mumbai,42,Basic,Android,UPI
C16306,31,Male,Kolkata,274,Basic,iOS,Card
C16307,27,Male,Lucknow,1583,Standard,Android,UPI
C16308,18,Male,Bengaluru,1485,Standard,Android,UPI
C16309,19,Female,Ahmedabad,1953,Basic,Web,Card
C16310,29,Female,Delhi,1170,Standard,iOS,UPI
C16311,30,Female,Lucknow,127,Basic,iOS,UPI
C16312,44,Male,Gurugram,2199,Standard,Android,UPI
C16313,43,Female,Delhi,1912,Premium,iOS,Wallet
C16314,25,Female,Kolkata,1584,Basic,Android,UPI
C16315,38,Male,Chennai,2021,Basic,Android,UPI
C16316,27,Female,Chennai,636,Standard,Android,UPI
C16317,37,Female,Ahmedabad,1192,Standard,Web,Card
C16318,38,Female,Chennai,1185,Basic,Android,UPI
C16319,42,Female,Pune,647,Standard,Android,UPI
C16320,27,Female,Delhi,2191,Standard,Android,Card
C16321,40,Female,Hyderabad,1251,Standard,Android,Card
C16322,18,Female,Kanpur,2024,Standard,Android,Card
C16323,43,Male,Mumbai,703,Basic,Android,UPI
C16324,31,Female,Pune,1105,Basic,iOS,Wallet
C16325,31,Male,Delhi,2055,Basic,Android,UPI
C16326,18,Male,Lucknow,418,Basic,iOS,UPI
C16327,28,Male,Pune,1209,Basic,Android,UPI
C16328,43,Male,Hyderabad,1758,Standard,Android,UPI
C16329,27,Male,Delhi,1763,Standard,Android,UPI
C16330,37,Female,Hyderabad,1660,Basic,Android,Card
C16331,31,Female,Indore,1353,Premium,Android,UPI
C16332,41,Female,Chennai,44,Standard,Android,UPI
C16333,33,Male,Hyderabad,655,Standard,Android,Wallet
C16334,23,Male,Ahmedabad,1755,Premium,iOS,UPI
C16335,32,Female,Hyderabad,1115,Basic,Web,UPI
C16336,45,Female,Hyderabad,808,Standard,Android,Net Banking
C16337,35,Male,Bengaluru,1939,Basic,Android,Card
C16338,30,Male,Delhi,774,Premium,Android,Net Banking
C16339,51,Female,Ahmedabad,860,Basic,iOS,UPI
C16340,41,Male,Kanpur,907,Standard,Android,UPI
C16341,38,Male,Noida,770,Basic,Android,UPI
C16342,34,Male,Kanpur,1127,Basic,iOS,UPI
C16343,38,Male,Hyderabad,2105,Basic,iOS,Card
C16344,38,Male,Bengaluru,2194,Standard,Android,UPI
C16345,18,Female,Kolkata,754,Basic,iOS,UPI
C16346,35,Other,Gurugram,832,Basic,Android,UPI
C16347,30,Male,Ahmedabad,1895,Basic,Android,UPI
C16348,27,Male,Chennai,1278,Basic,iOS,UPI
C16349,29,Male,Kolkata,416,Basic,iOS,UPI
C16350,18,Other,Jaipur,1222,Standard,Android,UPI
C16351,18,Female,Noida,1748,Basic,Android,UPI
C16352,42,Female,Jaipur,905,Premium,Android,Card
C16353,35,Male,Hyderabad,1365,Standard,Web,UPI
C16354,18,Female,Bengaluru,1711,Basic,Android,Card
C16355,26,Male,Chennai,290,Standard,Web,UPI
C16356,39,Male,Bengaluru,2145,Basic,Web,UPI
C16357,28,Female,Gurugram,168,Standard,Android,Wallet
C16358,42,Female,Chennai,277,Basic,Web,UPI
C16359,40,Male,Hyderabad,677,Basic,Android,Net Banking
C16360,19,Female,Bengaluru,73,Premium,Android,UPI
C16361,30,Female,Kolkata,1456,Standard,Android,Card
C16362,27,Female,Chennai,1169,Premium,iOS,Card
C16363,18,Female,Mumbai,811,Standard,Web,UPI
C16364,18,Male,Kanpur,2172,Standard,Android,UPI
C16365,24,Other,Bengaluru,618,Basic,Android,Net Banking
C16366,25,Male,Hyderabad,1937,Basic,Android,Card
C16367,34,Male,Delhi,1292,Standard,Android,Card
C16368,40,Female,Chennai,1533,Basic,iOS,Wallet
C16369,36,Other,Kolkata,2097,Standard,iOS,UPI
C16370,38,Male,Kanpur,581,Basic,Web,Card
C16371,29,Male,Mumbai,294,Standard,Android,Wallet
C16372,36,Female,Indore,1750,Basic,Android,Wallet
C16373,30,Female,Ahmedabad,1428,Basic,Android,UPI
C16374,27,Female,Bengaluru,458,Standard,iOS,Net Banking
C16375,48,Female,Delhi,2009,Standard,iOS,UPI
C16376,18,Female,Bengaluru,1587,Premium,Android,Card
C16377,18,Male,Kanpur,1204,Basic,Android,Card
C16378,34,Female,Bengaluru,316,Standard,Android,UPI
C16379,29,Female,Hyderabad,2122,Basic,Web,UPI
C16380,18,Male,Ahmedabad,1169,Standard,iOS,UPI
C16381,22,Male,Kanpur,1327,Basic,iOS,UPI
C16382,23,Female,Kolkata,89,Basic,Android,UPI
C16383,39,Female,Ahmedabad,1489,Standard,Android,UPI
C16384,42,Male,Delhi,1842,Basic,Android,UPI
C16385,46,Male,Kanpur,1747,Basic,Android,UPI
C16386,18,Male,Bengaluru,847,Premium,Android,Card
C16387,19,Female,Mumbai,463,Premium,Android,Card
C16388,18,Male,Indore,991,Standard,Android,UPI
C16389,43,Male,Delhi,1245,Basic,Android,Net Banking
C16390,35,Female,Mumbai,613,Basic,Android,UPI
C16391,32,Female,Pune,1362,Basic,iOS,UPI
C16392,33,Male,Bengaluru,2036,Standard,iOS,UPI
C16393,30,Male,Mumbai,290,Standard,Android,Net Banking
C16394,21,Female,Pune,564,Basic,Web,UPI
C16395,36,Male,Ahmedabad,1018,Standard,Web,UPI
C16396,29,Male,Jaipur,406,Basic,iOS,Wallet
C16397,20,Female,Delhi,1702,Standard,iOS,Card
C16398,36,Female,Pune,161,Basic,Android,Card
C16399,27,Female,Lucknow,118,Standard,Android,UPI
C16400,33,Other,Delhi,796,Standard,Android,UPI
C16401,30,Female,Delhi,927,Basic,Android,UPI
C16402,39,Male,Mumbai,1560,Premium,Android,UPI
C16403,33,Male,Chennai,346,Standard,Web,Net Banking
C16404,23,Male,Delhi,1730,Standard,Web,UPI
C16405,34,Other,Ahmedabad,411,Basic,Android,UPI
C16406,34,Male,Indore,2088,Basic,iOS,UPI
C16407,36,Male,Delhi,1142,Basic,Web,Card
C16408,40,Female,Kolkata,1693,Standard,iOS,UPI
C16409,25,Female,Delhi,93,Basic,Android,UPI
C16410,37,Female,Mumbai,1585,Standard,Web,UPI
C16411,18,Male,Ahmedabad,952,Standard,iOS,Net Banking
C16412,30,Female,Hyderabad,1119,Standard,Android,Card
C16413,29,Female,Gurugram,85,Premium,Android,Card
C16414,44,Female,Chennai,1377,Standard,iOS,Card
C16415,30,Male,Delhi,2038,Basic,Android,Net Banking
C16416,36,Female,Hyderabad,2189,Premium,Web,UPI
C16417,18,Female,Delhi,1946,Standard,iOS,Card
C16418,28,Male,Kanpur,1587,Standard,Android,UPI
C16419,23,Male,Kolkata,489,Basic,Android,Wallet
C16420,53,Male,Bengaluru,830,Standard,Android,Card
C16421,25,Male,Chennai,172,Standard,Android,Card
C16422,32,Male,Kolkata,518,Standard,iOS,UPI
C16423,32,Female,Jaipur,573,Basic,Web,UPI
C16424,18,Female,Mumbai,1477,Premium,iOS,Card
C16425,26,Male,Mumbai,91,Standard,Android,UPI
C16426,35,Female,Mumbai,2046,Standard,Web,Card
C16427,32,Male,Hyderabad,1624,Basic,Web,UPI
C16428,18,Male,Hyderabad,1489,Standard,Web,Net Banking
C16429,26,Female,Mumbai,1275,Premium,Android,UPI
C16430,40,Male,Hyderabad,580,Standard,Android,Card
C16431,36,Female,Hyderabad,1210,Basic,iOS,Net Banking
C16432,42,Female,Mumbai,1413,Standard,Android,Card
C16433,22,Female,Noida,1878,Basic,Android,UPI
C16434,43,Male,Pune,1511,Basic,iOS,UPI
C16435,31,Other,Hyderabad,1786,Basic,Web,UPI
C16436,45,Female,Chennai,1021,Basic,Android,UPI
C16437,31,Male,Bengaluru,917,Basic,Web,Card
C16438,18,Female,Lucknow,1724,Standard,Android,Wallet
C16439,39,Female,Pune,1354,Standard,iOS,Card
C16440,27,Male,Chennai,884,Basic,Android,Net Banking
C16441,28,Male,Noida,988,Standard,Android,Net Banking
C16442,18,Male,Lucknow,1237,Standard,iOS,UPI
C16443,46,Male,Lucknow,1384,Premium,iOS,UPI
C16444,26,Female,Delhi,812,Standard,iOS,UPI
C16445,45,Male,Delhi,358,Premium,Android,UPI
C16446,27,Female,Kolkata,1979,Standard,Android,UPI
C16447,23,Male,Hyderabad,681,Standard,Android,UPI
C16448,43,Female,Kolkata,381,Basic,iOS,UPI
C16449,30,Female,Ahmedabad,576,Premium,iOS,UPI
C16450,30,Male,Bengaluru,1915,Standard,Android,UPI
C16451,19,Female,Bengaluru,393,Basic,Android,UPI
C16452,27,Male,Chennai,1543,Basic,Android,Card
C16453,35,Other,Bengaluru,928,Standard,Android,UPI
C16454,19,Female,Kolkata,1348,Basic,Android,Card
C16455,26,Male,Ahmedabad,1606,Premium,Web,UPI
C16456,27,Male,Hyderabad,512,Basic,Android,Card
C16457,32,Male,Ahmedabad,889,Basic,Android,UPI
C16458,44,Female,Chennai,1746,Basic,iOS,Wallet
C16459,28,Male,Ahmedabad,2162,Standard,Web,Wallet
C16460,25,Male,Delhi,1881,Standard,iOS,UPI
C16461,56,Male,Ahmedabad,685,Standard,Android,UPI
C16462,27,Male,Ahmedabad,544,Basic,Android,UPI
C16463,29,Female,Bengaluru,2087,Premium,Android,UPI
C16464,28,Male,Pune,1520,Basic,Android,Card
C16465,29,Female,Lucknow,450,Basic,iOS,UPI
C16466,32,Male,Delhi,1434,Basic,iOS,UPI
C16467,39,Male,Ahmedabad,726,Standard,Android,UPI
C16468,35,Male,Gurugram,369,Standard,iOS,Card
C16469,41,Female,Kanpur,386,Standard,iOS,UPI
C16470,40,Female,Hyderabad,850,Basic,Android,UPI
C16471,33,Female,Pune,546,Premium,Android,UPI
C16472,34,Female,Chandigarh,1733,Basic,Web,UPI
C16473,41,Female,Pune,370,Basic,Android,UPI
C16474,21,Male,Mumbai,436,Standard,Android,Card
C16475,53,Female,Mumbai,1385,Standard,Android,Wallet
C16476,26,Male,Jaipur,972,Premium,iOS,UPI
C16477,28,Female,Hyderabad,465,Basic,Web,UPI
C16478,20,Female,Delhi,180,Basic,Android,UPI
C16479,20,Male,Bengaluru,214,Premium,Android,UPI
C16480,40,Female,Ahmedabad,662,Standard,Web,Net Banking
C16481,51,Male,Hyderabad,608,Standard,iOS,UPI
C16482,26,Male,Kanpur,1290,Basic,Web,UPI
C16483,34,Male,Ahmedabad,1502,Basic,iOS,UPI
C16484,33,Male,Indore,389,Premium,iOS,UPI
C16485,40,Male,Kanpur,960,Premium,Android,UPI
C16486,51,Other,Delhi,1042,Premium,Android,Card
C16487,45,Female,Kolkata,368,Standard,iOS,Card
C16488,29,Male,Mumbai,1090,Standard,Android,UPI
C16489,36,Male,Chandigarh,167,Standard,Android,UPI
C16490,37,Female,Bengaluru,706,Basic,Android,Net Banking
C16491,31,Male,Kolkata,1612,Standard,Android,UPI
C16492,21,Male,Lucknow,560,Standard,iOS,UPI
C16493,24,Female,Delhi,1557,Standard,Android,Card
C16494,41,Female,Lucknow,261,Basic,iOS,Net Banking
C16495,42,Male,Mumbai,1031,Basic,Android,UPI
C16496,29,Female,Hyderabad,1987,Standard,Android,Card
C16497,33,Female,Hyderabad,1175,Premium,Android,Net Banking
C16498,42,Male,Bengaluru,1801,Standard,Android,UPI
C16499,18,Male,Pune,551,Basic,Android,Wallet
C16500,27,Male,Noida,432,Premium,Android,UPI
C16501,49,Female,Bengaluru,1083,Standard,iOS,UPI
C16502,34,Female,Pune,567,Standard,Android,Card
C16503,21,Male,Kanpur,1611,Premium,iOS,UPI
C16504,32,Female,Jaipur,793,Standard,Android,UPI
C16505,40,Male,Mumbai,1704,Standard,Android,Card
C16506,18,Male,Gurugram,106,Standard,iOS,UPI
C16507,33,Female,Mumbai,768,Standard,Android,UPI
C16508,28,Male,Pune,557,Basic,Android,Net Banking
C16509,18,Male,Pune,1503,Basic,Android,UPI
C16510,32,Male,Jaipur,477,Standard,Android,UPI
C16511,30,Male,Delhi,1085,Basic,Android,Card
C16512,31,Female,Delhi,811,Premium,Web,Card
C16513,28,Male,Ahmedabad,1634,Basic,Android,UPI
C16514,22,Male,Delhi,832,Standard,Web,UPI
C16515,18,Male,Hyderabad,1528,Basic,Web,Wallet
C16516,25,Female,Ahmedabad,223,Standard,Android,UPI
C16517,39,Male,Kolkata,1658,Basic,iOS,UPI
C16518,33,Male,Delhi,1416,Standard,Web,Card
C16519,30,Female,Bengaluru,387,Basic,Android,Wallet
C16520,22,Female,Indore,266,Basic,Android,Card
C16521,28,Female,Hyderabad,729,Premium,iOS,UPI
C16522,38,Male,Mumbai,2173,Standard,iOS,Card
C16523,36,Female,Delhi,605,Standard,iOS,Card
C16524,27,Male,Bengaluru,1060,Standard,Android,Card
C16525,18,Female,Chandigarh,1000,Standard,Android,UPI
C16526,25,Female,Bengaluru,670,Basic,iOS,Wallet
C16527,27,Female,Mumbai,1038,Basic,Android,Card
C16528,23,Female,Chennai,410,Basic,iOS,Net Banking
C16529,27,Female,Mumbai,1478,Basic,Android,Net Banking
C16530,38,Female,Bengaluru,377,Standard,Android,UPI
C16531,31,Male,Chandigarh,1266,Premium,Web,Card
C16532,40,Male,Ahmedabad,720,Standard,iOS,Card
C16533,18,Male,Mumbai,1288,Basic,iOS,Card
C16534,28,Female,Hyderabad,1218,Standard,Web,UPI
C16535,18,Female,Delhi,1403,Standard,Android,UPI
C16536,27,Female,Mumbai,1343,Basic,iOS,Card
C16537,22,Male,Pune,622,Basic,Android,UPI
C16538,43,Male,Chennai,1306,Standard,iOS,Net Banking
C16539,35,Male,Ahmedabad,520,Standard,iOS,Card
C16540,40,Male,Kanpur,872,Standard,Web,UPI
C16541,27,Female,Delhi,496,Standard,Android,UPI
C16542,22,Female,Noida,1189,Standard,iOS,UPI
C16543,22,Male,Chennai,1721,Basic,Android,UPI
C16544,33,Female,Bengaluru,1343,Standard,iOS,UPI
C16545,47,Female,Lucknow,241,Basic,Web,UPI
C16546,35,Female,Mumbai,196,Basic,iOS,Card
C16547,28,Other,Pune,715,Standard,iOS,Net Banking
C16548,29,Male,Ahmedabad,1307,Basic,iOS,Card
C16549,31,Female,Bengaluru,638,Standard,Android,Card
C16550,49,Female,Kanpur,2189,Basic,iOS,UPI
C16551,42,Male,Delhi,1314,Basic,iOS,Net Banking
C16552,33,Female,Lucknow,1970,Standard,Android,UPI
C16553,32,Female,Mumbai,2035,Standard,Web,Card
C16554,34,Female,Delhi,238,Basic,Android,Card
C16555,35,Female,Hyderabad,1936,Standard,Android,UPI
C16556,27,Female,Lucknow,140,Standard,iOS,Card
C16557,23,Male,Delhi,258,Basic,Android,Wallet
C16558,40,Male,Kanpur,1202,Basic,iOS,Card
C16559,31,Male,Delhi,1202,Premium,Web,UPI
C16560,40,Female,Hyderabad,1437,Basic,iOS,UPI
C16561,46,Female,Bengaluru,110,Basic,iOS,UPI
C16562,36,Male,Mumbai,263,Basic,Web,UPI
C16563,34,Female,Gurugram,1749,Standard,Android,Net Banking
C16564,60,Female,Hyderabad,1313,Basic,Android,UPI
C16565,33,Female,Kolkata,843,Basic,iOS,UPI
C16566,21,Female,Pune,425,Standard,iOS,UPI
C16567,28,Male,Chennai,496,Premium,Web,UPI
C16568,45,Female,Pune,695,Basic,Android,UPI
C16569,19,Male,Kanpur,1080,Basic,Android,UPI
C16570,24,Female,Kolkata,1796,Basic,Android,UPI
C16571,41,Male,Chennai,974,Premium,Android,Net Banking
C16572,29,Male,Kolkata,979,Standard,iOS,UPI
C16573,30,Female,Pune,2076,Basic,Android,UPI
C16574,41,Male,Hyderabad,232,Standard,Android,Card
C16575,25,Male,Pune,102,Basic,Android,UPI
C16576,18,Female,Hyderabad,2184,Basic,Android,Net Banking
C16577,19,Male,Ahmedabad,2091,Premium,Android,UPI
C16578,36,Male,Indore,905,Basic,iOS,UPI
C16579,33,Male,Indore,538,Basic,Web,UPI
C16580,25,Female,Lucknow,296,Standard,iOS,UPI
C16581,21,Female,Pune,344,Standard,Android,Net Banking
C16582,29,Female,Ahmedabad,1965,Basic,Android,UPI
C16583,41,Female,Delhi,1639,Standard,Android,UPI
C16584,23,Female,Chennai,1862,Standard,iOS,UPI
C16585,25,Male,Delhi,1163,Standard,Android,UPI
C16586,20,Female,Mumbai,1457,Basic,Android,Card
C16587,28,Female,Indore,1973,Basic,iOS,UPI
C16588,34,Female,Kanpur,805,Premium,iOS,Net Banking
C16589,50,Female,Chennai,1207,Standard,Android,UPI
C16590,33,Male,Delhi,655,Standard,Android,UPI
C16591,31,Male,Kolkata,1126,Standard,Android,UPI
C16592,39,Female,Hyderabad,490,Basic,Android,UPI
C16593,37,Female,Jaipur,477,Premium,Web,Wallet
C16594,26,Female,Chandigarh,805,Standard,Android,Card
C16595,52,Male,Bengaluru,2091,Premium,Android,UPI
C16596,31,Female,Delhi,619,Standard,iOS,UPI
C16597,33,Female,Bengaluru,1471,Standard,Android,UPI
C16598,36,Female,Mumbai,1270,Basic,iOS,UPI
C16599,34,Female,Hyderabad,1335,Basic,Web,UPI
C16600,45,Female,Mumbai,312,Basic,Android,Card
C16601,26,Male,Mumbai,1744,Premium,Android,Card
C16602,38,Female,Bengaluru,1733,Standard,Android,UPI
C16603,32,Female,Delhi,249,Standard,Android,UPI
C16604,40,Female,Ahmedabad,885,Basic,iOS,Card
C16605,29,Female,Mumbai,1910,Standard,Android,Card
C16606,28,Male,Kanpur,545,Standard,Android,UPI
C16607,38,Male,Delhi,1116,Standard,iOS,Card
C16608,34,Male,Mumbai,1825,Standard,iOS,UPI
C16609,24,Male,Mumbai,1770,Basic,Web,UPI
C16610,43,Male,Ahmedabad,870,Standard,Android,UPI
C16611,38,Male,Delhi,1576,Basic,iOS,UPI
C16612,30,Male,Chennai,2049,Basic,Android,Net Banking
C16613,27,Male,Mumbai,1009,Basic,Web,Card
C16614,34,Male,Chandigarh,2143,Standard,Web,UPI
C16615,37,Male,Mumbai,1700,Basic,iOS,UPI
C16616,18,Female,Hyderabad,1435,Basic,iOS,UPI
C16617,34,Male,Lucknow,1593,Standard,iOS,UPI
C16618,37,Female,Delhi,436,Basic,iOS,Card
C16619,18,Male,Bengaluru,38,Standard,Android,Card
C16620,33,Male,Jaipur,1825,Standard,iOS,UPI
C16621,37,Male,Bengaluru,1569,Standard,Web,Net Banking
C16622,36,Male,Mumbai,2065,Basic,iOS,Wallet
C16623,38,Male,Hyderabad,1134,Basic,Android,UPI
C16624,28,Male,Mumbai,866,Basic,Android,UPI
C16625,22,Female,Noida,1851,Standard,iOS,UPI
C16626,18,Female,Kolkata,2073,Basic,Android,Net Banking
C16627,41,Female,Pune,1786,Standard,Android,UPI
C16628,37,Female,Delhi,1824,Premium,Android,Card
C16629,42,Female,Kolkata,400,Standard,Android,Card
C16630,24,Male,Kolkata,1914,Basic,Android,UPI
C16631,38,Male,Mumbai,77,Standard,Android,UPI
C16632,18,Female,Kanpur,1669,Basic,Web,Card
C16633,23,Male,Pune,456,Premium,Android,UPI
C16634,32,Female,Jaipur,119,Basic,Android,UPI
C16635,37,Male,Bengaluru,1638,Standard,Android,Net Banking
C16636,46,Male,Mumbai,766,Basic,iOS,UPI
C16637,29,Male,Kolkata,1920,Standard,Web,Card
C16638,23,Female,Jaipur,643,Basic,iOS,UPI
C16639,23,Female,Hyderabad,1550,Basic,Web,UPI
C16640,25,Female,Mumbai,1426,Standard,Android,UPI
C16641,51,Male,Lucknow,1810,Basic,Android,UPI
C16642,38,Male,Delhi,1898,Basic,Web,UPI
C16643,41,Male,Bengaluru,1304,Premium,Android,Wallet
C16644,29,Male,Pune,780,Basic,Android,UPI
C16645,31,Female,Mumbai,1129,Standard,Android,UPI
C16646,37,Male,Mumbai,1336,Basic,Web,Net Banking
C16647,26,Male,Mumbai,2135,Standard,Android,Card
C16648,28,Female,Noida,404,Premium,Web,Wallet
C16649,25,Male,Bengaluru,204,Standard,iOS,UPI
C16650,27,Female,Kolkata,1037,Premium,Android,UPI
C16651,31,Female,Chandigarh,944,Standard,Android,Card
C16652,24,Female,Kolkata,1984,Standard,Android,Net Banking
C16653,34,Male,Chennai,633,Basic,Android,UPI
C16654,34,Male,Chennai,351,Premium,Android,Wallet
C16655,29,Female,Hyderabad,294,Premium,Android,Card
C16656,24,Male,Pune,1970,Basic,Android,UPI
C16657,32,Male,Indore,1344,Basic,Android,Card
C16658,26,Male,Jaipur,2147,Basic,Web,UPI
C16659,31,Male,Hyderabad,601,Basic,Android,UPI
C16660,41,Male,Bengaluru,206,Basic,Web,UPI
C16661,20,Female,Kanpur,1034,Premium,iOS,UPI
C16662,51,Male,Mumbai,405,Premium,iOS,UPI
C16663,30,Female,Lucknow,326,Standard,iOS,Card
C16664,35,Female,Delhi,1945,Basic,Android,Net Banking
C16665,24,Female,Ahmedabad,876,Standard,iOS,UPI
C16666,41,Male,Jaipur,182,Premium,Web,UPI
C16667,30,Other,Chennai,464,Standard,iOS,Card
C16668,27,Female,Delhi,826,Premium,Web,UPI
C16669,26,Male,Lucknow,1976,Standard,Android,UPI
C16670,29,Female,Bengaluru,1414,Standard,Web,UPI
C16671,35,Male,Bengaluru,1163,Basic,Web,Card
C16672,33,Female,Chennai,1294,Standard,Web,Net Banking
C16673,31,Male,Hyderabad,1765,Standard,iOS,UPI
C16674,25,Male,Kolkata,450,Standard,Web,Card
C16675,24,Female,Mumbai,1084,Standard,iOS,Card
C16676,27,Male,Hyderabad,868,Basic,Android,Wallet
C16677,35,Male,Kanpur,121,Basic,Web,Card
C16678,37,Male,Mumbai,1225,Premium,Android,UPI
C16679,38,Male,Hyderabad,1537,Basic,Web,UPI
C16680,31,Male,Kolkata,1475,Basic,Android,UPI
C16681,34,Female,Kanpur,133,Standard,Android,UPI
C16682,29,Female,Pune,886,Basic,Android,UPI
C16683,18,Male,Lucknow,887,Standard,iOS,UPI
C16684,29,Male,Delhi,367,Standard,Android,Card
C16685,28,Male,Bengaluru,1216,Standard,iOS,UPI
C16686,22,Male,Gurugram,1182,Premium,Android,Net Banking
C16687,26,Male,Kanpur,1722,Basic,iOS,UPI
C16688,32,Female,Pune,1687,Premium,Android,Card
C16689,21,Female,Chennai,1979,Standard,Android,Card
C16690,25,Female,Hyderabad,951,Premium,Android,Card
C16691,45,Female,Mumbai,474,Standard,Android,UPI
C16692,18,Male,Kanpur,1204,Basic,iOS,Card
C16693,29,Male,Lucknow,1469,Standard,Android,Wallet
C16694,21,Female,Hyderabad,753,Basic,iOS,Net Banking
C16695,24,Male,Bengaluru,1050,Standard,iOS,UPI
C16696,29,Female,Bengaluru,2023,Basic,Android,UPI
C16697,22,Male,Mumbai,1695,Basic,Web,Card
C16698,36,Male,Ahmedabad,1352,Premium,iOS,UPI
C16699,43,Female,Pune,2069,Premium,Android,Card
C16700,39,Male,Delhi,60,Standard,iOS,Net Banking
C16701,40,Female,Pune,1186,Standard,Android,UPI
C16702,19,Female,Indore,607,Standard,Android,UPI
C16703,29,Male,Mumbai,652,Premium,Android,UPI
C16704,35,Male,Hyderabad,1731,Basic,Android,UPI
C16705,39,Male,Chennai,1762,Basic,Android,UPI
C16706,47,Male,Delhi,1084,Premium,Android,UPI
C16707,41,Male,Chennai,1173,Basic,Android,UPI
C16708,39,Male,Pune,1331,Standard,iOS,UPI
C16709,55,Female,Delhi,1944,Standard,Android,UPI
C16710,32,Female,Delhi,77,Standard,Android,UPI
C16711,28,Male,Lucknow,1258,Basic,Android,UPI
C16712,33,Male,Bengaluru,177,Standard,Android,Wallet
C16713,23,Female,Pune,2063,Standard,iOS,UPI
C16714,32,Female,Pune,547,Premium,iOS,UPI
C16715,18,Female,Lucknow,68,Standard,Android,Card
C16716,26,Female,Ahmedabad,1786,Premium,iOS,UPI
C16717,30,Male,Lucknow,1633,Basic,Android,Wallet
C16718,40,Male,Pune,1986,Basic,Android,UPI
C16719,41,Male,Hyderabad,781,Premium,iOS,UPI
C16720,22,Other,Hyderabad,630,Basic,iOS,UPI
C16721,50,Male,Hyderabad,1480,Basic,iOS,Card
C16722,32,Female,Hyderabad,2082,Basic,iOS,UPI
C16723,33,Male,Mumbai,2074,Standard,Android,UPI
C16724,18,Male,Hyderabad,896,Standard,Web,UPI
C16725,25,Male,Hyderabad,1448,Premium,Web,Card
C16726,40,Male,Mumbai,1824,Basic,Android,Wallet
C16727,33,Male,Bengaluru,1646,Basic,Web,UPI
C16728,32,Female,Ahmedabad,1333,Basic,Android,UPI
C16729,33,Female,Pune,372,Premium,Web,Card
C16730,18,Female,Jaipur,1400,Standard,Web,UPI
C16731,30,Female,Chennai,400,Basic,Android,Card
C16732,44,Male,Lucknow,1009,Basic,Android,Card
C16733,41,Female,Jaipur,1274,Basic,iOS,UPI
C16734,30,Female,Mumbai,86,Standard,Android,UPI
C16735,45,Male,Indore,964,Standard,iOS,UPI
C16736,20,Male,Mumbai,709,Standard,Android,Card
C16737,22,Male,Pune,271,Standard,Android,UPI
C16738,48,Female,Jaipur,1435,Basic,Android,Wallet
C16739,36,Female,Bengaluru,1610,Standard,iOS,UPI
C16740,28,Male,Pune,1969,Standard,iOS,Card
C16741,31,Male,Bengaluru,1546,Basic,iOS,Card
C16742,24,Female,Mumbai,427,Standard,iOS,Card
C16743,33,Male,Mumbai,228,Premium,iOS,UPI
C16744,33,Male,Mumbai,1814,Standard,Android,UPI
C16745,31,Male,Mumbai,135,Standard,Android,UPI
C16746,21,Female,Pune,855,Standard,Android,Card
C16747,33,Male,Chennai,852,Basic,Android,Card
C16748,26,Male,Hyderabad,424,Basic,Android,Card
C16749,22,Female,Kolkata,1403,Standard,iOS,Wallet
C16750,42,Female,Mumbai,1701,Basic,Android,UPI
C16751,51,Female,Bengaluru,1969,Standard,Android,UPI
C16752,48,Female,Jaipur,1048,Standard,iOS,UPI
C16753,37,Female,Noida,972,Basic,iOS,UPI
C16754,29,Female,Hyderabad,470,Premium,Android,UPI
C16755,30,Male,Mumbai,212,Premium,iOS,UPI
C16756,35,Male,Jaipur,1854,Basic,Web,Wallet
C16757,27,Male,Kanpur,1853,Standard,Android,UPI
C16758,43,Male,Hyderabad,2158,Basic,Web,Wallet
C16759,18,Female,Delhi,301,Premium,Android,UPI
C16760,28,Female,Mumbai,944,Standard,Android,UPI
C16761,38,Male,Pune,1413,Standard,iOS,Card
C16762,23,Male,Noida,1941,Premium,iOS,UPI
C16763,29,Female,Kolkata,927,Standard,iOS,UPI
C16764,36,Male,Bengaluru,330,Premium,Android,Card
C16765,45,Male,Kolkata,2003,Basic,Android,Net Banking
C16766,19,Male,Lucknow,210,Basic,Android,Card
C16767,19,Male,Chennai,1559,Standard,iOS,UPI
C16768,22,Female,Lucknow,824,Premium,iOS,Card
C16769,18,Male,Hyderabad,30,Basic,Web,Card
C16770,18,Male,Bengaluru,1171,Standard,Android,UPI
C16771,22,Male,Pune,838,Standard,iOS,Net Banking
C16772,42,Male,Hyderabad,976,Basic,iOS,UPI
C16773,28,Male,Indore,421,Standard,iOS,UPI
C16774,31,Male,Chennai,1490,Basic,Web,Card
C16775,22,Female,Hyderabad,645,Basic,iOS,UPI
C16776,37,Male,Hyderabad,360,Basic,Android,UPI
C16777,48,Male,Chennai,895,Standard,iOS,UPI
C16778,23,Male,Bengaluru,436,Basic,Web,Wallet
C16779,47,Male,Ahmedabad,1204,Basic,Android,UPI
C16780,34,Male,Hyderabad,1185,Standard,iOS,Wallet
C16781,31,Other,Hyderabad,1762,Basic,iOS,Net Banking
C16782,35,Female,Pune,2155,Standard,Android,UPI
C16783,35,Female,Mumbai,217,Standard,Web,UPI
C16784,48,Male,Kolkata,111,Premium,iOS,Card
C16785,36,Female,Chennai,987,Premium,Android,Wallet
C16786,36,Female,Hyderabad,175,Basic,Android,UPI
C16787,27,Male,Ahmedabad,1876,Standard,Android,UPI
C16788,39,Male,Ahmedabad,1783,Standard,Web,UPI
C16789,22,Female,Lucknow,967,Basic,Android,UPI
C16790,32,Female,Bengaluru,2115,Standard,iOS,UPI
C16791,57,Male,Bengaluru,1156,Premium,iOS,UPI
C16792,18,Male,Ahmedabad,1213,Standard,Android,UPI
C16793,33,Female,Pune,1719,Standard,Android,Card
C16794,33,Female,Pune,1225,Basic,iOS,UPI
C16795,29,Male,Pune,1576,Standard,Android,UPI
C16796,29,Other,Jaipur,549,Standard,Android,UPI
C16797,32,Female,Delhi,1136,Standard,Android,UPI
C16798,29,Male,Pune,1788,Premium,Android,UPI
C16799,33,Male,Delhi,2128,Premium,Android,Card
C16800,27,Female,Hyderabad,447,Premium,Android,Card
C16801,49,Male,Kolkata,108,Standard,Android,UPI
C16802,29,Female,Chennai,1318,Standard,Android,Card
C16803,36,Female,Hyderabad,148,Basic,iOS,Net Banking
C16804,25,Female,Kanpur,1511,Premium,Android,Card
C16805,39,Female,Jaipur,957,Standard,Android,Card
C16806,38,Male,Chennai,1767,Basic,iOS,Card
C16807,35,Male,Gurugram,372,Basic,iOS,UPI
C16808,22,Male,Hyderabad,129,Standard,Web,Wallet
C16809,24,Male,Jaipur,499,Basic,iOS,UPI
C16810,46,Female,Delhi,167,Standard,Android,UPI
C16811,24,Male,Bengaluru,355,Standard,iOS,UPI
C16812,37,Male,Bengaluru,1673,Basic,Web,UPI
C16813,22,Female,Mumbai,1532,Premium,Android,Card
C16814,40,Male,Chennai,1379,Standard,Android,UPI
C16815,25,Male,Delhi,944,Basic,Android,Wallet
C16816,22,Male,Kolkata,514,Basic,Web,Card
C16817,25,Female,Delhi,1840,Standard,Android,Wallet
C16818,26,Female,Mumbai,1931,Basic,Web,Card
C16819,35,Other,Indore,573,Basic,iOS,Card
C16820,32,Male,Kolkata,1975,Premium,iOS,Wallet
C16821,21,Male,Gurugram,1382,Basic,Android,Wallet
C16822,31,Male,Chennai,780,Standard,Android,Card
C16823,21,Female,Mumbai,493,Basic,Android,UPI
C16824,37,Male,Pune,1311,Basic,iOS,UPI
C16825,38,Male,Pune,61,Basic,iOS,UPI
C16826,31,Male,Mumbai,716,Basic,Android,UPI
C16827,33,Female,Lucknow,1524,Standard,Android,UPI
C16828,47,Female,Pune,1108,Standard,iOS,UPI
C16829,30,Female,Ahmedabad,345,Standard,Android,Card
C16830,23,Female,Chennai,375,Premium,iOS,Net Banking
C16831,36,Female,Pune,1535,Basic,Android,UPI
C16832,21,Female,Bengaluru,1846,Standard,Web,Net Banking
C16833,29,Male,Indore,1528,Standard,Android,Net Banking
C16834,26,Male,Hyderabad,370,Standard,Android,Card
C16835,25,Female,Delhi,1479,Premium,Android,Net Banking
C16836,29,Female,Mumbai,630,Standard,Android,Wallet
C16837,39,Male,Kolkata,1314,Premium,Android,UPI
C16838,41,Male,Chandigarh,1311,Basic,Android,UPI
C16839,39,Male,Kanpur,1950,Basic,Android,UPI
C16840,34,Male,Kolkata,1820,Basic,Android,UPI
C16841,29,Female,Chandigarh,194,Standard,Android,Wallet
C16842,18,Male,Ahmedabad,30,Basic,Web,UPI
C16843,34,Male,Bengaluru,2052,Basic,Web,UPI
C16844,18,Male,Pune,693,Premium,Android,Net Banking
C16845,18,Male,Mumbai,173,Standard,Android,Card
C16846,30,Male,Delhi,444,Basic,Android,UPI
C16847,33,Female,Hyderabad,1104,Basic,Web,Card
C16848,27,Female,Delhi,1958,Standard,iOS,UPI
C16849,45,Female,Gurugram,2033,Premium,iOS,UPI
C16850,35,Male,Chandigarh,1454,Standard,iOS,Net Banking
C16851,29,Male,Bengaluru,613,Basic,iOS,Card
C16852,43,Female,Ahmedabad,1575,Standard,Android,Net Banking
C16853,45,Female,Hyderabad,1848,Basic,Android,UPI
C16854,36,Male,Delhi,920,Premium,iOS,UPI
C16855,24,Female,Bengaluru,1317,Standard,Android,Card
C16856,26,Male,Delhi,1091,Standard,Android,UPI
C16857,18,Female,Bengaluru,1898,Basic,Web,Net Banking
C16858,31,Male,Delhi,1359,Basic,iOS,UPI
C16859,22,Male,Mumbai,135,Standard,Android,Net Banking
C16860,28,Female,Delhi,1921,Standard,Android,UPI
C16861,33,Male,Noida,1236,Basic,Android,Wallet
C16862,18,Male,Mumbai,964,Standard,Android,Net Banking
C16863,20,Female,Bengaluru,439,Basic,Android,Net Banking
C16864,26,Female,Chennai,1545,Standard,iOS,Card
C16865,31,Male,Bengaluru,69,Standard,Android,UPI
C16866,27,Male,Chennai,406,Basic,iOS,UPI
C16867,29,Male,Mumbai,1525,Standard,Android,Card
C16868,25,Female,Kolkata,621,Basic,Android,UPI
C16869,18,Male,Pune,1656,Standard,Android,UPI
C16870,26,Male,Kolkata,598,Premium,iOS,UPI
C16871,29,Female,Pune,1627,Premium,Web,UPI
C16872,28,Female,Hyderabad,1503,Basic,Android,Card
C16873,32,Female,Bengaluru,1607,Standard,Android,Card
C16874,35,Male,Delhi,1621,Standard,Android,Card
C16875,37,Female,Chennai,1765,Standard,Android,Card
C16876,25,Male,Mumbai,828,Basic,Android,Net Banking
C16877,18,Female,Bengaluru,1049,Standard,Android,UPI
C16878,42,Male,Kolkata,181,Basic,Web,Card
C16879,34,Female,Mumbai,784,Premium,iOS,UPI
C16880,22,Male,Mumbai,1027,Premium,Web,UPI
C16881,33,Male,Kolkata,1702,Basic,iOS,UPI
C16882,41,Male,Hyderabad,1989,Standard,iOS,UPI
C16883,47,Male,Jaipur,1476,Basic,Android,Card
C16884,33,Female,Gurugram,307,Basic,Android,Net Banking
C16885,41,Female,Indore,464,Basic,Android,Card
C16886,20,Female,Hyderabad,1187,Standard,Android,Card
C16887,31,Male,Bengaluru,974,Basic,Android,UPI
C16888,28,Male,Pune,2049,Standard,Android,UPI
C16889,34,Female,Pune,425,Premium,iOS,UPI
C16890,46,Male,Pune,1269,Basic,Android,UPI
C16891,33,Female,Bengaluru,1720,Standard,Android,UPI
C16892,23,Male,Mumbai,979,Premium,Android,UPI
C16893,20,Female,Delhi,566,Standard,Android,UPI
C16894,46,Other,Delhi,312,Basic,Android,UPI
C16895,36,Male,Mumbai,1381,Basic,Android,UPI
C16896,35,Other,Noida,1399,Standard,Web,UPI
C16897,28,Male,Mumbai,1625,Basic,iOS,UPI
C16898,33,Female,Pune,1847,Standard,Web,UPI
C16899,22,Male,Gurugram,2181,Basic,Android,UPI
C16900,34,Male,Bengaluru,436,Standard,Web,Card
C16901,20,Female,Chennai,969,Basic,iOS,UPI
C16902,28,Male,Kolkata,733,Basic,Web,UPI
C16903,25,Male,Bengaluru,1923,Standard,Android,Card
C16904,18,Male,Chennai,285,Basic,iOS,Card
C16905,28,Female,Lucknow,1471,Standard,Android,Card
C16906,23,Male,Ahmedabad,713,Premium,Android,UPI
C16907,29,Female,Jaipur,48,Standard,Android,Wallet
C16908,31,Female,Chandigarh,1326,Basic,Android,UPI
C16909,47,Female,Bengaluru,879,Premium,Web,Wallet
C16910,34,Female,Ahmedabad,1528,Basic,Web,Card
C16911,34,Male,Pune,885,Basic,iOS,UPI
C16912,35,Female,Kolkata,442,Basic,Android,UPI
C16913,39,Female,Ahmedabad,289,Standard,Android,UPI
C16914,35,Female,Ahmedabad,422,Basic,Android,Card
C16915,34,Male,Kanpur,978,Basic,iOS,Wallet
C16916,37,Male,Bengaluru,613,Basic,Android,Net Banking
C16917,18,Male,Kolkata,282,Basic,iOS,Wallet
C16918,50,Male,Bengaluru,717,Standard,Android,UPI
C16919,45,Female,Pune,1842,Standard,Android,UPI
C16920,33,Male,Ahmedabad,1852,Standard,Android,Card
C16921,18,Female,Jaipur,815,Basic,Android,UPI
C16922,42,Female,Hyderabad,1162,Premium,Web,UPI
C16923,25,Female,Chennai,427,Basic,iOS,UPI
C16924,36,Female,Bengaluru,924,Basic,Android,UPI
C16925,19,Female,Delhi,1335,Basic,Android,Card
C16926,51,Male,Bengaluru,71,Premium,iOS,UPI
C16927,18,Female,Noida,1890,Standard,Android,UPI
C16928,32,Female,Bengaluru,1992,Basic,Android,UPI
C16929,18,Male,Indore,2058,Basic,iOS,Card
C16930,31,Male,Delhi,488,Standard,Android,UPI
C16931,27,Male,Ahmedabad,1970,Basic,iOS,UPI
C16932,41,Female,Pune,277,Standard,iOS,UPI
C16933,27,Male,Kolkata,1944,Basic,Android,UPI
C16934,41,Male,Kolkata,324,Basic,Android,Card
C16935,22,Male,Ahmedabad,785,Standard,Android,UPI
C16936,28,Female,Noida,2088,Standard,iOS,Card
C16937,29,Female,Pune,1126,Basic,Android,Card
C16938,35,Female,Mumbai,500,Basic,iOS,UPI
C16939,34,Male,Bengaluru,835,Premium,iOS,Card
C16940,38,Male,Ahmedabad,746,Standard,Android,UPI
C16941,33,Female,Chennai,2031,Standard,Android,UPI
C16942,37,Female,Chennai,924,Standard,Android,Card
C16943,23,Male,Pune,231,Basic,Android,UPI
C16944,34,Male,Hyderabad,389,Basic,Web,Card
C16945,45,Male,Jaipur,1232,Basic,iOS,UPI
C16946,18,Male,Ahmedabad,59,Basic,iOS,UPI
C16947,35,Female,Ahmedabad,565,Standard,Android,UPI
C16948,37,Male,Ahmedabad,1340,Basic,Android,UPI
C16949,44,Male,Kanpur,1875,Standard,Android,UPI
C16950,38,Female,Pune,239,Basic,Web,UPI
C16951,32,Female,Indore,766,Standard,iOS,Card
C16952,35,Male,Mumbai,877,Standard,Android,Net Banking
C16953,24,Female,Pune,1904,Standard,Web,Wallet
C16954,28,Female,Ahmedabad,1736,Basic,Android,Wallet
C16955,19,Female,Chennai,2043,Premium,iOS,Card
C16956,44,Male,Bengaluru,1377,Premium,Web,Card
C16957,35,Female,Chennai,403,Standard,iOS,UPI
C16958,23,Female,Bengaluru,2066,Standard,Web,Net Banking
C16959,33,Female,Noida,1666,Basic,Web,UPI
C16960,41,Female,Bengaluru,1464,Standard,Android,Card
C16961,40,Male,Delhi,789,Premium,iOS,Card
C16962,23,Male,Pune,1755,Basic,iOS,Wallet
C16963,18,Female,Hyderabad,905,Basic,Android,UPI
C16964,35,Male,Mumbai,733,Basic,Web,UPI
C16965,23,Male,Pune,625,Premium,iOS,UPI
C16966,37,Male,Chennai,1462,Standard,Android,Card
C16967,40,Male,Delhi,1368,Premium,Android,Card
C16968,41,Female,Pune,523,Standard,Android,UPI
C16969,47,Male,Pune,774,Basic,Android,Net Banking
C16970,42,Male,Jaipur,523,Standard,iOS,UPI
C16971,47,Male,Bengaluru,1637,Basic,iOS,Net Banking
C16972,43,Female,Delhi,774,Standard,Android,Net Banking
C16973,44,Female,Gurugram,1719,Standard,Android,Net Banking
C16974,31,Female,Pune,533,Standard,Android,Card
C16975,19,Female,Mumbai,887,Basic,Web,Card
C16976,53,Female,Lucknow,87,Standard,Web,UPI
C16977,32,Female,Delhi,40,Premium,Android,Card
C16978,42,Female,Jaipur,92,Basic,Android,UPI
C16979,26,Female,Ahmedabad,173,Premium,Web,UPI
C16980,40,Other,Indore,2043,Standard,Android,UPI
C16981,18,Male,Indore,624,Standard,iOS,UPI
C16982,27,Female,Bengaluru,1183,Basic,Android,UPI
C16983,30,Male,Jaipur,2099,Basic,Android,Card
C16984,35,Male,Bengaluru,1087,Standard,iOS,UPI
C16985,41,Female,Pune,884,Premium,Android,UPI
C16986,21,Male,Pune,1611,Standard,iOS,Card
C16987,37,Female,Mumbai,1644,Basic,Web,Net Banking
C16988,42,Male,Mumbai,248,Standard,Android,UPI
C16989,52,Female,Mumbai,2061,Premium,Android,Net Banking
C16990,37,Male,Mumbai,297,Standard,iOS,UPI
C16991,27,Female,Bengaluru,771,Basic,iOS,Card
C16992,20,Female,Noida,2098,Basic,Android,Net Banking
C16993,47,Male,Chennai,1247,Premium,Android,UPI
C16994,38,Female,Jaipur,1263,Basic,Android,Wallet
C16995,31,Female,Lucknow,1879,Basic,Android,Card
C16996,18,Female,Ahmedabad,1003,Standard,iOS,Wallet
C16997,23,Male,Hyderabad,1364,Standard,Web,UPI
C16998,37,Male,Kanpur,1213,Basic,Web,UPI
C16999,34,Male,Ahmedabad,273,Standard,iOS,Card
C17000,18,Male,Ahmedabad,690,Premium,iOS,UPI
C17001,37,Other,Noida,1699,Premium,Android,Net Banking
C17002,18,Female,Pune,743,Basic,Android,UPI
C17003,43,Male,Chennai,1991,Premium,Android,UPI
C17004,33,Female,Kanpur,2111,Standard,Android,UPI
C17005,27,Female,Hyderabad,1698,Basic,Web,Card
C17006,40,Male,Jaipur,31,Basic,iOS,UPI
C17007,34,Male,Mumbai,1663,Premium,Android,UPI
C17008,43,Male,Mumbai,2159,Basic,Android,Card
C17009,32,Female,Chennai,1669,Basic,Android,Card
C17010,32,Male,Mumbai,1413,Standard,Android,UPI
C17011,28,Female,Indore,1359,Standard,iOS,UPI
C17012,33,Male,Mumbai,1105,Basic,Web,Card
C17013,46,Female,Ahmedabad,567,Standard,Android,UPI
C17014,26,Female,Delhi,1066,Standard,iOS,Card
C17015,37,Female,Indore,2006,Standard,iOS,UPI
C17016,23,Male,Hyderabad,215,Standard,Android,Card
C17017,18,Female,Mumbai,309,Basic,Android,UPI
C17018,33,Female,Mumbai,1928,Premium,Android,UPI
C17019,34,Female,Chennai,1825,Standard,iOS,UPI
C17020,30,Male,Chandigarh,1137,Standard,Web,UPI
C17021,18,Female,Indore,809,Basic,iOS,Card
C17022,34,Male,Bengaluru,270,Standard,iOS,UPI
C17023,33,Female,Chennai,1492,Basic,Android,UPI
C17024,23,Female,Mumbai,1199,Standard,Android,Wallet
C17025,19,Female,Chennai,1777,Basic,Android,UPI
C17026,29,Female,Pune,816,Standard,iOS,Card
C17027,37,Male,Delhi,1762,Basic,Android,Card
C17028,35,Female,Pune,2101,Standard,Web,Net Banking
C17029,23,Male,Kanpur,379,Standard,Android,Net Banking
C17030,32,Female,Mumbai,1689,Basic,Android,UPI
C17031,39,Female,Delhi,1355,Premium,iOS,Wallet
C17032,20,Female,Delhi,914,Standard,iOS,UPI
C17033,32,Male,Mumbai,495,Standard,iOS,Card
C17034,43,Female,Delhi,366,Standard,Android,UPI
C17035,20,Male,Pune,273,Standard,Android,UPI
C17036,41,Male,Mumbai,607,Premium,iOS,Card
C17037,46,Female,Ahmedabad,1144,Basic,Android,Wallet
C17038,29,Female,Kanpur,1197,Premium,Android,UPI
C17039,28,Female,Noida,2172,Basic,Android,UPI
C17040,40,Female,Kolkata,1638,Standard,iOS,Net Banking
C17041,29,Female,Delhi,2160,Standard,Android,Card
C17042,18,Male,Mumbai,1665,Basic,Android,Net Banking
C17043,30,Male,Delhi,1274,Standard,Web,UPI
C17044,35,Male,Indore,1801,Basic,Android,UPI
C17045,38,Female,Indore,1705,Premium,Android,UPI
C17046,23,Male,Hyderabad,1782,Standard,Android,UPI
C17047,29,Male,Bengaluru,571,Standard,Android,Net Banking
C17048,40,Female,Chennai,1601,Basic,iOS,UPI
C17049,30,Male,Bengaluru,516,Premium,Android,UPI
C17050,18,Male,Indore,719,Premium,Android,UPI
C17051,42,Male,Delhi,1563,Standard,Android,Card
C17052,29,Female,Bengaluru,1126,Basic,Android,UPI
C17053,41,Male,Hyderabad,1735,Standard,Android,UPI
C17054,18,Male,Mumbai,1593,Basic,Android,Net Banking
C17055,30,Female,Hyderabad,1639,Standard,Android,Card
C17056,36,Female,Lucknow,350,Basic,iOS,Net Banking
C17057,30,Female,Delhi,256,Basic,Android,UPI
C17058,20,Male,Pune,568,Basic,Android,UPI
C17059,18,Female,Hyderabad,803,Basic,Android,Card
C17060,45,Male,Delhi,1809,Standard,Android,UPI
C17061,33,Male,Mumbai,125,Standard,Android,Wallet
C17062,42,Male,Bengaluru,1202,Premium,Android,Wallet
C17063,39,Female,Mumbai,1735,Basic,Android,UPI
C17064,36,Male,Hyderabad,818,Basic,Android,Wallet
C17065,28,Male,Jaipur,706,Basic,Android,Wallet
C17066,35,Male,Ahmedabad,473,Standard,Android,Card
C17067,44,Female,Gurugram,962,Premium,Android,UPI
C17068,32,Male,Hyderabad,1366,Basic,Android,UPI
C17069,48,Male,Ahmedabad,1286,Basic,Web,UPI
C17070,18,Male,Kolkata,1875,Premium,iOS,Net Banking
C17071,18,Male,Delhi,31,Standard,iOS,UPI
C17072,40,Other,Bengaluru,665,Basic,Android,Net Banking
C17073,24,Male,Chennai,798,Basic,iOS,Card
C17074,49,Female,Jaipur,879,Basic,iOS,Net Banking
C17075,43,Male,Hyderabad,1608,Basic,Android,UPI
C17076,45,Male,Delhi,249,Standard,iOS,Card
C17077,39,Male,Chandigarh,650,Standard,iOS,UPI
C17078,23,Female,Mumbai,148,Basic,Android,Card
C17079,18,Male,Indore,1267,Standard,Android,UPI
C17080,44,Male,Jaipur,2122,Basic,Android,UPI
C17081,18,Male,Lucknow,2150,Basic,Android,Card
C17082,45,Male,Jaipur,134,Basic,iOS,UPI
C17083,37,Female,Delhi,286,Basic,iOS,Card
C17084,30,Male,Pune,1268,Premium,Android,UPI
C17085,35,Male,Ahmedabad,612,Basic,Android,UPI
C17086,35,Male,Ahmedabad,531,Basic,iOS,UPI
C17087,29,Female,Bengaluru,1514,Standard,Android,UPI
C17088,44,Male,Delhi,697,Basic,Android,Card
C17089,44,Male,Bengaluru,1328,Basic,iOS,UPI
C17090,32,Male,Chennai,114,Basic,iOS,Wallet
C17091,26,Male,Pune,2152,Basic,iOS,Card
C17092,43,Other,Lucknow,213,Basic,iOS,Net Banking
C17093,18,Male,Jaipur,105,Standard,iOS,Card
C17094,35,Male,Kolkata,936,Standard,Web,UPI
C17095,38,Male,Bengaluru,1935,Basic,iOS,UPI
C17096,24,Male,Chennai,1415,Standard,Android,Card
C17097,40,Male,Bengaluru,1090,Basic,Web,Card
C17098,31,Male,Delhi,630,Standard,Web,Card
C17099,26,Female,Mumbai,522,Basic,Android,UPI
C17100,40,Female,Bengaluru,1447,Basic,iOS,Card
C17101,21,Male,Delhi,1122,Standard,Web,Card
C17102,39,Male,Pune,1359,Basic,Android,UPI
C17103,18,Male,Mumbai,924,Basic,Android,Card
C17104,34,Male,Bengaluru,682,Standard,Android,UPI
C17105,31,Male,Mumbai,419,Standard,iOS,UPI
C17106,26,Female,Kolkata,664,Standard,Web,UPI
C17107,35,Female,Pune,506,Basic,Android,Net Banking
C17108,30,Male,Bengaluru,1088,Basic,iOS,Net Banking
C17109,40,Female,Delhi,655,Standard,iOS,UPI
C17110,36,Male,Indore,1756,Basic,iOS,Net Banking
C17111,35,Male,Pune,1228,Basic,iOS,Net Banking
C17112,34,Female,Kolkata,693,Standard,iOS,Card
C17113,27,Male,Chennai,210,Premium,Android,Wallet
C17114,28,Male,Jaipur,294,Standard,Android,Card
C17115,33,Male,Kanpur,222,Basic,Android,UPI
C17116,29,Male,Hyderabad,728,Standard,Android,UPI
C17117,41,Male,Kolkata,749,Basic,iOS,UPI
C17118,32,Male,Delhi,136,Standard,Web,UPI
C17119,34,Female,Kolkata,1564,Standard,Android,UPI
C17120,18,Male,Hyderabad,1177,Standard,iOS,UPI
C17121,39,Male,Mumbai,2152,Basic,Android,UPI
C17122,26,Other,Indore,1955,Standard,Android,UPI
C17123,22,Female,Kanpur,56,Standard,Android,UPI
C17124,46,Female,Bengaluru,1548,Standard,Android,Card
C17125,37,Male,Chandigarh,2139,Standard,Web,Card
C17126,40,Male,Bengaluru,1769,Basic,Android,Card
C17127,35,Male,Hyderabad,1518,Standard,Android,UPI
C17128,30,Female,Lucknow,332,Basic,Android,Card
C17129,28,Male,Bengaluru,1985,Basic,Web,UPI
C17130,38,Male,Hyderabad,1813,Standard,Android,UPI
C17131,41,Male,Kolkata,1193,Basic,Web,UPI
C17132,30,Male,Mumbai,2029,Basic,iOS,Card
C17133,50,Female,Hyderabad,1034,Basic,Android,UPI
C17134,29,Male,Bengaluru,1186,Standard,Android,Wallet
C17135,18,Female,Kolkata,1733,Premium,iOS,UPI
C17136,18,Other,Mumbai,1592,Standard,iOS,UPI
C17137,18,Female,Delhi,1225,Standard,Android,Card
C17138,27,Male,Ahmedabad,1729,Standard,Android,UPI
C17139,29,Female,Delhi,1977,Basic,Android,Net Banking
C17140,37,Female,Hyderabad,1437,Basic,Web,Card
C17141,31,Other,Ahmedabad,1967,Basic,iOS,Card
C17142,39,Female,Jaipur,921,Premium,Android,Net Banking
C17143,31,Female,Mumbai,1181,Basic,Android,UPI
C17144,31,Male,Lucknow,1437,Basic,Android,UPI
C17145,26,Female,Ahmedabad,1275,Standard,Web,UPI
C17146,44,Male,Bengaluru,417,Standard,Android,Card
C17147,18,Other,Jaipur,1020,Standard,Android,Net Banking
C17148,34,Male,Ahmedabad,322,Basic,iOS,UPI
C17149,29,Female,Pune,1526,Premium,Android,UPI
C17150,38,Male,Pune,1763,Basic,iOS,Card
C17151,31,Male,Ahmedabad,1510,Basic,Android,Card
C17152,31,Female,Chandigarh,1907,Standard,iOS,UPI
C17153,29,Male,Pune,1441,Premium,Android,UPI
C17154,44,Female,Jaipur,852,Premium,Android,UPI
C17155,31,Female,Ahmedabad,165,Standard,Web,UPI
C17156,49,Female,Lucknow,101,Premium,Web,UPI
C17157,33,Male,Gurugram,2120,Basic,Android,Card
C17158,31,Female,Delhi,1720,Premium,iOS,UPI
C17159,30,Female,Delhi,758,Standard,Android,Net Banking
C17160,36,Male,Pune,2103,Basic,Android,UPI
C17161,26,Female,Hyderabad,564,Basic,Android,Card
C17162,32,Male,Pune,1705,Standard,Android,UPI
C17163,31,Male,Jaipur,487,Standard,Android,UPI
C17164,34,Male,Gurugram,1570,Premium,iOS,UPI
C17165,34,Female,Hyderabad,180,Premium,Web,Card
C17166,35,Female,Ahmedabad,1511,Standard,Android,Card
C17167,32,Female,Delhi,1021,Basic,iOS,Card
C17168,45,Female,Chennai,1293,Standard,Android,UPI
C17169,35,Male,Mumbai,120,Standard,Android,Card
C17170,54,Female,Chennai,832,Basic,Android,Wallet
C17171,31,Male,Chennai,379,Basic,Android,UPI
C17172,40,Female,Ahmedabad,1367,Standard,iOS,UPI
C17173,24,Female,Kolkata,41,Basic,Android,UPI
C17174,44,Female,Bengaluru,1993,Basic,Web,Net Banking
C17175,25,Female,Mumbai,409,Basic,Android,Net Banking
C17176,35,Male,Mumbai,1161,Basic,Android,Card
C17177,29,Male,Indore,2189,Standard,Android,UPI
C17178,35,Female,Noida,919,Basic,iOS,Card
C17179,29,Male,Bengaluru,1204,Standard,Android,UPI
C17180,24,Female,Bengaluru,2112,Premium,Android,UPI
C17181,29,Male,Hyderabad,175,Standard,Android,UPI
C17182,45,Female,Kolkata,1250,Standard,iOS,Wallet
C17183,35,Male,Bengaluru,1254,Basic,Android,Card
C17184,19,Female,Mumbai,1600,Standard,Web,UPI
C17185,41,Female,Hyderabad,1333,Standard,Android,UPI
C17186,23,Male,Bengaluru,1072,Premium,Android,Net Banking
C17187,38,Female,Bengaluru,1218,Premium,Web,Card
C17188,36,Male,Delhi,648,Standard,Android,UPI
C17189,37,Male,Kolkata,759,Basic,Android,Wallet
C17190,48,Female,Chennai,2091,Standard,iOS,Card
C17191,24,Other,Bengaluru,1456,Premium,Android,UPI
C17192,36,Female,Chennai,1510,Premium,Android,Card
C17193,42,Male,Chennai,339,Premium,Android,Card
C17194,25,Male,Jaipur,869,Basic,iOS,UPI
C17195,24,Female,Indore,506,Standard,iOS,UPI
C17196,28,Female,Mumbai,2087,Basic,iOS,Card
C17197,34,Male,Kanpur,2188,Basic,Web,UPI
C17198,18,Male,Ahmedabad,757,Standard,iOS,Net Banking
C17199,36,Male,Kolkata,931,Basic,Android,Wallet
C17200,18,Female,Bengaluru,1516,Basic,iOS,Card
C17201,43,Female,Bengaluru,350,Basic,Web,Card
C17202,36,Male,Mumbai,1247,Basic,Android,Card
C17203,48,Male,Chandigarh,500,Basic,iOS,UPI
C17204,37,Female,Pune,1175,Standard,Android,UPI
C17205,28,Male,Hyderabad,1601,Basic,Android,Card
C17206,24,Male,Chennai,1634,Standard,iOS,UPI
C17207,33,Male,Mumbai,282,Standard,Android,Card
C17208,31,Male,Delhi,658,Basic,Android,UPI
C17209,42,Female,Pune,798,Standard,Android,Card
C17210,23,Female,Chennai,1604,Basic,iOS,Net Banking
C17211,49,Male,Jaipur,742,Premium,iOS,Card
C17212,42,Male,Kolkata,1035,Premium,Web,UPI
C17213,29,Male,Pune,524,Premium,iOS,Card
C17214,47,Female,Lucknow,778,Standard,Web,Net Banking
C17215,24,Female,Mumbai,1064,Standard,Android,UPI
C17216,33,Male,Kolkata,486,Basic,Android,Card
C17217,20,Male,Ahmedabad,268,Premium,iOS,UPI
C17218,48,Female,Bengaluru,338,Basic,iOS,UPI
C17219,18,Female,Delhi,1020,Standard,Web,UPI
C17220,18,Male,Delhi,385,Standard,iOS,UPI
C17221,25,Female,Delhi,100,Standard,Android,Card
C17222,43,Female,Chennai,1839,Standard,iOS,Card
C17223,40,Male,Mumbai,2135,Basic,Android,UPI
C17224,32,Female,Kolkata,1139,Basic,Android,UPI
C17225,40,Female,Mumbai,1342,Standard,iOS,Card
C17226,30,Female,Mumbai,391,Premium,iOS,UPI
C17227,35,Female,Bengaluru,192,Basic,Android,Card
C17228,46,Male,Delhi,202,Standard,iOS,Card
C17229,29,Male,Chandigarh,443,Standard,Web,UPI
C17230,24,Female,Bengaluru,271,Basic,Android,Wallet
C17231,35,Female,Delhi,1628,Basic,Android,UPI
C17232,38,Female,Delhi,1701,Standard,Android,Wallet
C17233,32,Male,Bengaluru,1617,Basic,Android,UPI
C17234,40,Male,Pune,653,Premium,Android,Wallet
C17235,29,Male,Jaipur,822,Basic,Android,Card
C17236,32,Female,Bengaluru,808,Standard,Android,Wallet
C17237,34,Male,Pune,352,Basic,Android,Card
C17238,34,Male,Chennai,1056,Standard,Android,Wallet
C17239,46,Female,Lucknow,1192,Basic,Web,UPI
C17240,34,Female,Pune,473,Basic,Android,Card
C17241,28,Female,Bengaluru,629,Standard,Android,UPI
C17242,36,Male,Ahmedabad,1050,Standard,Android,Card
C17243,40,Female,Lucknow,240,Standard,Web,UPI
C17244,38,Female,Hyderabad,1308,Basic,Android,Net Banking
C17245,37,Male,Chandigarh,780,Basic,iOS,UPI
C17246,18,Male,Kanpur,1570,Basic,Android,UPI
C17247,18,Female,Delhi,1659,Basic,Android,Wallet
C17248,42,Male,Jaipur,834,Basic,Android,Net Banking
C17249,35,Female,Pune,798,Basic,iOS,Wallet
C17250,31,Female,Chennai,1175,Standard,Web,UPI
C17251,37,Male,Chennai,118,Basic,Android,Net Banking
C17252,48,Male,Lucknow,447,Basic,Web,UPI
C17253,44,Male,Pune,291,Standard,Android,Net Banking
C17254,40,Male,Chennai,646,Standard,Android,UPI
C17255,23,Male,Mumbai,1324,Standard,Web,Card
C17256,24,Female,Hyderabad,561,Basic,Android,UPI
C17257,18,Female,Noida,1163,Standard,iOS,UPI
C17258,37,Male,Ahmedabad,1531,Basic,iOS,Card
C17259,41,Male,Mumbai,1494,Standard,Android,UPI
C17260,42,Male,Kanpur,1182,Premium,Android,Card
C17261,37,Male,Lucknow,1270,Standard,Web,UPI
C17262,30,Female,Chennai,989,Premium,Web,UPI
C17263,26,Female,Mumbai,1108,Basic,Web,UPI
C17264,24,Female,Pune,1755,Basic,iOS,UPI
C17265,30,Male,Mumbai,1061,Basic,iOS,UPI
C17266,22,Male,Bengaluru,793,Basic,Android,Card
C17267,47,Male,Pune,2116,Basic,iOS,UPI
C17268,19,Male,Noida,2019,Premium,Android,UPI
C17269,29,Female,Bengaluru,1901,Standard,Android,UPI
C17270,18,Female,Lucknow,1811,Premium,iOS,Card
C17271,34,Female,Noida,860,Premium,Android,UPI
C17272,31,Other,Mumbai,2112,Standard,Android,Card
C17273,28,Male,Delhi,1448,Premium,iOS,Card
C17274,23,Male,Ahmedabad,1963,Basic,iOS,UPI
C17275,31,Male,Ahmedabad,74,Premium,Android,Net Banking
C17276,26,Female,Hyderabad,261,Standard,Android,Card
C17277,30,Male,Kolkata,75,Standard,iOS,Net Banking
C17278,49,Male,Pune,2193,Standard,Android,UPI
C17279,33,Female,Ahmedabad,721,Premium,Android,Card
C17280,36,Male,Ahmedabad,114,Premium,iOS,Card
C17281,27,Female,Mumbai,1667,Basic,Android,UPI
C17282,24,Male,Delhi,1747,Basic,Android,Net Banking
C17283,31,Female,Mumbai,2038,Basic,Android,Net Banking
C17284,54,Female,Gurugram,1286,Standard,Web,Card
C17285,28,Male,Noida,1512,Basic,iOS,Net Banking
C17286,34,Female,Jaipur,1370,Standard,iOS,UPI
C17287,24,Female,Mumbai,1562,Basic,iOS,Card
C17288,18,Male,Pune,1152,Premium,Android,UPI
C17289,24,Female,Delhi,99,Standard,Android,Wallet
C17290,52,Male,Bengaluru,393,Standard,Android,Card
C17291,36,Male,Bengaluru,2048,Basic,Android,Net Banking
C17292,46,Female,Lucknow,134,Standard,Android,UPI
C17293,28,Other,Delhi,218,Basic,Web,UPI
C17294,18,Female,Kolkata,1766,Standard,Android,Card
C17295,21,Female,Chandigarh,2084,Premium,Android,UPI
C17296,35,Female,Kolkata,999,Standard,Android,UPI
C17297,33,Male,Mumbai,337,Premium,Android,Card
C17298,31,Female,Noida,1306,Standard,Android,UPI
C17299,26,Female,Kolkata,102,Standard,Web,Card
C17300,39,Male,Hyderabad,812,Premium,Android,Net Banking
C17301,26,Male,Kolkata,1253,Standard,iOS,Card
C17302,34,Female,Kanpur,1940,Premium,iOS,UPI
C17303,33,Female,Chennai,276,Standard,Android,UPI
C17304,28,Female,Chennai,1346,Basic,Android,UPI
C17305,23,Female,Hyderabad,92,Basic,Android,UPI
C17306,27,Male,Mumbai,1039,Standard,Web,Net Banking
C17307,48,Female,Jaipur,1479,Premium,iOS,UPI
C17308,41,Female,Mumbai,108,Standard,Android,Net Banking
C17309,40,Female,Hyderabad,1632,Basic,Android,UPI
C17310,24,Male,Hyderabad,2168,Standard,iOS,Net Banking
C17311,18,Male,Bengaluru,665,Standard,Android,UPI
C17312,41,Female,Hyderabad,1672,Standard,Android,Net Banking
C17313,39,Male,Pune,1187,Standard,iOS,Net Banking
C17314,32,Male,Bengaluru,2022,Premium,Web,UPI
C17315,28,Female,Delhi,1301,Standard,Web,Wallet
C17316,18,Female,Kanpur,1772,Basic,iOS,UPI
C17317,39,Female,Indore,379,Standard,Web,UPI
C17318,42,Male,Hyderabad,584,Basic,Android,Wallet
C17319,25,Female,Bengaluru,984,Standard,Android,UPI
C17320,24,Female,Mumbai,1990,Premium,Android,UPI
C17321,42,Male,Mumbai,1412,Standard,iOS,UPI
C17322,25,Male,Hyderabad,490,Premium,iOS,Wallet
C17323,47,Male,Noida,1951,Standard,Web,Net Banking
C17324,30,Female,Ahmedabad,1372,Standard,Android,UPI
C17325,28,Female,Bengaluru,938,Standard,Android,UPI
C17326,31,Male,Indore,863,Standard,Android,UPI
C17327,28,Male,Hyderabad,1547,Basic,iOS,Card
C17328,41,Other,Bengaluru,1942,Basic,iOS,UPI
C17329,39,Male,Hyderabad,1118,Standard,iOS,UPI
C17330,41,Male,Delhi,1861,Basic,Android,Card
C17331,33,Female,Kanpur,1564,Basic,Android,UPI
C17332,27,Other,Bengaluru,190,Standard,Android,UPI
C17333,31,Male,Kolkata,1742,Premium,Android,Card
C17334,27,Female,Hyderabad,1246,Basic,Android,Card
C17335,44,Female,Noida,1181,Standard,Web,UPI
C17336,40,Male,Kolkata,1359,Basic,iOS,Card
C17337,30,Female,Chennai,162,Basic,iOS,Card
C17338,23,Male,Mumbai,1999,Basic,Android,Net Banking
C17339,45,Male,Noida,1929,Basic,Android,Card
C17340,32,Female,Chennai,2196,Basic,Android,UPI
C17341,30,Other,Bengaluru,1334,Basic,Android,Card
C17342,45,Male,Kanpur,549,Standard,Android,UPI
C17343,26,Female,Mumbai,1333,Basic,Android,UPI
C17344,28,Female,Bengaluru,641,Basic,Web,UPI
C17345,29,Male,Chennai,1135,Basic,Web,Wallet
C17346,19,Female,Bengaluru,1768,Premium,Web,Card
C17347,34,Male,Chennai,407,Basic,Android,Card
C17348,24,Female,Bengaluru,1016,Standard,Android,Card
C17349,26,Male,Mumbai,1084,Standard,Android,UPI
C17350,25,Male,Mumbai,2047,Basic,iOS,UPI
C17351,26,Female,Delhi,1194,Basic,Android,UPI
C17352,23,Male,Gurugram,769,Standard,Android,UPI
C17353,33,Female,Pune,862,Premium,Android,Net Banking
C17354,30,Female,Chennai,688,Premium,Android,UPI
C17355,31,Female,Hyderabad,353,Basic,Android,Card
C17356,52,Female,Ahmedabad,1571,Basic,Android,UPI
C17357,30,Female,Delhi,1684,Basic,Android,UPI
C17358,36,Female,Bengaluru,461,Basic,Web,UPI
C17359,37,Female,Kolkata,1020,Premium,Android,Wallet
C17360,30,Female,Chennai,1663,Basic,Android,UPI
C17361,33,Female,Jaipur,1550,Basic,Web,UPI
C17362,31,Male,Kanpur,203,Basic,Web,UPI
C17363,33,Female,Lucknow,131,Premium,Android,UPI
C17364,26,Male,Delhi,184,Standard,iOS,Card
C17365,27,Female,Mumbai,1124,Basic,Android,Net Banking
C17366,31,Female,Delhi,2013,Basic,iOS,UPI
C17367,18,Female,Jaipur,190,Basic,Web,UPI
C17368,44,Female,Noida,1551,Basic,Android,Card
C17369,50,Male,Noida,1621,Premium,Android,UPI
C17370,33,Male,Bengaluru,2121,Standard,iOS,UPI
C17371,37,Female,Lucknow,1290,Standard,iOS,UPI
C17372,41,Female,Chennai,2102,Standard,Web,Card
C17373,19,Male,Lucknow,1009,Standard,Android,Wallet
C17374,39,Female,Chennai,605,Standard,Android,UPI
C17375,27,Male,Delhi,2141,Basic,iOS,UPI
C17376,52,Male,Mumbai,1161,Standard,Android,Card
C17377,29,Female,Indore,737,Standard,Android,UPI
C17378,39,Female,Hyderabad,1425,Basic,Android,UPI
C17379,29,Female,Bengaluru,947,Basic,Android,UPI
C17380,51,Male,Bengaluru,1652,Premium,Android,UPI
C17381,26,Male,Hyderabad,1630,Premium,iOS,UPI
C17382,41,Female,Gurugram,70,Basic,Android,UPI
C17383,37,Male,Mumbai,1169,Basic,Android,Net Banking
C17384,35,Female,Mumbai,1884,Standard,iOS,UPI
C17385,33,Female,Jaipur,1458,Standard,Android,Card
C17386,25,Male,Chennai,1592,Standard,iOS,Card
C17387,18,Male,Mumbai,2148,Premium,Web,Wallet
C17388,41,Male,Mumbai,775,Premium,Android,Card
C17389,27,Male,Delhi,1539,Basic,Web,Net Banking
C17390,42,Male,Bengaluru,94,Basic,Web,UPI
C17391,34,Male,Mumbai,357,Basic,Android,UPI
C17392,42,Male,Delhi,1544,Premium,iOS,UPI
C17393,38,Male,Ahmedabad,484,Standard,Android,Card
C17394,18,Male,Lucknow,1738,Premium,iOS,UPI
C17395,37,Male,Kanpur,1917,Standard,iOS,UPI
C17396,28,Male,Hyderabad,1969,Standard,Web,UPI
C17397,41,Male,Bengaluru,134,Basic,Android,UPI
C17398,36,Female,Chandigarh,736,Basic,iOS,UPI
C17399,36,Male,Jaipur,1134,Premium,Android,Card
C17400,29,Male,Chennai,64,Standard,Web,Card
C17401,23,Male,Delhi,1995,Premium,Android,Wallet
C17402,27,Male,Bengaluru,2124,Basic,Android,Wallet
C17403,18,Female,Chennai,1714,Standard,Web,UPI
C17404,26,Female,Chennai,632,Standard,Android,UPI
C17405,18,Female,Mumbai,280,Basic,iOS,UPI
C17406,18,Male,Indore,1823,Standard,Android,Net Banking
C17407,32,Male,Pune,1636,Premium,Android,UPI
C17408,36,Male,Pune,2082,Standard,Web,UPI
C17409,31,Female,Delhi,859,Standard,Web,UPI
C17410,27,Other,Jaipur,395,Standard,Android,UPI
C17411,22,Female,Ahmedabad,1985,Standard,iOS,UPI
C17412,28,Female,Mumbai,263,Standard,Android,Card
C17413,24,Male,Pune,1272,Standard,Web,UPI
C17414,30,Male,Kolkata,1053,Standard,iOS,Wallet
C17415,18,Male,Lucknow,1220,Standard,Android,Wallet
C17416,37,Male,Delhi,903,Premium,Android,Card
C17417,26,Female,Kanpur,48,Premium,Android,UPI
C17418,34,Female,Hyderabad,1379,Standard,Web,UPI
C17419,39,Male,Mumbai,571,Basic,Android,UPI
C17420,34,Male,Mumbai,284,Premium,Android,Card
C17421,38,Male,Delhi,925,Basic,Android,UPI
C17422,18,Female,Bengaluru,660,Basic,iOS,UPI
C17423,27,Female,Chennai,1600,Basic,iOS,UPI
C17424,41,Male,Ahmedabad,815,Standard,Android,UPI
C17425,36,Male,Delhi,1158,Basic,Android,UPI
C17426,48,Female,Chandigarh,1082,Basic,Android,UPI
C17427,46,Female,Delhi,1880,Standard,iOS,UPI
C17428,34,Female,Pune,253,Standard,Web,Wallet
C17429,29,Female,Noida,104,Basic,Web,Card
C17430,22,Male,Lucknow,1911,Basic,Android,UPI
C17431,27,Female,Kolkata,730,Standard,Android,Net Banking
C17432,27,Female,Ahmedabad,1587,Basic,Android,Card
C17433,26,Male,Mumbai,1326,Basic,iOS,UPI
C17434,23,Male,Mumbai,1686,Premium,iOS,Card
C17435,35,Female,Hyderabad,1459,Standard,Android,UPI
C17436,46,Male,Mumbai,560,Standard,Android,Net Banking
C17437,39,Male,Bengaluru,1120,Standard,Android,UPI
C17438,28,Female,Delhi,694,Standard,Android,UPI
C17439,40,Male,Noida,895,Standard,Web,UPI
C17440,34,Female,Kanpur,1212,Standard,Android,Net Banking
C17441,31,Other,Lucknow,185,Standard,iOS,Card
C17442,30,Male,Ahmedabad,97,Basic,Web,Wallet
C17443,29,Male,Delhi,1540,Standard,Android,UPI
C17444,37,Female,Mumbai,221,Basic,Android,Wallet
C17445,32,Female,Kolkata,1991,Standard,Android,UPI
C17446,24,Male,Kolkata,1424,Standard,iOS,UPI
C17447,24,Male,Bengaluru,1785,Standard,Android,UPI
C17448,34,Male,Hyderabad,1052,Standard,Web,UPI
C17449,35,Female,Chennai,1551,Standard,iOS,UPI
C17450,28,Male,Delhi,433,Standard,iOS,Card
C17451,21,Female,Bengaluru,1406,Basic,iOS,UPI
C17452,42,Female,Hyderabad,704,Premium,Android,Wallet
C17453,40,Male,Pune,1705,Basic,iOS,Wallet
C17454,18,Male,Indore,826,Standard,iOS,Wallet
C17455,43,Male,Chennai,1715,Standard,Android,UPI
C17456,29,Female,Ahmedabad,1970,Standard,Android,UPI
C17457,33,Male,Jaipur,45,Standard,Android,Wallet
C17458,41,Male,Mumbai,165,Basic,Android,UPI
C17459,46,Female,Kolkata,806,Standard,Android,UPI
C17460,40,Male,Chennai,1216,Standard,Android,Card
C17461,33,Male,Pune,1913,Standard,Web,Card
C17462,19,Female,Mumbai,983,Standard,Android,UPI
C17463,18,Male,Noida,1876,Basic,Android,UPI
C17464,39,Male,Gurugram,1613,Standard,Android,UPI
C17465,43,Male,Mumbai,1570,Basic,Android,UPI
C17466,24,Female,Delhi,2004,Standard,Web,UPI
C17467,29,Male,Delhi,700,Basic,Android,Wallet
C17468,26,Male,Jaipur,1483,Standard,Android,Card
C17469,26,Male,Pune,1761,Basic,Android,UPI
C17470,41,Female,Delhi,2131,Basic,Android,UPI
C17471,33,Female,Lucknow,532,Standard,iOS,Wallet
C17472,29,Male,Bengaluru,1737,Standard,Android,Card
C17473,55,Male,Hyderabad,516,Standard,iOS,UPI
C17474,18,Male,Hyderabad,2117,Premium,Android,Wallet
C17475,36,Female,Chennai,1192,Basic,iOS,Wallet
C17476,22,Male,Chennai,1929,Basic,Android,UPI
C17477,30,Female,Bengaluru,1269,Standard,Android,Card
C17478,32,Male,Hyderabad,193,Standard,Android,Card
C17479,39,Male,Noida,792,Basic,Android,Net Banking
C17480,29,Female,Chennai,1351,Basic,Android,UPI
C17481,28,Female,Noida,1340,Standard,iOS,Card
C17482,28,Male,Chennai,1223,Standard,Web,UPI
C17483,21,Male,Jaipur,1568,Premium,iOS,UPI
C17484,37,Male,Bengaluru,1282,Basic,Android,Card
C17485,34,Female,Jaipur,421,Basic,Android,UPI
C17486,35,Male,Bengaluru,199,Standard,Web,Card
C17487,30,Male,Mumbai,656,Basic,Android,UPI
C17488,29,Female,Delhi,329,Standard,Android,Net Banking
C17489,42,Male,Mumbai,1548,Basic,Web,Card
C17490,40,Female,Gurugram,2150,Standard,Android,Card
C17491,44,Male,Chandigarh,2042,Premium,iOS,Card
C17492,34,Male,Ahmedabad,1259,Premium,Android,Net Banking
C17493,43,Female,Mumbai,1949,Basic,iOS,UPI
C17494,27,Female,Kanpur,1457,Basic,Android,Card
C17495,29,Female,Ahmedabad,311,Premium,Web,Wallet
C17496,42,Female,Bengaluru,1302,Standard,Android,UPI
C17497,39,Male,Chennai,1266,Standard,Android,UPI
C17498,28,Male,Kolkata,1223,Standard,iOS,UPI
C17499,22,Female,Mumbai,1766,Basic,iOS,UPI
C17500,29,Female,Chennai,2170,Standard,Android,Net Banking
C17501,25,Female,Ahmedabad,544,Premium,Android,UPI
C17502,47,Male,Delhi,67,Standard,Android,UPI
C17503,38,Female,Hyderabad,1425,Standard,Web,UPI
C17504,24,Female,Chennai,269,Premium,iOS,Card
C17505,22,Male,Ahmedabad,957,Basic,Android,UPI
C17506,24,Male,Indore,2053,Premium,Android,Card
C17507,26,Male,Lucknow,1468,Basic,Android,Card
C17508,29,Female,Pune,2064,Premium,Web,Card
C17509,41,Female,Pune,99,Basic,Android,Wallet
C17510,22,Male,Pune,1563,Basic,Android,Card
C17511,52,Male,Chennai,709,Standard,Android,UPI
C17512,23,Male,Mumbai,191,Premium,iOS,Net Banking
C17513,18,Male,Kolkata,696,Standard,iOS,UPI
C17514,46,Female,Ahmedabad,2055,Standard,iOS,Wallet
C17515,43,Male,Chennai,938,Premium,iOS,Wallet
C17516,29,Female,Kanpur,2021,Standard,iOS,UPI
C17517,34,Female,Kolkata,278,Premium,Web,UPI
C17518,35,Male,Bengaluru,1454,Basic,Android,Card
C17519,32,Female,Mumbai,977,Basic,Android,UPI
C17520,19,Female,Mumbai,679,Basic,Android,UPI
C17521,18,Female,Bengaluru,1205,Premium,iOS,Wallet
C17522,23,Female,Hyderabad,1362,Basic,Android,UPI
C17523,47,Male,Delhi,87,Basic,Android,UPI
C17524,48,Male,Delhi,1448,Basic,iOS,UPI
C17525,29,Female,Delhi,682,Basic,Android,Card
C17526,22,Female,Jaipur,1774,Standard,iOS,Wallet
C17527,34,Male,Jaipur,414,Basic,iOS,Wallet
C17528,35,Female,Hyderabad,650,Premium,Web,UPI
C17529,36,Male,Delhi,2139,Premium,iOS,UPI
C17530,18,Female,Mumbai,566,Standard,Android,Wallet
C17531,59,Male,Mumbai,312,Basic,Android,Wallet
C17532,41,Female,Hyderabad,1224,Premium,Android,UPI
C17533,29,Male,Mumbai,1391,Standard,Android,UPI
C17534,25,Male,Bengaluru,1259,Basic,iOS,Card
C17535,40,Female,Indore,902,Basic,iOS,UPI
C17536,35,Female,Chennai,262,Basic,iOS,Card
C17537,32,Male,Lucknow,653,Standard,iOS,UPI
C17538,35,Other,Mumbai,152,Basic,iOS,Net Banking
C17539,30,Male,Bengaluru,1883,Standard,iOS,UPI
C17540,35,Female,Gurugram,593,Standard,Android,UPI
C17541,38,Male,Hyderabad,1471,Basic,Android,UPI
C17542,34,Female,Kolkata,594,Basic,Android,UPI
C17543,34,Male,Indore,1376,Standard,iOS,Card
C17544,44,Male,Chennai,228,Basic,Web,UPI
C17545,18,Female,Bengaluru,233,Basic,Web,UPI
C17546,24,Male,Chennai,715,Standard,Android,Card
C17547,31,Male,Mumbai,591,Basic,Web,UPI
C17548,24,Female,Mumbai,728,Basic,Web,Card
C17549,27,Male,Mumbai,629,Standard,Android,UPI
C17550,43,Male,Kanpur,1536,Standard,Android,Wallet
C17551,30,Male,Kolkata,972,Basic,Web,Wallet
C17552,18,Male,Bengaluru,364,Standard,Android,UPI
C17553,27,Male,Delhi,2029,Standard,Web,Card
C17554,32,Male,Kolkata,1408,Basic,Android,Net Banking
C17555,31,Female,Noida,905,Premium,Android,Net Banking
C17556,36,Male,Bengaluru,1135,Standard,Android,Net Banking
C17557,35,Male,Bengaluru,741,Premium,Android,UPI
C17558,30,Male,Lucknow,882,Basic,iOS,UPI
C17559,20,Female,Kanpur,183,Basic,Android,Wallet
C17560,27,Male,Noida,1833,Standard,Android,UPI
C17561,25,Male,Bengaluru,865,Premium,Web,UPI
C17562,28,Female,Mumbai,1540,Standard,Android,UPI
C17563,37,Female,Hyderabad,143,Standard,Android,UPI
C17564,35,Male,Bengaluru,228,Standard,Web,UPI
C17565,38,Female,Kanpur,822,Basic,Web,UPI
C17566,28,Female,Mumbai,112,Standard,iOS,UPI
C17567,45,Female,Kolkata,2130,Standard,Android,UPI
C17568,37,Male,Noida,115,Basic,Android,Card
C17569,32,Other,Indore,1236,Basic,iOS,Card
C17570,36,Male,Kolkata,791,Basic,iOS,Net Banking
C17571,25,Male,Gurugram,483,Basic,iOS,UPI
C17572,18,Male,Mumbai,335,Basic,Android,Card
C17573,26,Female,Bengaluru,679,Basic,iOS,UPI
C17574,38,Female,Mumbai,141,Standard,iOS,UPI
C17575,32,Female,Chandigarh,1269,Standard,Web,UPI
C17576,30,Female,Noida,539,Basic,Android,Wallet
C17577,23,Male,Mumbai,71,Standard,Android,UPI
C17578,18,Male,Mumbai,280,Basic,Android,UPI
C17579,44,Male,Bengaluru,1982,Standard,iOS,UPI
C17580,29,Male,Bengaluru,550,Premium,Web,UPI
C17581,27,Male,Lucknow,1284,Standard,Android,UPI
C17582,25,Female,Delhi,918,Standard,Android,UPI
C17583,42,Female,Jaipur,1098,Standard,iOS,UPI
C17584,39,Male,Pune,1883,Basic,Android,UPI
C17585,22,Male,Hyderabad,1584,Standard,iOS,Card
C17586,41,Female,Delhi,1225,Basic,Android,Net Banking
C17587,30,Female,Chandigarh,464,Standard,Web,Wallet
C17588,26,Male,Pune,1874,Premium,Android,UPI
C17589,28,Male,Hyderabad,76,Standard,iOS,UPI
C17590,24,Male,Bengaluru,1239,Standard,Android,Wallet
C17591,19,Other,Noida,1365,Standard,Android,Card
C17592,38,Female,Lucknow,2082,Standard,Android,UPI
C17593,29,Male,Jaipur,377,Standard,Android,UPI
C17594,37,Male,Pune,656,Premium,iOS,Net Banking
C17595,34,Male,Kanpur,56,Standard,iOS,Net Banking
C17596,36,Male,Bengaluru,566,Standard,Android,UPI
C17597,18,Male,Ahmedabad,2045,Basic,iOS,UPI
C17598,23,Female,Hyderabad,48,Standard,Android,Card
C17599,36,Male,Pune,1740,Basic,Android,UPI
C17600,20,Male,Chandigarh,2058,Basic,Android,Net Banking
C17601,34,Female,Chandigarh,277,Standard,iOS,UPI
C17602,18,Male,Chennai,812,Premium,Android,UPI
C17603,31,Male,Pune,1975,Standard,Android,Card
C17604,45,Male,Kanpur,1592,Basic,Android,Net Banking
C17605,38,Female,Chandigarh,176,Basic,Android,Card
C17606,18,Female,Jaipur,1908,Basic,Android,UPI
C17607,39,Female,Mumbai,1772,Basic,Android,Card
C17608,47,Male,Bengaluru,706,Basic,iOS,Net Banking
C17609,56,Female,Kanpur,929,Basic,Android,UPI
C17610,35,Male,Jaipur,691,Basic,Android,Card
C17611,19,Male,Ahmedabad,1154,Basic,iOS,Card
C17612,35,Female,Kolkata,1721,Basic,Android,Wallet
C17613,45,Female,Hyderabad,1480,Premium,Android,UPI
C17614,29,Female,Hyderabad,2131,Premium,iOS,Net Banking
C17615,40,Male,Jaipur,244,Standard,Android,Card
C17616,23,Male,Bengaluru,2035,Basic,iOS,UPI
C17617,34,Female,Kolkata,1999,Basic,iOS,Wallet
C17618,18,Female,Ahmedabad,859,Standard,Web,UPI
C17619,22,Male,Lucknow,341,Standard,Android,Net Banking
C17620,31,Female,Bengaluru,519,Standard,iOS,UPI
C17621,28,Male,Ahmedabad,2073,Standard,iOS,Card
C17622,19,Female,Mumbai,50,Standard,iOS,Net Banking
C17623,27,Male,Mumbai,228,Premium,Android,Wallet
C17624,34,Female,Hyderabad,187,Standard,iOS,Net Banking
C17625,30,Male,Mumbai,403,Basic,Android,UPI
C17626,32,Female,Gurugram,1742,Basic,Android,Card
C17627,38,Female,Noida,154,Standard,Android,Card
C17628,28,Male,Mumbai,2123,Basic,Web,UPI
C17629,43,Female,Lucknow,893,Basic,iOS,UPI
C17630,22,Female,Chennai,1183,Standard,iOS,Net Banking
C17631,48,Female,Kolkata,1312,Standard,iOS,UPI
C17632,41,Male,Kanpur,1790,Premium,Android,UPI
C17633,28,Male,Pune,1386,Basic,Android,Net Banking
C17634,28,Male,Mumbai,162,Premium,iOS,UPI
C17635,33,Female,Mumbai,1827,Basic,iOS,Net Banking
C17636,36,Female,Chennai,221,Premium,iOS,UPI
C17637,41,Female,Gurugram,1176,Basic,Android,Net Banking
C17638,19,Female,Pune,1910,Standard,iOS,UPI
C17639,35,Female,Bengaluru,1136,Premium,iOS,UPI
C17640,18,Male,Mumbai,939,Basic,Android,UPI
C17641,29,Male,Noida,737,Standard,iOS,Card
C17642,44,Male,Bengaluru,1733,Standard,Android,UPI
C17643,18,Male,Ahmedabad,1442,Basic,Android,Card
C17644,18,Male,Kolkata,1789,Standard,iOS,UPI
C17645,33,Female,Delhi,2001,Basic,Android,Card
C17646,43,Male,Mumbai,1314,Standard,iOS,UPI
C17647,34,Female,Hyderabad,801,Basic,iOS,UPI
C17648,18,Male,Bengaluru,1317,Standard,Android,Card
C17649,18,Female,Kolkata,803,Standard,iOS,UPI
C17650,32,Male,Lucknow,475,Basic,Android,UPI
C17651,20,Male,Delhi,775,Basic,Android,Card
C17652,32,Female,Chennai,1069,Standard,Android,UPI
C17653,33,Female,Mumbai,523,Basic,iOS,UPI
C17654,27,Male,Delhi,714,Standard,Android,Net Banking
C17655,47,Female,Ahmedabad,1259,Premium,Android,UPI
C17656,36,Female,Jaipur,322,Basic,Web,UPI
C17657,42,Female,Jaipur,259,Standard,Web,UPI
C17658,39,Female,Delhi,1710,Premium,Web,UPI
C17659,30,Male,Chennai,1841,Premium,Android,Wallet
C17660,29,Male,Hyderabad,710,Basic,iOS,Card
C17661,28,Male,Chandigarh,328,Standard,iOS,Net Banking
C17662,37,Male,Kolkata,1031,Basic,Android,UPI
C17663,25,Male,Gurugram,407,Standard,Android,UPI
C17664,47,Male,Delhi,1933,Basic,Android,UPI
C17665,24,Female,Hyderabad,178,Basic,iOS,UPI
C17666,33,Male,Jaipur,1122,Standard,iOS,UPI
C17667,29,Female,Bengaluru,857,Basic,Android,UPI
C17668,27,Female,Pune,1042,Standard,Android,UPI
C17669,51,Male,Chennai,1674,Basic,iOS,UPI
C17670,27,Male,Chandigarh,598,Premium,iOS,UPI
C17671,28,Male,Delhi,2004,Standard,Web,Net Banking
C17672,25,Male,Gurugram,2152,Standard,Android,Card
C17673,31,Female,Hyderabad,972,Basic,Web,UPI
C17674,30,Female,Hyderabad,866,Premium,Android,Card
C17675,21,Female,Chennai,540,Standard,Android,UPI
C17676,27,Female,Bengaluru,1795,Basic,Web,UPI
C17677,36,Male,Indore,1604,Standard,Android,Card
C17678,40,Male,Noida,1006,Basic,iOS,UPI
C17679,31,Female,Indore,1523,Basic,Android,UPI
C17680,32,Female,Chandigarh,828,Basic,iOS,UPI
C17681,28,Female,Kolkata,1509,Standard,Android,UPI
C17682,26,Male,Hyderabad,1809,Basic,Android,Card
C17683,23,Female,Lucknow,992,Standard,Android,Card
C17684,18,Female,Mumbai,1475,Basic,Web,UPI
C17685,25,Female,Lucknow,1256,Basic,Web,UPI
C17686,39,Female,Chennai,187,Basic,iOS,UPI
C17687,27,Female,Kolkata,164,Basic,Web,Net Banking
C17688,28,Male,Bengaluru,601,Basic,iOS,Card
C17689,28,Female,Bengaluru,572,Basic,Android,UPI
C17690,42,Female,Mumbai,442,Basic,Android,UPI
C17691,23,Female,Hyderabad,2041,Premium,iOS,UPI
C17692,33,Female,Hyderabad,1344,Basic,Android,Net Banking
C17693,30,Male,Delhi,120,Basic,Android,Wallet
C17694,32,Male,Delhi,1990,Standard,Android,UPI
C17695,33,Male,Pune,684,Standard,Web,UPI
C17696,32,Male,Bengaluru,2174,Basic,Android,UPI
C17697,38,Female,Lucknow,521,Premium,Android,UPI
C17698,31,Female,Mumbai,213,Standard,iOS,UPI
C17699,47,Female,Pune,312,Standard,iOS,Card
C17700,31,Male,Delhi,868,Standard,Android,Card
C17701,18,Male,Chennai,2035,Standard,iOS,UPI
C17702,37,Female,Chennai,1228,Basic,Android,Card
C17703,35,Male,Kolkata,303,Premium,Android,UPI
C17704,31,Female,Hyderabad,719,Basic,iOS,Card
C17705,29,Female,Chennai,1091,Standard,Web,UPI
C17706,18,Female,Delhi,1211,Basic,iOS,UPI
C17707,18,Female,Hyderabad,1851,Standard,Android,Card
C17708,46,Female,Bengaluru,129,Standard,Android,Net Banking
C17709,26,Male,Kolkata,38,Standard,Android,UPI
C17710,40,Female,Hyderabad,1593,Basic,Android,Card
C17711,18,Female,Jaipur,265,Standard,Android,UPI
C17712,22,Female,Hyderabad,1512,Premium,Android,Card
C17713,37,Female,Delhi,771,Basic,Android,UPI
C17714,30,Female,Bengaluru,872,Basic,Android,Card
C17715,36,Female,Mumbai,350,Standard,Android,UPI
C17716,31,Female,Chennai,1709,Standard,Android,UPI
C17717,29,Female,Lucknow,426,Basic,Android,UPI
C17718,25,Female,Jaipur,47,Basic,Android,UPI
C17719,20,Male,Hyderabad,1312,Standard,Android,UPI
C17720,44,Male,Delhi,358,Standard,Android,Wallet
C17721,45,Female,Kanpur,400,Basic,Android,Card
C17722,22,Male,Mumbai,503,Standard,Android,UPI
C17723,21,Male,Hyderabad,1416,Standard,iOS,UPI
C17724,28,Male,Lucknow,1661,Basic,Android,UPI
C17725,34,Male,Hyderabad,2016,Basic,iOS,Card
C17726,29,Male,Mumbai,2161,Basic,iOS,Card
C17727,35,Male,Bengaluru,527,Standard,Android,UPI
C17728,31,Female,Pune,497,Standard,iOS,UPI
C17729,30,Male,Delhi,490,Standard,Android,UPI
C17730,53,Male,Kolkata,436,Standard,Android,UPI
C17731,26,Male,Hyderabad,54,Basic,Android,UPI
C17732,46,Male,Bengaluru,1305,Standard,Android,Net Banking
C17733,44,Male,Delhi,61,Basic,Android,Wallet
C17734,36,Male,Lucknow,113,Standard,Android,Card
C17735,18,Male,Hyderabad,890,Premium,Android,UPI
C17736,31,Male,Ahmedabad,1788,Standard,Web,Wallet
C17737,26,Male,Hyderabad,1091,Standard,Android,UPI
C17738,31,Male,Mumbai,892,Basic,Android,UPI
C17739,21,Male,Hyderabad,426,Standard,iOS,Card
C17740,38,Female,Chennai,1505,Standard,iOS,UPI
C17741,40,Male,Hyderabad,730,Standard,Android,UPI
C17742,42,Male,Lucknow,2192,Premium,iOS,Card
C17743,28,Male,Noida,334,Premium,Android,UPI
C17744,21,Female,Jaipur,1734,Standard,Web,UPI
C17745,34,Female,Pune,1508,Premium,iOS,UPI
C17746,47,Female,Chennai,823,Standard,Android,Wallet
C17747,32,Female,Kolkata,882,Standard,iOS,UPI
C17748,35,Male,Bengaluru,2117,Basic,Android,UPI
C17749,29,Male,Jaipur,1623,Premium,Android,UPI
C17750,26,Male,Lucknow,123,Premium,Android,UPI
C17751,37,Female,Bengaluru,1224,Standard,iOS,UPI
C17752,30,Male,Noida,1635,Basic,Web,Net Banking
C17753,35,Male,Lucknow,848,Basic,Android,Card
C17754,36,Male,Hyderabad,1528,Basic,iOS,Net Banking
C17755,34,Female,Noida,1389,Standard,iOS,UPI
C17756,36,Male,Mumbai,741,Basic,Android,Card
C17757,23,Female,Mumbai,45,Standard,iOS,Wallet
C17758,23,Female,Bengaluru,106,Basic,Web,UPI
C17759,31,Male,Pune,1528,Standard,Android,UPI
C17760,31,Male,Bengaluru,1712,Standard,Android,Card
C17761,26,Female,Gurugram,835,Premium,iOS,Card
C17762,33,Male,Delhi,1062,Standard,iOS,UPI
C17763,39,Male,Bengaluru,1144,Basic,Android,Net Banking
C17764,42,Male,Kolkata,1946,Basic,Android,UPI
C17765,44,Female,Mumbai,1165,Premium,iOS,Wallet
C17766,19,Female,Ahmedabad,1268,Premium,Android,Net Banking
C17767,21,Male,Hyderabad,1241,Basic,iOS,UPI
C17768,28,Male,Indore,312,Basic,Android,UPI
C17769,32,Male,Kolkata,1554,Standard,Android,Card
C17770,29,Female,Mumbai,2000,Standard,iOS,UPI
C17771,26,Female,Mumbai,270,Standard,Android,UPI
C17772,28,Female,Mumbai,184,Basic,Android,Card
C17773,35,Male,Gurugram,1091,Premium,Android,Wallet
C17774,19,Male,Kolkata,1689,Standard,iOS,UPI
C17775,52,Female,Hyderabad,210,Standard,Android,Card
C17776,31,Male,Delhi,1643,Basic,iOS,Wallet
C17777,40,Male,Kanpur,538,Basic,Web,UPI
C17778,26,Female,Delhi,428,Basic,iOS,UPI
C17779,36,Female,Ahmedabad,440,Basic,Android,UPI
C17780,32,Male,Jaipur,1171,Premium,Android,UPI
C17781,39,Male,Bengaluru,1329,Standard,Android,UPI
C17782,29,Female,Chennai,1031,Premium,Android,UPI
C17783,45,Female,Delhi,1345,Standard,Android,UPI
C17784,18,Male,Hyderabad,1777,Basic,Android,UPI
C17785,40,Female,Indore,1833,Standard,iOS,UPI
C17786,32,Male,Kolkata,1612,Standard,iOS,UPI
C17787,22,Male,Lucknow,1162,Premium,iOS,Card
C17788,49,Female,Chennai,504,Standard,Android,Card
C17789,48,Male,Delhi,1645,Basic,Android,Card
C17790,18,Male,Ahmedabad,1490,Standard,iOS,UPI
C17791,33,Male,Chennai,1959,Standard,iOS,UPI
C17792,37,Female,Delhi,1575,Standard,Android,Card
C17793,35,Male,Hyderabad,319,Basic,Android,Net Banking
C17794,45,Male,Kolkata,1266,Basic,iOS,Card
C17795,43,Female,Ahmedabad,1594,Standard,Android,UPI
C17796,33,Female,Delhi,2193,Basic,Android,UPI
C17797,51,Male,Kanpur,741,Standard,Android,UPI
C17798,39,Female,Hyderabad,1896,Basic,Android,Wallet
C17799,28,Female,Bengaluru,633,Basic,Android,Card
C17800,26,Female,Delhi,847,Basic,Android,UPI
C17801,42,Male,Jaipur,2119,Basic,Android,UPI
C17802,24,Male,Bengaluru,386,Basic,iOS,UPI
C17803,27,Female,Chennai,478,Standard,Web,Card
C17804,29,Female,Delhi,1842,Basic,Android,UPI
C17805,34,Male,Kolkata,2014,Basic,Android,UPI
C17806,29,Male,Jaipur,257,Standard,Android,UPI
C17807,19,Female,Bengaluru,1817,Standard,Web,Net Banking
C17808,41,Female,Gurugram,1308,Standard,Android,UPI
C17809,27,Male,Mumbai,1936,Standard,Web,UPI
C17810,49,Female,Mumbai,1108,Basic,iOS,UPI
C17811,34,Female,Pune,1301,Standard,iOS,Card
C17812,42,Male,Kolkata,533,Basic,Android,UPI
C17813,37,Male,Delhi,1298,Basic,iOS,Card
C17814,43,Female,Chennai,937,Basic,Android,Card
C17815,36,Male,Bengaluru,903,Premium,iOS,UPI
C17816,33,Male,Chennai,637,Basic,iOS,Net Banking
C17817,41,Other,Kolkata,899,Standard,iOS,UPI
C17818,53,Male,Indore,394,Standard,iOS,Card
C17819,29,Male,Hyderabad,1875,Basic,Web,UPI
C17820,38,Male,Kolkata,908,Basic,Android,UPI
C17821,31,Female,Pune,871,Basic,Android,UPI
C17822,36,Male,Bengaluru,2155,Basic,Android,Card
C17823,31,Female,Delhi,1086,Premium,Android,UPI
C17824,18,Male,Chandigarh,1554,Basic,Android,Card
C17825,29,Female,Delhi,2192,Standard,Android,UPI
C17826,40,Male,Jaipur,1901,Basic,Android,Card
C17827,24,Male,Delhi,798,Standard,Android,UPI
C17828,39,Female,Jaipur,1185,Basic,Android,UPI
C17829,33,Male,Delhi,1815,Basic,iOS,UPI
C17830,29,Male,Indore,1115,Basic,Android,Card
C17831,39,Male,Kolkata,631,Premium,Web,UPI
C17832,37,Male,Mumbai,1177,Standard,Android,UPI
C17833,35,Male,Kolkata,84,Basic,Android,Net Banking
C17834,40,Female,Pune,1941,Standard,Web,UPI
C17835,33,Male,Bengaluru,1317,Standard,Web,Card
C17836,18,Male,Bengaluru,585,Standard,Android,Net Banking
C17837,28,Female,Ahmedabad,1070,Premium,Android,UPI
C17838,18,Male,Ahmedabad,98,Basic,Web,UPI
C17839,37,Male,Bengaluru,1737,Standard,Web,UPI
C17840,39,Female,Kanpur,1182,Standard,Web,Card
C17841,39,Female,Bengaluru,39,Standard,Android,Net Banking
C17842,35,Female,Mumbai,1027,Standard,Android,UPI
C17843,40,Female,Pune,183,Basic,Android,UPI
C17844,18,Male,Mumbai,870,Basic,iOS,UPI
C17845,30,Female,Bengaluru,1895,Standard,Android,UPI
C17846,18,Male,Chennai,1449,Premium,Android,UPI
C17847,28,Male,Bengaluru,1073,Basic,Web,Net Banking
C17848,46,Male,Delhi,1140,Standard,Android,UPI
C17849,41,Male,Ahmedabad,1128,Basic,Android,UPI
C17850,37,Male,Chennai,241,Basic,iOS,UPI
C17851,29,Female,Lucknow,518,Basic,Web,Wallet
C17852,22,Female,Pune,1801,Premium,Web,UPI
C17853,33,Female,Chennai,2039,Basic,Android,Card
C17854,41,Female,Bengaluru,346,Basic,iOS,Card
C17855,35,Female,Jaipur,2014,Basic,Web,Card
C17856,18,Male,Delhi,95,Standard,iOS,UPI
C17857,32,Female,Delhi,1151,Standard,Android,Card
C17858,18,Female,Lucknow,1825,Basic,iOS,UPI
C17859,38,Female,Ahmedabad,502,Basic,Android,UPI
C17860,25,Female,Pune,2089,Basic,Android,Net Banking
C17861,20,Male,Mumbai,2162,Basic,Android,Card
C17862,38,Female,Mumbai,951,Standard,Android,UPI
C17863,36,Female,Chennai,1966,Standard,iOS,Card
C17864,33,Female,Ahmedabad,201,Basic,Android,Card
C17865,51,Male,Hyderabad,1161,Standard,Android,Wallet
C17866,37,Female,Mumbai,664,Basic,Android,Card
C17867,25,Male,Delhi,1389,Basic,iOS,UPI
C17868,36,Male,Pune,573,Standard,Android,UPI
C17869,28,Male,Kolkata,984,Standard,iOS,UPI
C17870,42,Female,Mumbai,1617,Basic,Web,UPI
C17871,34,Male,Mumbai,477,Basic,iOS,Card
C17872,34,Female,Bengaluru,1857,Basic,Android,Card
C17873,18,Male,Mumbai,1508,Basic,iOS,UPI
C17874,32,Male,Chennai,574,Standard,Android,Net Banking
C17875,30,Female,Mumbai,1482,Standard,Android,UPI
C17876,22,Female,Kolkata,719,Basic,Android,Card
C17877,29,Male,Jaipur,1217,Standard,iOS,UPI
C17878,35,Male,Indore,1354,Premium,iOS,Card
C17879,31,Female,Gurugram,1797,Basic,Android,UPI
C17880,18,Male,Bengaluru,786,Standard,Web,UPI
C17881,29,Female,Mumbai,1010,Basic,Web,UPI
C17882,27,Male,Bengaluru,990,Standard,Android,Net Banking
C17883,33,Male,Ahmedabad,1898,Premium,Web,UPI
C17884,32,Female,Mumbai,1856,Premium,Android,UPI
C17885,27,Female,Bengaluru,500,Standard,Android,Net Banking
C17886,27,Female,Bengaluru,258,Standard,iOS,Card
C17887,32,Male,Delhi,2117,Standard,Android,Net Banking
C17888,40,Female,Ahmedabad,392,Standard,iOS,Wallet
C17889,34,Female,Kolkata,475,Premium,iOS,UPI
C17890,44,Male,Chennai,287,Standard,Android,Net Banking
C17891,41,Female,Noida,377,Basic,Android,UPI
C17892,44,Female,Mumbai,167,Basic,Android,Net Banking
C17893,43,Male,Delhi,1339,Standard,Android,Card
C17894,45,Male,Hyderabad,1136,Basic,iOS,Net Banking
C17895,21,Male,Kolkata,231,Standard,iOS,Card
C17896,37,Female,Pune,1445,Standard,Web,Card
C17897,42,Male,Mumbai,394,Standard,Android,Wallet
C17898,44,Male,Indore,1197,Standard,Android,UPI
C17899,24,Female,Bengaluru,1612,Basic,Android,UPI
C17900,37,Male,Bengaluru,954,Standard,iOS,Net Banking
C17901,32,Female,Pune,698,Standard,Android,Wallet
C17902,48,Female,Gurugram,1975,Basic,Android,Card
C17903,19,Male,Kolkata,1766,Standard,Android,UPI
C17904,24,Female,Gurugram,1862,Standard,iOS,UPI
C17905,18,Male,Delhi,367,Basic,Android,Card
C17906,32,Female,Pune,622,Basic,Android,Net Banking
C17907,51,Female,Lucknow,866,Basic,iOS,UPI
C17908,31,Female,Chennai,395,Standard,iOS,UPI
C17909,32,Female,Bengaluru,868,Basic,Android,UPI
C17910,36,Male,Chandigarh,567,Standard,Web,UPI
C17911,30,Male,Delhi,1072,Standard,iOS,Card
C17912,34,Male,Hyderabad,1565,Basic,iOS,UPI
C17913,35,Female,Kanpur,920,Standard,iOS,UPI
C17914,23,Female,Kanpur,1596,Basic,iOS,UPI
C17915,30,Female,Chandigarh,869,Basic,Web,Net Banking
C17916,38,Female,Kanpur,1102,Basic,Android,Card
C17917,39,Female,Mumbai,742,Standard,Android,Card
C17918,43,Female,Noida,213,Standard,iOS,Net Banking
C17919,34,Female,Hyderabad,62,Basic,Android,UPI
C17920,34,Male,Kolkata,427,Basic,Android,Wallet
C17921,38,Female,Hyderabad,1368,Basic,Android,UPI
C17922,26,Female,Lucknow,246,Basic,iOS,UPI
C17923,25,Female,Pune,1057,Basic,iOS,UPI
C17924,30,Male,Lucknow,318,Basic,iOS,Wallet
C17925,20,Male,Delhi,840,Standard,Android,UPI
C17926,35,Female,Delhi,616,Premium,Web,UPI
C17927,40,Male,Hyderabad,488,Basic,Android,UPI
C17928,25,Male,Mumbai,1148,Standard,Web,Wallet
C17929,35,Female,Kolkata,1964,Basic,Android,UPI
C17930,25,Female,Bengaluru,1446,Basic,Android,UPI
C17931,22,Male,Pune,546,Basic,Android,UPI
C17932,50,Female,Mumbai,1872,Basic,iOS,UPI
C17933,22,Female,Delhi,2028,Standard,Web,Net Banking
C17934,19,Male,Pune,1672,Basic,iOS,UPI
C17935,33,Female,Bengaluru,501,Standard,Web,UPI
C17936,33,Male,Delhi,393,Standard,Android,Net Banking
C17937,37,Male,Delhi,2137,Standard,Android,Net Banking
C17938,49,Male,Delhi,1958,Basic,Android,Wallet
C17939,24,Male,Pune,941,Basic,iOS,UPI
C17940,26,Male,Delhi,1021,Standard,Android,UPI
C17941,45,Female,Bengaluru,1185,Standard,Android,Net Banking
C17942,39,Male,Kolkata,1958,Standard,iOS,UPI
C17943,38,Female,Chennai,678,Basic,Android,UPI
C17944,26,Female,Pune,1502,Standard,iOS,Net Banking
C17945,41,Other,Delhi,2068,Standard,Android,UPI
C17946,38,Male,Gurugram,679,Basic,Android,Card
C17947,33,Male,Hyderabad,643,Premium,Android,Wallet
C17948,26,Male,Bengaluru,321,Standard,Web,Card
C17949,32,Female,Noida,1614,Basic,Android,Net Banking
C17950,46,Male,Kolkata,620,Basic,Android,Card
C17951,21,Female,Pune,74,Standard,Android,Net Banking
C17952,24,Female,Kanpur,1120,Standard,Web,Card
C17953,25,Female,Mumbai,1242,Premium,Android,UPI
C17954,27,Male,Lucknow,67,Standard,iOS,UPI
C17955,31,Male,Kolkata,1639,Basic,Android,Net Banking
C17956,40,Male,Bengaluru,1242,Basic,iOS,UPI
C17957,35,Male,Delhi,1051,Standard,Android,UPI
C17958,32,Female,Mumbai,775,Standard,Android,UPI
C17959,33,Female,Gurugram,1425,Premium,Web,UPI
C17960,37,Female,Delhi,1659,Standard,Android,Net Banking
C17961,18,Female,Bengaluru,1696,Premium,iOS,Wallet
C17962,41,Male,Kolkata,872,Standard,Web,UPI
C17963,24,Female,Ahmedabad,1115,Standard,Android,UPI
C17964,27,Male,Delhi,580,Standard,Web,Card
C17965,34,Female,Lucknow,503,Standard,Android,UPI
C17966,30,Female,Chennai,1901,Standard,Android,UPI
C17967,35,Male,Lucknow,890,Standard,Android,UPI
C17968,32,Male,Mumbai,623,Basic,iOS,UPI
C17969,28,Female,Mumbai,1615,Premium,Android,Card
C17970,45,Male,Kolkata,1541,Standard,Android,UPI
C17971,37,Male,Delhi,618,Standard,iOS,Card
C17972,34,Female,Chennai,409,Basic,Android,Card
C17973,37,Male,Mumbai,1401,Basic,Android,UPI
C17974,25,Male,Jaipur,2022,Standard,Android,UPI
C17975,51,Female,Kanpur,351,Basic,Android,UPI
C17976,21,Female,Lucknow,549,Basic,Android,Card
C17977,32,Female,Indore,2048,Basic,Android,UPI
C17978,28,Male,Noida,1619,Basic,Web,Net Banking
C17979,28,Male,Hyderabad,1338,Premium,iOS,Net Banking
C17980,27,Female,Hyderabad,758,Standard,Web,UPI
C17981,24,Male,Kanpur,1046,Basic,iOS,Wallet
C17982,42,Male,Noida,440,Premium,Web,UPI
C17983,20,Female,Indore,1791,Basic,Android,UPI
C17984,40,Male,Jaipur,1118,Premium,Android,UPI
C17985,37,Other,Delhi,1759,Premium,Android,Card
C17986,28,Male,Gurugram,1934,Standard,Android,UPI
C17987,36,Male,Gurugram,241,Standard,iOS,Wallet
C17988,30,Female,Kolkata,1901,Standard,Android,Net Banking
C17989,21,Female,Lucknow,696,Basic,Web,UPI
C17990,21,Female,Pune,741,Basic,Android,UPI
C17991,37,Male,Gurugram,1025,Basic,iOS,UPI
C17992,36,Female,Mumbai,675,Basic,iOS,UPI
C17993,33,Male,Kanpur,768,Basic,Android,UPI
C17994,27,Male,Mumbai,1534,Premium,iOS,Card
C17995,29,Female,Bengaluru,718,Basic,iOS,UPI
C17996,28,Male,Mumbai,1349,Standard,Android,Net Banking
C17997,18,Female,Chennai,794,Basic,Android,Wallet
C17998,32,Female,Delhi,735,Basic,iOS,UPI
C17999,36,Male,Gurugram,338,Standard,iOS,Card
C18000,32,Female,Pune,1904,Standard,Android,UPI
C18001,47,Female,Kanpur,289,Standard,iOS,UPI
C18002,22,Male,Bengaluru,1231,Standard,Android,Card
C18003,25,Male,Mumbai,594,Standard,Android,Card
C18004,32,Male,Jaipur,2174,Basic,Android,Card
C18005,33,Female,Kolkata,182,Standard,Android,UPI
C18006,18,Female,Chennai,953,Basic,Android,UPI
C18007,36,Female,Lucknow,1137,Basic,iOS,Net Banking
C18008,33,Female,Lucknow,2171,Premium,Web,Wallet
C18009,18,Male,Pune,362,Standard,Web,Card
C18010,30,Female,Indore,1837,Standard,Android,UPI
C18011,24,Male,Ahmedabad,176,Basic,iOS,UPI
C18012,27,Female,Kolkata,659,Standard,Web,UPI
C18013,19,Male,Bengaluru,1846,Premium,Android,Card
C18014,35,Female,Mumbai,847,Premium,Android,UPI
C18015,47,Female,Delhi,1304,Standard,Android,Net Banking
C18016,33,Female,Jaipur,879,Standard,Android,Wallet
C18017,18,Male,Ahmedabad,1979,Basic,Web,Net Banking
C18018,34,Male,Bengaluru,229,Basic,Android,Wallet
C18019,29,Male,Pune,2163,Basic,Android,UPI
C18020,21,Female,Delhi,537,Standard,iOS,UPI
C18021,34,Male,Bengaluru,1317,Premium,iOS,Card
C18022,39,Male,Gurugram,597,Premium,Android,UPI
C18023,25,Male,Hyderabad,1757,Basic,iOS,Wallet
C18024,18,Male,Delhi,1558,Basic,Android,UPI
C18025,18,Male,Chennai,376,Basic,Android,UPI
C18026,25,Male,Hyderabad,564,Standard,Android,Card
C18027,30,Other,Ahmedabad,1545,Standard,iOS,UPI
C18028,26,Male,Indore,1120,Standard,Android,UPI
C18029,25,Female,Pune,1222,Premium,Android,Card
C18030,36,Female,Pune,825,Standard,Web,Net Banking
C18031,35,Female,Bengaluru,1497,Standard,Web,UPI
C18032,33,Female,Pune,2046,Premium,Android,UPI
C18033,38,Female,Bengaluru,257,Standard,Android,Card
C18034,25,Male,Mumbai,1534,Basic,Android,Card
C18035,21,Male,Kanpur,2060,Basic,Android,UPI
C18036,26,Male,Hyderabad,511,Basic,Android,Card
C18037,26,Male,Chennai,935,Basic,iOS,UPI
C18038,18,Female,Mumbai,1259,Standard,Android,UPI
C18039,26,Female,Lucknow,1713,Standard,Android,Card
C18040,41,Male,Delhi,1521,Basic,iOS,UPI
C18041,38,Male,Hyderabad,2179,Basic,Android,Wallet
C18042,36,Male,Lucknow,1238,Basic,Android,Wallet
C18043,32,Male,Hyderabad,1925,Standard,iOS,UPI
C18044,44,Female,Gurugram,1158,Basic,Android,UPI
C18045,21,Male,Delhi,706,Basic,iOS,Card
C18046,22,Male,Ahmedabad,1493,Standard,Android,Card
C18047,41,Female,Indore,902,Standard,Android,UPI
C18048,31,Male,Chennai,1457,Basic,Android,UPI
C18049,25,Female,Kolkata,1437,Standard,iOS,UPI
C18050,36,Female,Hyderabad,190,Standard,Android,UPI
C18051,27,Female,Ahmedabad,1197,Standard,Web,UPI
C18052,23,Male,Noida,59,Standard,Web,UPI
C18053,23,Male,Ahmedabad,920,Basic,Android,UPI
C18054,34,Male,Gurugram,1455,Basic,Android,Card
C18055,33,Male,Pune,1447,Standard,Android,UPI
C18056,45,Female,Pune,254,Basic,Web,UPI
C18057,28,Male,Bengaluru,2003,Basic,Android,Card
C18058,28,Female,Ahmedabad,1631,Basic,Android,Net Banking
C18059,44,Male,Kanpur,701,Standard,Android,UPI
C18060,40,Female,Kolkata,1005,Standard,Android,Card
C18061,32,Male,Delhi,308,Standard,Android,UPI
C18062,18,Male,Chennai,816,Premium,Android,Net Banking
C18063,24,Female,Ahmedabad,1496,Standard,iOS,UPI
C18064,22,Male,Gurugram,1944,Standard,Android,UPI
C18065,31,Male,Delhi,1309,Basic,iOS,UPI
C18066,26,Female,Mumbai,643,Basic,Android,UPI
C18067,45,Female,Hyderabad,1995,Basic,Android,Card
C18068,18,Male,Mumbai,1211,Basic,iOS,Wallet
C18069,21,Female,Chandigarh,1641,Standard,iOS,Card
C18070,33,Female,Hyderabad,1567,Basic,iOS,UPI
C18071,36,Male,Chennai,891,Basic,Android,Net Banking
C18072,18,Male,Delhi,74,Standard,iOS,UPI
C18073,18,Female,Hyderabad,1404,Basic,iOS,Card
C18074,29,Male,Chandigarh,1965,Premium,Web,UPI
C18075,43,Male,Chennai,1901,Standard,iOS,UPI
C18076,48,Male,Mumbai,1895,Basic,Android,UPI
C18077,27,Male,Delhi,784,Basic,iOS,Wallet
C18078,29,Female,Indore,1995,Premium,Android,UPI
C18079,23,Female,Chandigarh,60,Standard,Android,Card
C18080,37,Male,Delhi,716,Premium,iOS,UPI
C18081,45,Male,Pune,1389,Basic,Android,UPI
C18082,42,Male,Mumbai,705,Standard,Android,Card
C18083,31,Male,Pune,86,Basic,Android,Card
C18084,23,Female,Mumbai,408,Basic,Android,UPI
C18085,31,Male,Lucknow,2064,Basic,iOS,Card
C18086,43,Female,Gurugram,959,Standard,iOS,Card
C18087,27,Male,Delhi,394,Standard,iOS,UPI
C18088,18,Male,Hyderabad,1373,Standard,Web,UPI
C18089,28,Male,Mumbai,842,Basic,Android,UPI
C18090,28,Female,Bengaluru,883,Premium,iOS,UPI
C18091,18,Male,Mumbai,2083,Basic,Android,UPI
C18092,33,Female,Bengaluru,1207,Premium,iOS,Card
C18093,36,Female,Chandigarh,203,Standard,iOS,Card
C18094,48,Female,Mumbai,2074,Basic,Web,UPI
C18095,19,Female,Lucknow,39,Standard,iOS,UPI
C18096,38,Female,Mumbai,1520,Standard,Android,UPI
C18097,40,Female,Chennai,254,Basic,iOS,UPI
C18098,36,Male,Hyderabad,619,Basic,Android,Wallet
C18099,22,Female,Gurugram,2169,Premium,Android,UPI
C18100,21,Male,Delhi,395,Premium,Android,UPI
C18101,32,Male,Delhi,2138,Standard,Android,Card
C18102,32,Female,Ahmedabad,664,Basic,iOS,UPI
C18103,26,Female,Ahmedabad,864,Basic,Android,Net Banking
C18104,43,Female,Kolkata,2064,Basic,Android,UPI
C18105,27,Female,Mumbai,1642,Standard,Android,Net Banking
C18106,18,Male,Bengaluru,668,Basic,Android,UPI
C18107,29,Male,Lucknow,1626,Basic,Android,Card
C18108,35,Female,Pune,1065,Standard,iOS,UPI
C18109,34,Female,Pune,246,Premium,iOS,UPI
C18110,34,Female,Bengaluru,577,Basic,Android,UPI
C18111,44,Female,Bengaluru,540,Basic,Android,UPI
C18112,21,Male,Gurugram,1058,Standard,Android,UPI
C18113,27,Male,Ahmedabad,1959,Basic,Web,UPI
C18114,45,Male,Mumbai,1265,Basic,Android,UPI
C18115,18,Male,Gurugram,389,Basic,Android,Card
C18116,31,Male,Pune,1348,Basic,Android,Card
C18117,42,Female,Bengaluru,1160,Standard,Android,Card
C18118,42,Male,Hyderabad,870,Basic,Android,Card
C18119,37,Male,Ahmedabad,559,Standard,iOS,UPI
C18120,37,Female,Hyderabad,1576,Basic,Android,UPI
C18121,22,Male,Pune,1240,Standard,iOS,Card
C18122,43,Male,Ahmedabad,962,Standard,Android,UPI
C18123,20,Female,Delhi,456,Standard,Android,Card
C18124,21,Male,Gurugram,291,Basic,Android,UPI
C18125,34,Female,Bengaluru,498,Standard,Android,UPI
C18126,27,Female,Hyderabad,1375,Premium,Android,Card
C18127,33,Female,Kolkata,131,Basic,Android,UPI
C18128,35,Male,Pune,185,Basic,iOS,Net Banking
C18129,47,Male,Hyderabad,2178,Basic,iOS,UPI
C18130,35,Male,Kolkata,611,Premium,iOS,UPI
C18131,25,Male,Noida,275,Basic,Android,Card
C18132,37,Female,Jaipur,2123,Basic,Android,Net Banking
C18133,24,Male,Lucknow,931,Premium,Android,UPI
C18134,39,Female,Bengaluru,32,Basic,Android,UPI
C18135,32,Male,Hyderabad,936,Basic,Android,UPI
C18136,35,Male,Chennai,74,Standard,Android,UPI
C18137,18,Female,Mumbai,688,Basic,iOS,UPI
C18138,18,Male,Jaipur,2081,Standard,Android,Net Banking
C18139,18,Female,Bengaluru,1752,Basic,Android,UPI
C18140,47,Male,Bengaluru,937,Standard,iOS,UPI
C18141,21,Male,Bengaluru,762,Standard,iOS,Card
C18142,38,Male,Bengaluru,1296,Basic,Android,Card
C18143,25,Male,Bengaluru,1387,Standard,Android,UPI
C18144,29,Female,Pune,1676,Premium,Android,Card
C18145,31,Male,Pune,1208,Basic,Android,Net Banking
C18146,46,Male,Delhi,197,Premium,Android,UPI
C18147,36,Male,Delhi,1904,Premium,iOS,Net Banking
C18148,34,Male,Lucknow,758,Basic,iOS,UPI
C18149,43,Female,Mumbai,1808,Standard,iOS,Net Banking
C18150,25,Male,Chennai,1789,Standard,Android,Card
C18151,41,Female,Chennai,502,Standard,Web,Net Banking
C18152,39,Male,Pune,1147,Standard,Android,Net Banking
C18153,39,Female,Kanpur,1657,Basic,Android,UPI
C18154,30,Male,Pune,806,Premium,Android,Card
C18155,27,Male,Indore,1749,Basic,Android,Card
C18156,23,Other,Kanpur,1166,Standard,iOS,UPI
C18157,24,Male,Delhi,2024,Premium,Android,UPI
C18158,23,Male,Delhi,1975,Basic,Android,UPI
C18159,34,Male,Bengaluru,2120,Standard,iOS,UPI
C18160,29,Female,Hyderabad,508,Standard,Android,UPI
C18161,35,Male,Chennai,1629,Premium,iOS,Card
C18162,35,Male,Delhi,1661,Standard,Web,UPI
C18163,21,Female,Delhi,1006,Standard,Android,UPI
C18164,21,Male,Hyderabad,395,Basic,Android,Net Banking
C18165,29,Female,Kolkata,665,Basic,Android,Card
C18166,24,Male,Kolkata,1147,Basic,Web,Net Banking
C18167,23,Male,Indore,1906,Standard,Web,Net Banking
C18168,46,Male,Delhi,2017,Standard,iOS,Net Banking
C18169,18,Female,Hyderabad,2016,Basic,iOS,Card
C18170,49,Female,Indore,2083,Basic,Android,UPI
C18171,34,Male,Kolkata,241,Basic,iOS,Card
C18172,40,Male,Pune,2190,Premium,iOS,UPI
C18173,39,Female,Chennai,1232,Basic,Android,Wallet
C18174,37,Male,Mumbai,246,Standard,iOS,Card
C18175,46,Male,Kanpur,310,Standard,iOS,Card
C18176,21,Male,Pune,583,Premium,Web,Card
C18177,30,Female,Pune,575,Standard,iOS,Card
C18178,23,Female,Chennai,270,Basic,iOS,Card
C18179,18,Male,Hyderabad,861,Basic,Web,UPI
C18180,25,Male,Delhi,1215,Basic,Android,UPI
C18181,48,Male,Ahmedabad,705,Standard,Android,Wallet
C18182,29,Female,Chennai,1479,Basic,Web,Card
C18183,49,Male,Mumbai,1583,Basic,iOS,UPI
C18184,50,Other,Hyderabad,897,Basic,Web,UPI
C18185,58,Female,Noida,201,Standard,Android,UPI
C18186,48,Male,Bengaluru,706,Basic,Android,Wallet
C18187,52,Male,Hyderabad,1361,Basic,Android,Wallet
C18188,34,Male,Pune,881,Basic,Android,UPI
C18189,33,Female,Jaipur,1291,Standard,iOS,UPI
C18190,34,Male,Kolkata,1858,Basic,Android,UPI
C18191,31,Male,Lucknow,1738,Standard,Android,UPI
C18192,32,Female,Mumbai,1382,Standard,iOS,UPI
C18193,38,Male,Noida,239,Standard,iOS,Card
C18194,27,Female,Noida,1650,Basic,Android,Net Banking
C18195,19,Female,Chennai,751,Standard,Android,UPI
C18196,34,Male,Pune,931,Basic,iOS,UPI
C18197,25,Male,Delhi,1542,Basic,Android,Card
C18198,26,Female,Hyderabad,1836,Basic,iOS,UPI
C18199,30,Female,Delhi,1574,Premium,iOS,UPI
C18200,28,Female,Mumbai,683,Basic,iOS,UPI
C18201,41,Female,Chandigarh,1005,Standard,Android,Card
C18202,29,Female,Bengaluru,816,Basic,iOS,UPI
C18203,41,Female,Pune,1032,Standard,Android,Card
C18204,33,Male,Bengaluru,1671,Basic,Web,Net Banking
C18205,30,Female,Bengaluru,2123,Standard,Android,UPI
C18206,32,Male,Hyderabad,878,Basic,Android,Card
C18207,19,Female,Bengaluru,737,Basic,iOS,Net Banking
C18208,34,Male,Kolkata,1946,Standard,Android,Card
C18209,39,Female,Indore,355,Basic,Android,UPI
C18210,40,Female,Hyderabad,878,Basic,Android,UPI
C18211,19,Male,Indore,2097,Standard,iOS,Card
C18212,18,Female,Kolkata,1943,Premium,Android,UPI
C18213,26,Female,Pune,1786,Basic,Android,Net Banking
C18214,43,Female,Delhi,1958,Standard,Android,Net Banking
C18215,33,Male,Mumbai,544,Basic,Android,Net Banking
C18216,24,Female,Lucknow,156,Standard,Android,Net Banking
C18217,18,Female,Pune,1890,Standard,Android,Net Banking
C18218,25,Female,Hyderabad,1097,Standard,Android,Wallet
C18219,24,Male,Lucknow,577,Basic,iOS,UPI
C18220,39,Other,Bengaluru,1066,Basic,Android,UPI
C18221,40,Female,Jaipur,1825,Standard,Web,UPI
C18222,22,Female,Bengaluru,1097,Standard,Android,UPI
C18223,38,Male,Noida,1393,Standard,Android,UPI
C18224,37,Male,Bengaluru,1144,Basic,Android,Net Banking
C18225,20,Female,Mumbai,1077,Basic,iOS,Net Banking
C18226,30,Male,Kolkata,2097,Standard,Android,UPI
C18227,34,Male,Delhi,2043,Basic,Android,Net Banking
C18228,32,Female,Gurugram,950,Premium,Android,Card
C18229,18,Male,Kolkata,1786,Standard,Android,Card
C18230,32,Male,Delhi,1598,Standard,Android,Net Banking
C18231,37,Female,Delhi,311,Basic,Android,Net Banking
C18232,45,Female,Noida,1867,Basic,iOS,Card
C18233,25,Female,Pune,1561,Premium,Android,UPI
C18234,26,Female,Kanpur,1887,Standard,Android,UPI
C18235,29,Male,Mumbai,1743,Basic,Web,UPI
C18236,34,Male,Noida,2058,Premium,iOS,Card
C18237,32,Male,Chennai,1204,Basic,Web,Net Banking
C18238,36,Male,Kolkata,162,Standard,Android,Card
C18239,21,Female,Bengaluru,629,Basic,Android,Card
C18240,35,Female,Mumbai,347,Premium,Android,UPI
C18241,24,Male,Indore,538,Premium,Web,UPI
C18242,30,Female,Chandigarh,1272,Basic,Web,Card
C18243,46,Female,Bengaluru,2143,Basic,iOS,Net Banking
C18244,18,Male,Gurugram,1685,Standard,Android,UPI
C18245,28,Male,Delhi,977,Basic,Android,UPI
C18246,20,Female,Delhi,1094,Standard,Web,Net Banking
C18247,32,Male,Mumbai,1155,Standard,iOS,UPI
C18248,40,Female,Hyderabad,921,Basic,iOS,UPI
C18249,33,Male,Mumbai,1328,Premium,iOS,UPI
C18250,30,Male,Hyderabad,2073,Standard,Android,Wallet
C18251,43,Male,Mumbai,248,Basic,iOS,UPI
C18252,34,Female,Ahmedabad,802,Basic,Android,Card
C18253,38,Male,Lucknow,206,Standard,Web,UPI
C18254,37,Female,Kolkata,1876,Standard,Android,UPI
C18255,18,Male,Delhi,459,Premium,iOS,UPI
C18256,30,Other,Jaipur,1447,Basic,Android,UPI
C18257,21,Female,Delhi,171,Basic,Android,Net Banking
C18258,24,Male,Ahmedabad,1064,Standard,iOS,Card
C18259,44,Female,Pune,1979,Basic,iOS,Net Banking
C18260,28,Male,Bengaluru,2096,Basic,Web,Net Banking
C18261,48,Male,Mumbai,351,Standard,iOS,UPI
C18262,18,Female,Lucknow,1465,Basic,Android,UPI
C18263,21,Male,Gurugram,521,Basic,Android,UPI
C18264,38,Male,Kolkata,1613,Basic,Android,UPI
C18265,28,Male,Indore,1195,Basic,Android,UPI
C18266,34,Male,Gurugram,1762,Basic,Android,UPI
C18267,30,Female,Delhi,1974,Basic,Android,UPI
C18268,30,Other,Ahmedabad,798,Premium,Web,UPI
C18269,28,Female,Bengaluru,136,Basic,Android,UPI
C18270,33,Female,Chennai,718,Basic,iOS,UPI
C18271,37,Female,Delhi,498,Premium,iOS,UPI
C18272,46,Female,Indore,300,Standard,Android,UPI
C18273,29,Male,Ahmedabad,1586,Basic,iOS,UPI
C18274,27,Female,Bengaluru,1988,Premium,Web,Card
C18275,26,Male,Bengaluru,1156,Premium,iOS,Net Banking
C18276,44,Female,Hyderabad,1186,Standard,Android,UPI
C18277,37,Female,Ahmedabad,1320,Standard,Android,UPI
C18278,18,Male,Noida,1979,Standard,iOS,UPI
C18279,18,Male,Bengaluru,66,Premium,Android,UPI
C18280,24,Female,Hyderabad,1173,Standard,iOS,UPI
C18281,33,Male,Pune,1910,Standard,Android,UPI
C18282,31,Male,Hyderabad,381,Basic,iOS,UPI
C18283,36,Female,Chennai,1285,Standard,Android,UPI
C18284,29,Female,Mumbai,46,Premium,Android,Net Banking
C18285,44,Other,Delhi,1840,Basic,Web,UPI
C18286,38,Female,Hyderabad,1451,Basic,Android,UPI
C18287,32,Female,Noida,2121,Standard,Android,Card
C18288,41,Female,Bengaluru,680,Standard,Android,UPI
C18289,18,Female,Delhi,1618,Standard,Android,UPI
C18290,30,Male,Ahmedabad,1699,Premium,Android,UPI
C18291,32,Male,Gurugram,97,Basic,iOS,Card
C18292,36,Male,Hyderabad,1677,Standard,Android,Wallet
C18293,18,Male,Mumbai,1574,Standard,Android,Card
C18294,29,Male,Kolkata,1362,Basic,iOS,Net Banking
C18295,35,Male,Hyderabad,1252,Basic,Android,Card
C18296,35,Male,Kolkata,1766,Standard,Android,UPI
C18297,42,Male,Bengaluru,254,Standard,iOS,Card
C18298,38,Female,Mumbai,882,Standard,Web,Card
C18299,30,Female,Bengaluru,616,Standard,Android,UPI
C18300,37,Male,Ahmedabad,1864,Standard,Android,UPI
C18301,29,Male,Hyderabad,396,Basic,Web,UPI
C18302,32,Female,Delhi,161,Basic,iOS,UPI
C18303,38,Female,Hyderabad,2036,Standard,Web,Card
C18304,31,Male,Ahmedabad,889,Standard,Android,Card
C18305,34,Male,Mumbai,1755,Standard,Web,UPI
C18306,40,Male,Kolkata,536,Basic,iOS,UPI
C18307,37,Male,Kolkata,1550,Standard,Android,UPI
C18308,42,Male,Bengaluru,2038,Premium,iOS,UPI
C18309,52,Male,Indore,1686,Standard,Android,UPI
C18310,37,Male,Kanpur,668,Standard,Android,Card
C18311,27,Female,Bengaluru,1334,Premium,iOS,Card
C18312,36,Female,Mumbai,1834,Basic,Android,UPI
C18313,35,Female,Bengaluru,1885,Standard,Web,UPI
C18314,37,Male,Delhi,679,Standard,Web,Wallet
C18315,44,Male,Chennai,526,Basic,Web,Net Banking
C18316,18,Female,Noida,970,Premium,Android,Net Banking
C18317,45,Male,Kanpur,573,Basic,iOS,UPI
C18318,48,Male,Bengaluru,1592,Basic,Web,UPI
C18319,36,Female,Hyderabad,1314,Basic,Android,UPI
C18320,36,Female,Mumbai,1070,Premium,iOS,UPI
C18321,29,Male,Chennai,1787,Basic,Android,UPI
C18322,31,Female,Mumbai,493,Standard,iOS,Card
C18323,37,Male,Gurugram,1843,Basic,iOS,Wallet
C18324,37,Male,Kanpur,1253,Standard,Web,Card
C18325,37,Male,Delhi,2148,Standard,Android,UPI
C18326,37,Male,Kolkata,1331,Basic,iOS,UPI
C18327,39,Male,Pune,1684,Basic,Android,UPI
C18328,38,Male,Jaipur,441,Basic,iOS,UPI
C18329,22,Female,Chennai,535,Basic,Web,UPI
C18330,38,Female,Delhi,1236,Standard,iOS,UPI
C18331,48,Female,Kolkata,530,Standard,Web,UPI
C18332,31,Male,Mumbai,125,Basic,iOS,UPI
C18333,44,Male,Pune,996,Basic,Android,Net Banking
C18334,23,Male,Delhi,601,Standard,Web,UPI
C18335,31,Female,Kolkata,1440,Premium,Android,Net Banking
C18336,25,Male,Lucknow,1281,Standard,iOS,Card
C18337,43,Male,Mumbai,1143,Premium,iOS,UPI
C18338,46,Male,Hyderabad,1834,Standard,iOS,UPI
C18339,30,Male,Ahmedabad,176,Standard,Android,Card
C18340,42,Male,Delhi,1731,Basic,Android,UPI
C18341,46,Male,Pune,1075,Standard,Android,UPI
C18342,31,Female,Kolkata,1541,Basic,Web,UPI
C18343,32,Male,Bengaluru,1803,Standard,Android,Card
C18344,38,Female,Lucknow,685,Premium,Android,UPI
C18345,23,Female,Chennai,551,Standard,Android,UPI
C18346,32,Male,Pune,1663,Basic,iOS,Card
C18347,50,Female,Delhi,1408,Standard,Android,UPI
C18348,26,Female,Mumbai,434,Standard,iOS,Wallet
C18349,39,Male,Mumbai,615,Basic,iOS,Card
C18350,36,Male,Noida,1883,Basic,iOS,Card
C18351,30,Female,Kanpur,1235,Standard,Android,UPI
C18352,33,Female,Jaipur,2007,Basic,iOS,Card
C18353,47,Male,Delhi,1551,Basic,iOS,UPI
C18354,36,Male,Chennai,477,Premium,Android,UPI
C18355,37,Male,Jaipur,479,Premium,Android,Card
C18356,45,Male,Kolkata,2124,Basic,iOS,UPI
C18357,28,Male,Mumbai,1634,Premium,Web,Card
C18358,22,Female,Kanpur,1320,Premium,iOS,Card
C18359,47,Male,Delhi,1498,Standard,Web,Net Banking
C18360,32,Female,Delhi,929,Standard,Android,UPI
C18361,39,Female,Noida,708,Premium,Android,UPI
C18362,24,Male,Chennai,1817,Standard,iOS,Net Banking
C18363,34,Male,Bengaluru,1972,Basic,Android,UPI
C18364,21,Female,Chennai,1996,Basic,iOS,UPI
C18365,32,Female,Chandigarh,1723,Standard,iOS,UPI
C18366,25,Male,Mumbai,1921,Basic,Android,UPI
C18367,23,Female,Ahmedabad,1160,Basic,Android,UPI
C18368,28,Male,Bengaluru,705,Standard,Android,Card
C18369,18,Female,Mumbai,209,Basic,Android,Net Banking
C18370,21,Female,Hyderabad,699,Basic,Android,UPI
C18371,38,Female,Chennai,986,Premium,Android,UPI
C18372,34,Male,Delhi,211,Basic,Android,UPI
C18373,21,Female,Hyderabad,745,Standard,Android,UPI
C18374,36,Female,Kolkata,2045,Standard,iOS,UPI
C18375,23,Male,Pune,599,Premium,iOS,UPI
C18376,37,Female,Ahmedabad,883,Basic,Android,UPI
C18377,30,Male,Lucknow,1426,Basic,iOS,Card
C18378,28,Female,Hyderabad,1950,Standard,iOS,UPI
C18379,30,Male,Hyderabad,2030,Standard,iOS,Card
C18380,54,Female,Chennai,1792,Standard,Web,UPI
C18381,24,Male,Pune,348,Basic,iOS,Card
C18382,33,Male,Mumbai,272,Basic,Android,Card
C18383,38,Male,Bengaluru,1639,Basic,Web,UPI
C18384,22,Male,Delhi,1951,Standard,iOS,Net Banking
C18385,18,Female,Hyderabad,1379,Basic,Android,Card
C18386,26,Female,Indore,2014,Basic,iOS,Net Banking
C18387,38,Female,Pune,1477,Standard,Android,UPI
C18388,28,Male,Hyderabad,791,Basic,iOS,Wallet
C18389,29,Female,Pune,1864,Basic,iOS,UPI
C18390,39,Male,Kolkata,1673,Basic,iOS,UPI
C18391,24,Male,Hyderabad,844,Standard,Android,Card
C18392,30,Female,Hyderabad,1309,Standard,Android,Net Banking
C18393,18,Female,Kolkata,1287,Standard,iOS,Net Banking
C18394,34,Male,Mumbai,244,Standard,Android,UPI
C18395,33,Female,Chennai,630,Premium,Web,UPI
C18396,38,Female,Chennai,524,Basic,Android,UPI
C18397,21,Female,Ahmedabad,646,Basic,iOS,Wallet
C18398,29,Male,Chandigarh,1170,Premium,Android,Wallet
C18399,19,Male,Jaipur,1143,Standard,iOS,UPI
C18400,29,Female,Chennai,1892,Premium,Web,UPI
C18401,44,Female,Delhi,45,Standard,iOS,Card
C18402,28,Male,Pune,1819,Standard,Android,UPI
C18403,19,Female,Lucknow,568,Standard,Web,UPI
C18404,25,Male,Gurugram,792,Basic,Android,Card
C18405,18,Male,Lucknow,359,Premium,iOS,UPI
C18406,19,Male,Delhi,58,Standard,Android,Card
C18407,37,Male,Ahmedabad,290,Basic,Android,Wallet
C18408,18,Male,Kanpur,517,Basic,iOS,UPI
C18409,34,Male,Kolkata,864,Basic,Android,UPI
C18410,31,Male,Kolkata,706,Basic,Android,Card
C18411,26,Female,Chennai,256,Basic,Android,UPI
C18412,33,Male,Kolkata,763,Basic,Android,Net Banking
C18413,23,Male,Bengaluru,364,Premium,Web,UPI
C18414,39,Female,Mumbai,1513,Standard,Web,Wallet
C18415,25,Male,Lucknow,1481,Basic,iOS,Card
C18416,28,Female,Gurugram,166,Basic,iOS,UPI
C18417,26,Female,Lucknow,1443,Standard,Android,Card
C18418,37,Female,Bengaluru,2001,Standard,Web,Card
C18419,36,Female,Mumbai,2080,Basic,Android,UPI
C18420,18,Male,Bengaluru,152,Premium,Android,Net Banking
C18421,33,Male,Lucknow,2026,Basic,Android,UPI
C18422,18,Male,Kolkata,913,Basic,Android,UPI
C18423,28,Male,Indore,1926,Basic,iOS,Card
C18424,30,Male,Bengaluru,472,Premium,Android,Card
C18425,28,Female,Chennai,1529,Standard,Android,Card
C18426,36,Male,Jaipur,1771,Standard,iOS,Card
C18427,37,Female,Delhi,608,Standard,iOS,UPI
C18428,24,Male,Indore,1630,Basic,Android,UPI
C18429,24,Male,Pune,416,Basic,Android,UPI
C18430,31,Female,Mumbai,1569,Basic,iOS,UPI
C18431,18,Female,Mumbai,2090,Premium,iOS,UPI
C18432,27,Male,Kanpur,679,Standard,Android,Net Banking
C18433,43,Female,Kolkata,2112,Basic,Android,UPI
C18434,18,Female,Jaipur,1477,Premium,Android,Card
C18435,28,Male,Jaipur,1124,Basic,Android,Card
C18436,26,Female,Hyderabad,740,Basic,iOS,UPI
C18437,49,Male,Jaipur,1220,Basic,Web,UPI
C18438,26,Male,Gurugram,2165,Premium,iOS,UPI
C18439,27,Female,Delhi,41,Basic,Android,UPI
C18440,22,Female,Jaipur,1909,Basic,Web,UPI
C18441,31,Female,Bengaluru,352,Basic,Android,UPI
C18442,33,Male,Bengaluru,1931,Premium,Web,Net Banking
C18443,23,Male,Hyderabad,1214,Basic,Android,UPI
C18444,40,Female,Kanpur,1980,Standard,iOS,UPI
C18445,33,Male,Mumbai,424,Premium,Android,UPI
C18446,39,Female,Hyderabad,133,Standard,Android,UPI
C18447,28,Female,Kolkata,1068,Basic,Android,UPI
C18448,33,Female,Mumbai,1718,Basic,Android,UPI
C18449,29,Male,Jaipur,1754,Basic,Android,Net Banking
C18450,44,Female,Gurugram,1688,Standard,Android,Card
C18451,32,Male,Mumbai,1767,Standard,Android,Net Banking
C18452,31,Female,Delhi,1712,Basic,Web,Card
C18453,27,Male,Indore,1899,Basic,Android,UPI
C18454,26,Male,Delhi,400,Basic,iOS,Card
C18455,33,Female,Mumbai,541,Standard,Android,UPI
C18456,38,Female,Gurugram,37,Basic,iOS,UPI
C18457,25,Male,Kanpur,967,Premium,iOS,UPI
C18458,32,Female,Kolkata,600,Basic,iOS,Net Banking
C18459,33,Female,Chennai,1390,Basic,Android,Card
C18460,34,Male,Noida,1229,Standard,Android,Card
C18461,18,Male,Kolkata,1290,Premium,Android,Card
C18462,23,Male,Kolkata,1459,Basic,Web,UPI
C18463,19,Female,Lucknow,2197,Standard,Android,Card
C18464,31,Female,Kolkata,261,Basic,iOS,UPI
C18465,23,Male,Chennai,629,Standard,Android,UPI
C18466,27,Male,Hyderabad,936,Standard,Android,UPI
C18467,20,Female,Chennai,184,Premium,Android,UPI
C18468,27,Female,Chennai,1806,Standard,Android,Card
C18469,21,Female,Bengaluru,871,Basic,Android,Card
C18470,38,Male,Hyderabad,391,Standard,Android,Card
C18471,35,Male,Jaipur,1154,Basic,Android,Net Banking
C18472,32,Female,Hyderabad,446,Basic,Android,UPI
C18473,28,Male,Mumbai,870,Basic,iOS,Card
C18474,18,Female,Bengaluru,1428,Standard,Android,UPI
C18475,27,Female,Delhi,723,Standard,Android,UPI
C18476,24,Male,Jaipur,1837,Standard,Android,Net Banking
C18477,33,Male,Hyderabad,588,Standard,iOS,Card
C18478,37,Female,Bengaluru,279,Basic,Android,Card
C18479,34,Female,Jaipur,957,Premium,iOS,UPI
C18480,42,Female,Mumbai,445,Basic,Android,Net Banking
C18481,26,Female,Delhi,1525,Basic,Android,UPI
C18482,26,Male,Lucknow,1166,Standard,Android,UPI
C18483,40,Female,Chennai,353,Premium,Android,UPI
C18484,32,Female,Jaipur,760,Basic,Android,UPI
C18485,29,Male,Lucknow,1908,Standard,Android,UPI
C18486,48,Male,Gurugram,1806,Standard,Web,UPI
C18487,36,Female,Mumbai,1421,Basic,iOS,UPI
C18488,29,Male,Jaipur,1989,Premium,Web,UPI
C18489,25,Female,Ahmedabad,262,Basic,Web,UPI
C18490,43,Female,Delhi,1618,Standard,Android,Card
C18491,33,Female,Gurugram,81,Basic,iOS,UPI
C18492,31,Male,Hyderabad,1331,Basic,Android,UPI
C18493,37,Female,Kanpur,141,Basic,iOS,Wallet
C18494,39,Male,Pune,771,Basic,iOS,UPI
C18495,36,Female,Chennai,226,Premium,iOS,Card
C18496,39,Male,Delhi,581,Standard,Android,Card
C18497,35,Female,Noida,1426,Basic,Android,UPI
C18498,36,Female,Pune,1727,Standard,Web,UPI
C18499,24,Male,Mumbai,2071,Basic,Android,UPI
C18500,47,Female,Mumbai,2174,Standard,Android,UPI
C18501,20,Male,Jaipur,319,Standard,Android,UPI
C18502,34,Male,Delhi,2025,Basic,iOS,UPI
C18503,19,Male,Pune,647,Standard,Android,UPI
C18504,30,Male,Kolkata,1949,Basic,Web,UPI
C18505,26,Female,Bengaluru,1908,Standard,iOS,UPI
C18506,32,Male,Pune,2024,Standard,iOS,UPI
C18507,34,Male,Delhi,1127,Basic,Android,Card
C18508,22,Male,Gurugram,1658,Basic,Android,Card
C18509,31,Male,Lucknow,956,Basic,iOS,Card
C18510,44,Male,Bengaluru,199,Premium,Android,UPI
C18511,19,Male,Chennai,1056,Standard,Android,UPI
C18512,23,Female,Chennai,466,Premium,iOS,UPI
C18513,39,Female,Indore,249,Standard,iOS,Card
C18514,32,Female,Hyderabad,320,Premium,Web,UPI
C18515,32,Female,Pune,506,Basic,Android,Card
C18516,40,Male,Noida,1758,Standard,Android,Card
C18517,24,Female,Delhi,2117,Basic,Web,UPI
C18518,26,Female,Chennai,1875,Premium,Web,UPI
C18519,25,Male,Mumbai,1426,Premium,Android,UPI
C18520,28,Male,Pune,1944,Standard,Android,Card
C18521,43,Male,Bengaluru,651,Standard,Android,UPI
C18522,18,Female,Indore,2001,Premium,iOS,UPI
C18523,20,Female,Hyderabad,2084,Basic,Android,UPI
C18524,19,Female,Mumbai,352,Standard,Android,Card
C18525,44,Female,Lucknow,892,Standard,Android,Wallet
C18526,25,Female,Lucknow,638,Standard,iOS,UPI
C18527,28,Male,Kolkata,335,Standard,Android,UPI
C18528,18,Female,Ahmedabad,404,Basic,Android,UPI
C18529,29,Female,Bengaluru,2124,Basic,iOS,UPI
C18530,39,Male,Kolkata,423,Premium,iOS,UPI
C18531,33,Female,Mumbai,1475,Standard,Android,Wallet
C18532,30,Female,Delhi,1923,Standard,Android,Wallet
C18533,18,Female,Gurugram,1663,Basic,Android,Card
C18534,28,Female,Ahmedabad,1014,Basic,Android,UPI
C18535,32,Male,Delhi,78,Standard,Android,UPI
C18536,22,Female,Mumbai,937,Basic,Android,UPI
C18537,37,Female,Gurugram,644,Basic,Android,Card
C18538,39,Male,Mumbai,1905,Basic,iOS,UPI
C18539,26,Male,Delhi,2081,Basic,Android,UPI
C18540,38,Male,Delhi,534,Basic,Web,Wallet
C18541,30,Male,Mumbai,367,Standard,Android,Net Banking
C18542,41,Male,Bengaluru,1809,Standard,Android,UPI
C18543,49,Female,Indore,1925,Standard,iOS,Card
C18544,21,Male,Bengaluru,2163,Premium,Web,Net Banking
C18545,38,Female,Chennai,1701,Standard,Android,Wallet
C18546,43,Female,Ahmedabad,1035,Premium,iOS,Card
C18547,22,Male,Chennai,851,Basic,iOS,UPI
C18548,26,Female,Ahmedabad,160,Basic,Android,Card
C18549,26,Female,Kolkata,1954,Basic,iOS,UPI
C18550,30,Female,Pune,2184,Premium,Android,UPI
C18551,28,Male,Kolkata,2032,Premium,Android,Net Banking
C18552,29,Female,Jaipur,1275,Standard,Android,Card
C18553,39,Male,Ahmedabad,1911,Standard,Android,Net Banking
C18554,18,Female,Jaipur,35,Basic,Android,UPI
C18555,22,Male,Delhi,914,Standard,Android,Card
C18556,37,Female,Kolkata,263,Basic,Android,Card
C18557,36,Female,Ahmedabad,1304,Standard,Android,UPI
C18558,21,Female,Bengaluru,35,Basic,iOS,Net Banking
C18559,36,Female,Kanpur,694,Standard,iOS,Card
C18560,43,Female,Bengaluru,940,Standard,iOS,Card
C18561,31,Female,Delhi,311,Standard,Web,Wallet
C18562,22,Male,Kanpur,216,Basic,Web,Card
C18563,39,Male,Delhi,1987,Standard,Android,UPI
C18564,47,Female,Hyderabad,620,Basic,Android,UPI
C18565,23,Male,Bengaluru,2159,Basic,iOS,Card
C18566,31,Male,Kanpur,834,Standard,Android,UPI
C18567,41,Other,Hyderabad,157,Basic,Android,Card
C18568,32,Female,Kolkata,254,Standard,Web,UPI
C18569,18,Female,Jaipur,1522,Basic,Android,Net Banking
C18570,35,Male,Pune,57,Standard,Android,Net Banking
C18571,22,Male,Gurugram,2089,Standard,iOS,Card
C18572,20,Male,Jaipur,584,Basic,iOS,Card
C18573,18,Male,Hyderabad,1349,Basic,Web,UPI
C18574,42,Male,Gurugram,993,Standard,Web,UPI
C18575,23,Male,Chennai,132,Standard,Android,Card
C18576,34,Male,Mumbai,1555,Basic,iOS,Card
C18577,36,Female,Bengaluru,62,Basic,Android,UPI
C18578,32,Other,Pune,1759,Standard,Web,UPI
C18579,34,Male,Delhi,1123,Basic,Android,Card
C18580,34,Female,Pune,686,Basic,Android,UPI
C18581,32,Female,Bengaluru,2069,Basic,Web,UPI
C18582,24,Male,Chennai,470,Premium,iOS,UPI
C18583,23,Female,Mumbai,635,Standard,Android,UPI
C18584,30,Male,Lucknow,1431,Basic,Android,UPI
C18585,30,Female,Bengaluru,790,Basic,Android,Card
C18586,35,Female,Delhi,1086,Basic,iOS,Wallet
C18587,41,Male,Hyderabad,1757,Basic,iOS,UPI
C18588,34,Male,Chennai,2012,Premium,Android,UPI
C18589,24,Male,Kolkata,1769,Standard,iOS,Wallet
C18590,18,Female,Chennai,204,Standard,Android,Wallet
C18591,24,Female,Mumbai,2077,Premium,Web,UPI
C18592,19,Female,Kanpur,943,Basic,iOS,Card
C18593,24,Male,Hyderabad,1849,Basic,Web,UPI
C18594,33,Female,Mumbai,650,Basic,Android,Net Banking
C18595,32,Male,Jaipur,1318,Standard,Web,Wallet
C18596,48,Male,Kolkata,2122,Basic,Web,UPI
C18597,35,Female,Kolkata,2067,Standard,Android,UPI
C18598,48,Female,Hyderabad,1449,Basic,Web,UPI
C18599,37,Male,Hyderabad,1363,Basic,iOS,UPI
C18600,41,Female,Chennai,93,Basic,Web,UPI
C18601,28,Male,Mumbai,1335,Basic,iOS,UPI
C18602,21,Female,Bengaluru,942,Standard,Web,UPI
C18603,27,Female,Chandigarh,63,Premium,Android,Net Banking
C18604,31,Female,Kolkata,2081,Premium,Android,Net Banking
C18605,25,Female,Hyderabad,1018,Standard,Android,UPI
C18606,22,Male,Delhi,1699,Basic,iOS,Card
C18607,35,Male,Ahmedabad,123,Standard,Android,Card
C18608,22,Female,Bengaluru,561,Basic,Android,Card
C18609,18,Male,Delhi,1980,Premium,Android,Card
C18610,21,Female,Delhi,2063,Standard,Web,Net Banking
C18611,29,Male,Ahmedabad,52,Basic,iOS,UPI
C18612,22,Male,Kolkata,1966,Standard,Android,Card
C18613,29,Male,Mumbai,696,Basic,Android,UPI
C18614,36,Male,Mumbai,498,Standard,Web,Card
C18615,36,Female,Kolkata,2189,Basic,Android,Wallet
C18616,25,Female,Pune,1189,Premium,iOS,Card
C18617,19,Female,Kolkata,1755,Premium,Web,Net Banking
C18618,26,Male,Delhi,329,Basic,Web,Net Banking
C18619,37,Female,Ahmedabad,1674,Standard,Android,Card
C18620,39,Male,Gurugram,824,Basic,iOS,UPI
C18621,34,Female,Pune,1576,Standard,Web,UPI
C18622,42,Female,Delhi,1452,Standard,Android,Net Banking
C18623,47,Male,Kolkata,141,Premium,iOS,Card
C18624,27,Male,Bengaluru,1928,Premium,iOS,UPI
C18625,44,Female,Mumbai,655,Basic,Android,UPI
C18626,29,Male,Bengaluru,821,Basic,Android,UPI
C18627,40,Male,Noida,1762,Standard,Android,Card
C18628,37,Female,Hyderabad,1933,Basic,Android,UPI
C18629,18,Male,Kanpur,1973,Basic,Android,UPI
C18630,22,Female,Chennai,1017,Standard,Android,Net Banking
C18631,20,Male,Chennai,789,Standard,iOS,UPI
C18632,18,Female,Mumbai,1808,Standard,Web,UPI
C18633,39,Male,Kolkata,592,Basic,Web,UPI
C18634,50,Female,Mumbai,1425,Basic,Web,UPI
C18635,29,Female,Chennai,541,Basic,iOS,Card
C18636,39,Male,Bengaluru,486,Standard,Android,UPI
C18637,44,Female,Hyderabad,1219,Standard,Android,Card
C18638,33,Male,Chennai,1907,Standard,iOS,Card
C18639,31,Male,Mumbai,662,Premium,Web,Net Banking
C18640,29,Female,Bengaluru,1606,Premium,Android,UPI
C18641,36,Female,Chandigarh,76,Basic,iOS,Net Banking
C18642,39,Male,Mumbai,1544,Standard,Web,UPI
C18643,35,Male,Bengaluru,877,Basic,iOS,UPI
C18644,35,Male,Bengaluru,192,Standard,iOS,UPI
C18645,31,Female,Hyderabad,1231,Basic,Web,Net Banking
C18646,18,Female,Kolkata,549,Basic,iOS,UPI
C18647,39,Male,Delhi,1406,Premium,Android,Card
C18648,19,Male,Hyderabad,123,Standard,Web,Wallet
C18649,37,Male,Kolkata,774,Basic,iOS,Net Banking
C18650,38,Male,Bengaluru,542,Premium,Android,UPI
C18651,21,Male,Gurugram,711,Basic,Web,UPI
C18652,26,Male,Indore,46,Basic,Android,UPI
C18653,50,Male,Mumbai,646,Basic,Web,UPI
C18654,30,Female,Bengaluru,222,Standard,Web,UPI
C18655,20,Male,Delhi,1382,Standard,Android,UPI
C18656,38,Female,Delhi,1027,Standard,Web,Card
C18657,24,Female,Chennai,645,Standard,Android,Card
C18658,18,Female,Pune,1367,Standard,Web,UPI
C18659,36,Female,Hyderabad,2019,Basic,iOS,UPI
C18660,23,Female,Bengaluru,1205,Basic,Android,Card
C18661,34,Female,Bengaluru,641,Basic,Web,Net Banking
C18662,24,Female,Chandigarh,904,Standard,Android,Net Banking
C18663,37,Female,Noida,1746,Standard,Android,Wallet
C18664,33,Female,Mumbai,245,Basic,iOS,Card
C18665,18,Female,Kolkata,723,Basic,Android,Wallet
C18666,34,Male,Hyderabad,1048,Standard,Android,Wallet
C18667,28,Male,Kolkata,1407,Basic,iOS,Card
C18668,44,Female,Pune,1281,Standard,Android,Card
C18669,35,Female,Kanpur,1546,Standard,Android,UPI
C18670,38,Female,Mumbai,2069,Standard,iOS,Net Banking
C18671,25,Female,Bengaluru,408,Basic,Android,Card
C18672,24,Female,Chandigarh,1070,Premium,Android,Net Banking
C18673,31,Female,Delhi,854,Basic,Android,UPI
C18674,28,Male,Mumbai,221,Basic,Android,UPI
C18675,43,Male,Ahmedabad,306,Basic,iOS,UPI
C18676,30,Male,Jaipur,1394,Standard,Android,Wallet
C18677,20,Female,Kolkata,1138,Standard,Web,Net Banking
C18678,24,Female,Jaipur,665,Standard,Android,Card
C18679,40,Male,Kolkata,2003,Standard,Android,UPI
C18680,29,Male,Mumbai,704,Standard,iOS,UPI
C18681,29,Male,Pune,1323,Basic,Android,Wallet
C18682,41,Male,Jaipur,2175,Basic,iOS,UPI
C18683,23,Male,Kanpur,1552,Basic,Android,UPI
C18684,18,Female,Delhi,1610,Standard,Web,Net Banking
C18685,23,Male,Mumbai,644,Standard,Android,UPI
C18686,33,Female,Jaipur,2014,Premium,Android,UPI
C18687,29,Male,Delhi,1046,Standard,iOS,UPI
C18688,18,Female,Mumbai,684,Standard,Android,UPI
C18689,40,Female,Lucknow,1637,Premium,Web,Net Banking
C18690,32,Female,Chennai,1181,Basic,Web,Wallet
C18691,35,Female,Bengaluru,314,Standard,iOS,UPI
C18692,35,Male,Mumbai,73,Standard,Android,UPI
C18693,19,Female,Mumbai,294,Standard,iOS,UPI
C18694,34,Female,Jaipur,375,Premium,Android,UPI
C18695,39,Female,Chennai,517,Standard,Android,Net Banking
C18696,41,Male,Delhi,779,Premium,Android,UPI
C18697,37,Male,Bengaluru,543,Basic,Android,UPI
C18698,36,Male,Delhi,1989,Standard,Android,UPI
C18699,18,Female,Mumbai,2118,Basic,iOS,UPI
C18700,31,Female,Bengaluru,2140,Basic,Android,UPI
C18701,22,Female,Chennai,374,Basic,Android,UPI
C18702,43,Female,Delhi,1188,Standard,Android,Net Banking
C18703,41,Female,Bengaluru,258,Basic,iOS,Net Banking
C18704,22,Male,Chennai,1568,Basic,iOS,UPI
C18705,31,Male,Hyderabad,328,Standard,Android,UPI
C18706,33,Female,Mumbai,659,Standard,iOS,Card
C18707,39,Male,Mumbai,470,Basic,Web,UPI
C18708,18,Female,Mumbai,1073,Standard,Android,UPI
C18709,18,Female,Bengaluru,830,Premium,iOS,Card
C18710,31,Male,Ahmedabad,1203,Standard,Web,Net Banking
C18711,18,Male,Mumbai,457,Standard,Web,UPI
C18712,32,Male,Jaipur,1133,Standard,Android,UPI
C18713,36,Male,Ahmedabad,220,Premium,Android,UPI
C18714,42,Female,Mumbai,119,Basic,iOS,Card
C18715,25,Male,Mumbai,326,Basic,Android,UPI
C18716,32,Male,Delhi,608,Basic,Android,UPI
C18717,37,Female,Mumbai,1743,Standard,Android,UPI
C18718,20,Male,Chennai,747,Premium,Android,UPI
C18719,39,Male,Mumbai,1158,Basic,Android,Wallet
C18720,33,Male,Jaipur,1502,Standard,Android,Net Banking
C18721,26,Female,Chennai,1648,Basic,iOS,Card
C18722,32,Female,Ahmedabad,1296,Standard,Android,Net Banking
C18723,30,Male,Ahmedabad,413,Premium,Android,UPI
C18724,38,Male,Chennai,1468,Standard,Web,Net Banking
C18725,28,Female,Noida,692,Premium,iOS,Card
C18726,33,Female,Chandigarh,1312,Standard,Android,UPI
C18727,25,Female,Bengaluru,2161,Standard,Android,Card
C18728,23,Female,Mumbai,187,Premium,iOS,UPI
C18729,33,Male,Bengaluru,215,Standard,iOS,UPI
C18730,23,Male,Delhi,572,Premium,Web,Wallet
C18731,38,Male,Chennai,981,Basic,Android,UPI
C18732,36,Male,Hyderabad,1069,Basic,iOS,Net Banking
C18733,24,Male,Chennai,671,Basic,Android,Net Banking
C18734,33,Male,Jaipur,1984,Premium,Web,UPI
C18735,24,Female,Bengaluru,45,Basic,Android,Card
C18736,18,Female,Chennai,1211,Standard,Android,UPI
C18737,26,Male,Bengaluru,1228,Standard,iOS,UPI
C18738,31,Male,Jaipur,1700,Standard,iOS,UPI
C18739,36,Female,Kolkata,1223,Standard,iOS,UPI
C18740,32,Female,Mumbai,324,Standard,Android,UPI
C18741,39,Male,Kolkata,725,Basic,Web,UPI
C18742,22,Female,Delhi,404,Standard,iOS,Net Banking
C18743,28,Male,Ahmedabad,1054,Premium,Android,Net Banking
C18744,46,Female,Pune,2014,Basic,Web,UPI
C18745,18,Male,Hyderabad,880,Basic,Android,UPI
C18746,27,Male,Kolkata,821,Premium,iOS,Wallet
C18747,21,Male,Lucknow,1037,Basic,Android,UPI
C18748,29,Male,Jaipur,390,Basic,Android,Wallet
C18749,27,Male,Chennai,1870,Premium,Android,Card
C18750,36,Female,Ahmedabad,1473,Standard,Android,Card
C18751,33,Female,Hyderabad,1579,Basic,Android,UPI
C18752,19,Male,Jaipur,789,Premium,Android,UPI
C18753,26,Male,Lucknow,638,Standard,iOS,Net Banking
C18754,31,Male,Mumbai,1058,Basic,Android,UPI
C18755,38,Other,Delhi,549,Standard,iOS,Net Banking
C18756,53,Male,Bengaluru,76,Premium,Android,UPI
C18757,37,Male,Delhi,1603,Standard,Android,Net Banking
C18758,22,Male,Hyderabad,1896,Standard,Android,Card
C18759,30,Female,Delhi,517,Basic,iOS,UPI
C18760,33,Male,Pune,1390,Basic,Android,Net Banking
C18761,26,Male,Mumbai,1999,Standard,Web,Net Banking
C18762,35,Male,Bengaluru,1636,Basic,iOS,Wallet
C18763,18,Female,Kolkata,1837,Standard,Web,UPI
C18764,36,Male,Hyderabad,1964,Basic,Android,Net Banking
C18765,27,Male,Hyderabad,577,Basic,iOS,Card
C18766,30,Female,Jaipur,188,Basic,Android,Card
C18767,44,Female,Chandigarh,1769,Standard,Android,Wallet
C18768,20,Male,Pune,1746,Standard,Web,UPI
C18769,33,Male,Mumbai,445,Basic,Android,Card
C18770,38,Male,Mumbai,1990,Standard,Android,UPI
C18771,33,Male,Indore,83,Standard,iOS,Card
C18772,18,Female,Kolkata,848,Premium,Android,UPI
C18773,43,Female,Ahmedabad,2115,Basic,Android,UPI
C18774,29,Male,Kolkata,795,Basic,iOS,Card
C18775,26,Female,Delhi,1682,Premium,Android,UPI
C18776,28,Female,Hyderabad,112,Standard,iOS,UPI
C18777,28,Female,Jaipur,1091,Standard,Android,UPI
C18778,20,Female,Kanpur,1726,Basic,Web,UPI
C18779,32,Female,Delhi,1859,Premium,Android,Card
C18780,26,Male,Pune,976,Premium,Android,UPI
C18781,37,Female,Delhi,194,Standard,Android,UPI
C18782,36,Male,Indore,1185,Basic,iOS,UPI
C18783,46,Female,Delhi,1635,Basic,Android,UPI
C18784,29,Male,Ahmedabad,1008,Basic,Android,UPI
C18785,24,Female,Delhi,2105,Standard,Android,UPI
C18786,18,Female,Pune,711,Standard,Android,UPI
C18787,51,Female,Kolkata,1806,Standard,Web,Card
C18788,37,Male,Bengaluru,1668,Basic,iOS,Card
C18789,25,Male,Lucknow,966,Basic,Android,UPI
C18790,46,Male,Kanpur,242,Premium,Android,UPI
C18791,43,Female,Lucknow,781,Basic,iOS,Net Banking
C18792,19,Female,Bengaluru,1695,Premium,iOS,Wallet
C18793,24,Male,Ahmedabad,1966,Standard,Android,Card
C18794,30,Female,Pune,1021,Basic,Web,UPI
C18795,21,Male,Pune,662,Standard,Android,Wallet
C18796,30,Male,Chennai,1691,Premium,Android,UPI
C18797,37,Male,Pune,2064,Standard,iOS,UPI
C18798,19,Female,Mumbai,338,Basic,iOS,UPI
C18799,34,Female,Hyderabad,724,Basic,Android,UPI
C18800,42,Female,Delhi,1754,Standard,Web,Wallet
C18801,35,Male,Bengaluru,301,Basic,iOS,UPI
C18802,30,Male,Mumbai,2143,Basic,Web,Net Banking
C18803,25,Female,Delhi,541,Premium,iOS,UPI
C18804,38,Male,Jaipur,1085,Standard,iOS,UPI
C18805,20,Female,Chennai,1157,Standard,Android,Net Banking
C18806,33,Female,Mumbai,842,Standard,Android,UPI
C18807,31,Female,Jaipur,314,Basic,Android,Card
C18808,41,Male,Noida,95,Basic,iOS,UPI
C18809,26,Female,Kanpur,854,Standard,Android,UPI
C18810,27,Female,Lucknow,614,Standard,Web,Card
C18811,20,Female,Chandigarh,1995,Standard,Android,UPI
C18812,35,Female,Pune,1472,Basic,Android,Net Banking
C18813,27,Male,Indore,233,Basic,Android,UPI
C18814,23,Female,Gurugram,1668,Basic,Android,UPI
C18815,24,Male,Bengaluru,1363,Basic,Android,Card
C18816,36,Male,Kanpur,302,Premium,Android,UPI
C18817,21,Female,Jaipur,906,Standard,iOS,UPI
C18818,22,Male,Jaipur,1630,Premium,Android,UPI
C18819,39,Male,Kanpur,1434,Premium,Android,Card
C18820,30,Male,Hyderabad,1274,Standard,Android,UPI
C18821,40,Female,Hyderabad,1092,Basic,Android,Card
C18822,28,Male,Kolkata,1528,Standard,Web,Wallet
C18823,31,Male,Ahmedabad,1932,Basic,Web,UPI
C18824,32,Female,Kanpur,402,Standard,Android,UPI
C18825,43,Male,Kanpur,903,Standard,Android,UPI
C18826,43,Female,Ahmedabad,1871,Standard,Android,Card
C18827,41,Male,Indore,1133,Basic,iOS,Card
C18828,25,Male,Delhi,412,Basic,Android,Wallet
C18829,22,Male,Gurugram,312,Basic,iOS,Wallet
C18830,38,Female,Mumbai,1608,Basic,Android,UPI
C18831,43,Male,Pune,1093,Premium,iOS,UPI
C18832,41,Female,Mumbai,1745,Basic,Android,UPI
C18833,31,Male,Pune,278,Premium,Android,Card
C18834,38,Male,Hyderabad,1347,Standard,Android,UPI
C18835,38,Female,Mumbai,1295,Standard,iOS,Net Banking
C18836,32,Male,Kolkata,1027,Basic,iOS,UPI
C18837,33,Male,Ahmedabad,957,Basic,iOS,UPI
C18838,32,Male,Delhi,618,Standard,Android,Card
C18839,24,Female,Kolkata,1729,Standard,iOS,UPI
C18840,25,Female,Delhi,748,Standard,Android,Wallet
C18841,25,Female,Mumbai,938,Basic,iOS,Card
C18842,18,Male,Delhi,1894,Basic,iOS,Card
C18843,32,Female,Pune,1398,Basic,Android,UPI
C18844,31,Female,Jaipur,114,Standard,iOS,UPI
C18845,38,Female,Pune,158,Standard,Web,Card
C18846,42,Male,Jaipur,1196,Basic,Web,Net Banking
C18847,43,Female,Pune,1570,Standard,Android,Net Banking
C18848,44,Male,Jaipur,1052,Basic,Web,Wallet
C18849,24,Female,Indore,2107,Standard,Android,Card
C18850,18,Male,Hyderabad,1875,Standard,Android,UPI
C18851,39,Male,Delhi,1001,Standard,Android,UPI
C18852,43,Male,Mumbai,540,Basic,Android,UPI
C18853,45,Male,Pune,51,Standard,Android,UPI
C18854,35,Female,Chennai,103,Standard,Web,UPI
C18855,18,Female,Delhi,1339,Basic,Android,UPI
C18856,34,Female,Kanpur,756,Basic,Android,Card
C18857,36,Female,Indore,345,Standard,iOS,UPI
C18858,42,Male,Delhi,189,Basic,Android,UPI
C18859,44,Female,Delhi,1045,Standard,Web,UPI
C18860,39,Male,Delhi,1299,Basic,Web,Card
C18861,26,Female,Hyderabad,100,Basic,Android,UPI
C18862,22,Male,Lucknow,938,Standard,Android,UPI
C18863,36,Male,Pune,990,Basic,Android,Net Banking
C18864,24,Male,Mumbai,151,Basic,Web,UPI
C18865,44,Female,Hyderabad,1927,Basic,Android,UPI
C18866,18,Male,Mumbai,529,Standard,Android,Card
C18867,36,Male,Hyderabad,323,Basic,iOS,Wallet
C18868,34,Female,Hyderabad,320,Standard,iOS,Card
C18869,29,Male,Kolkata,1111,Standard,iOS,UPI
C18870,23,Male,Chennai,1567,Basic,Android,Card
C18871,18,Female,Kanpur,580,Basic,iOS,Card
C18872,26,Female,Mumbai,1692,Basic,iOS,Wallet
C18873,26,Female,Jaipur,596,Basic,Android,UPI
C18874,41,Male,Mumbai,435,Premium,iOS,Wallet
C18875,24,Male,Bengaluru,1425,Standard,Android,Card
C18876,35,Male,Kanpur,1708,Standard,Android,Card
C18877,19,Female,Kolkata,1653,Standard,Android,Card
C18878,35,Male,Delhi,1239,Basic,Android,UPI
C18879,18,Male,Chennai,1925,Standard,Android,UPI
C18880,50,Female,Ahmedabad,1872,Standard,Android,UPI
C18881,30,Male,Gurugram,633,Standard,Android,UPI
C18882,18,Male,Kolkata,1390,Premium,iOS,UPI
C18883,25,Female,Mumbai,183,Basic,Android,Net Banking
C18884,23,Female,Chennai,202,Standard,iOS,UPI
C18885,25,Male,Delhi,989,Basic,Android,Card
C18886,28,Female,Mumbai,1556,Premium,Android,UPI
C18887,25,Female,Pune,1298,Basic,Android,Card
C18888,24,Male,Jaipur,386,Basic,iOS,UPI
C18889,21,Male,Mumbai,1634,Premium,iOS,UPI
C18890,38,Male,Jaipur,1347,Basic,Android,UPI
C18891,42,Female,Ahmedabad,1670,Standard,Android,Wallet
C18892,29,Male,Ahmedabad,1358,Standard,Android,UPI
C18893,31,Male,Delhi,1904,Standard,Android,Card
C18894,21,Female,Hyderabad,815,Basic,Android,UPI
C18895,32,Female,Mumbai,97,Basic,iOS,UPI
C18896,33,Female,Delhi,1329,Basic,Android,Wallet
C18897,29,Male,Bengaluru,2158,Standard,Web,Card
C18898,35,Male,Bengaluru,243,Premium,Android,UPI
C18899,34,Male,Delhi,2127,Standard,Android,Net Banking
C18900,22,Female,Delhi,1700,Standard,Web,UPI
C18901,42,Female,Noida,107,Basic,Android,Card
C18902,29,Male,Jaipur,1207,Premium,Web,UPI
C18903,46,Female,Bengaluru,709,Basic,Android,Net Banking
C18904,35,Female,Gurugram,1448,Premium,Android,Wallet
C18905,49,Male,Delhi,1691,Premium,Web,UPI
C18906,42,Male,Hyderabad,841,Premium,Android,Net Banking
C18907,33,Male,Lucknow,1068,Basic,Android,Net Banking
C18908,24,Female,Hyderabad,116,Basic,Android,Card
C18909,25,Male,Delhi,40,Standard,Android,Card
C18910,36,Male,Bengaluru,1677,Standard,Android,Card
C18911,32,Male,Chennai,799,Basic,iOS,UPI
C18912,26,Female,Pune,1935,Standard,Android,UPI
C18913,38,Female,Hyderabad,1286,Standard,iOS,UPI
C18914,31,Female,Hyderabad,890,Basic,iOS,UPI
C18915,39,Male,Bengaluru,1938,Basic,iOS,UPI
C18916,22,Male,Chennai,153,Standard,Web,UPI
C18917,40,Other,Delhi,1829,Basic,iOS,UPI
C18918,36,Male,Kanpur,190,Standard,Android,UPI
C18919,42,Female,Ahmedabad,2083,Standard,Android,UPI
C18920,40,Male,Hyderabad,1257,Premium,iOS,UPI
C18921,30,Female,Ahmedabad,1045,Standard,Android,Card
C18922,30,Male,Mumbai,1451,Standard,Android,Wallet
C18923,47,Female,Bengaluru,1762,Premium,Web,Card
C18924,28,Female,Hyderabad,648,Standard,Android,Wallet
C18925,38,Male,Hyderabad,248,Standard,Android,Wallet
C18926,28,Male,Ahmedabad,2129,Basic,Android,Card
C18927,18,Male,Indore,1155,Standard,Android,Card
C18928,20,Female,Hyderabad,652,Basic,Android,Card
C18929,35,Male,Bengaluru,2018,Basic,Web,UPI
C18930,37,Female,Pune,116,Standard,Android,UPI
C18931,35,Male,Bengaluru,1850,Basic,Android,UPI
C18932,41,Male,Delhi,70,Basic,Android,UPI
C18933,35,Female,Indore,1452,Standard,Android,UPI
C18934,24,Female,Jaipur,112,Standard,Android,UPI
C18935,36,Female,Indore,353,Standard,Android,Card
C18936,33,Female,Delhi,737,Standard,iOS,UPI
C18937,26,Male,Mumbai,425,Standard,Android,Card
C18938,35,Female,Hyderabad,126,Premium,Android,UPI
C18939,32,Female,Gurugram,1502,Basic,iOS,UPI
C18940,26,Male,Mumbai,1681,Basic,Android,UPI
C18941,29,Male,Mumbai,736,Basic,Android,Card
C18942,44,Male,Mumbai,1544,Standard,Android,UPI
C18943,43,Male,Jaipur,744,Basic,Android,Wallet
C18944,33,Male,Jaipur,497,Standard,Android,Card
C18945,32,Female,Kolkata,1869,Standard,Android,Card
C18946,18,Male,Mumbai,1169,Standard,Android,UPI
C18947,46,Male,Ahmedabad,74,Standard,Android,Net Banking
C18948,40,Male,Hyderabad,1547,Basic,Android,UPI
C18949,38,Other,Delhi,881,Basic,iOS,Net Banking
C18950,18,Male,Bengaluru,188,Standard,Android,UPI
C18951,31,Female,Chennai,546,Premium,Android,Net Banking
C18952,30,Male,Bengaluru,722,Basic,Web,Wallet
C18953,37,Female,Indore,88,Standard,iOS,UPI
C18954,27,Male,Hyderabad,1610,Basic,Android,UPI
C18955,29,Female,Bengaluru,499,Basic,Android,Net Banking
C18956,37,Male,Kolkata,369,Basic,Web,Card
C18957,24,Male,Kolkata,429,Standard,iOS,UPI
C18958,26,Female,Mumbai,1580,Standard,iOS,UPI
C18959,33,Male,Pune,1124,Standard,Android,Wallet
C18960,43,Female,Delhi,1794,Standard,Web,Wallet
C18961,38,Female,Bengaluru,974,Basic,Android,UPI
C18962,41,Female,Ahmedabad,1510,Basic,iOS,Card
C18963,32,Male,Pune,1053,Standard,Android,UPI
C18964,44,Male,Bengaluru,1316,Basic,Android,UPI
C18965,18,Female,Delhi,1935,Premium,Android,UPI
C18966,49,Male,Chennai,1362,Standard,iOS,UPI
C18967,50,Male,Bengaluru,1102,Standard,Android,UPI
C18968,35,Female,Noida,1908,Standard,iOS,Card
C18969,38,Other,Chennai,1416,Standard,Web,UPI
C18970,31,Female,Kanpur,2054,Basic,Android,Card
C18971,29,Male,Hyderabad,1435,Standard,Android,Card
C18972,26,Male,Lucknow,1520,Basic,Android,UPI
C18973,31,Male,Mumbai,1151,Standard,Android,UPI
C18974,36,Female,Bengaluru,1874,Standard,Android,UPI
C18975,35,Female,Mumbai,691,Basic,iOS,Card
C18976,49,Male,Mumbai,1211,Basic,iOS,UPI
C18977,32,Male,Noida,1989,Standard,Android,Card
C18978,18,Male,Ahmedabad,491,Premium,Android,Card
C18979,46,Male,Pune,980,Standard,Android,Card
C18980,20,Male,Chennai,85,Standard,Android,UPI
C18981,26,Female,Pune,1269,Premium,Web,Wallet
C18982,33,Female,Kolkata,783,Standard,Android,UPI
C18983,35,Female,Lucknow,1243,Standard,Android,UPI
C18984,18,Female,Pune,542,Standard,Android,Card
C18985,24,Male,Ahmedabad,1825,Standard,iOS,Wallet
C18986,18,Female,Bengaluru,2167,Basic,Android,Card
C18987,37,Male,Indore,1190,Standard,Android,Card
C18988,42,Female,Mumbai,1354,Basic,Android,Card
C18989,20,Male,Hyderabad,1021,Standard,iOS,Card
C18990,40,Female,Kanpur,677,Premium,Android,UPI
C18991,39,Female,Delhi,1028,Standard,Android,UPI
C18992,25,Male,Delhi,1101,Basic,Web,UPI
C18993,18,Female,Bengaluru,1722,Basic,iOS,Card
C18994,21,Male,Hyderabad,1528,Standard,Android,UPI
C18995,26,Female,Gurugram,746,Basic,Android,UPI
C18996,45,Male,Lucknow,1368,Basic,Android,UPI
C18997,30,Female,Hyderabad,2058,Basic,iOS,Card
C18998,22,Female,Indore,936,Standard,Android,Card
C18999,32,Male,Kolkata,1867,Standard,iOS,Card
C19000,19,Male,Kanpur,1057,Basic,Android,UPI
C19001,36,Male,Delhi,330,Standard,Android,UPI
C19002,22,Female,Chennai,425,Basic,iOS,Card
C19003,24,Male,Mumbai,718,Standard,iOS,UPI
C19004,34,Female,Mumbai,1293,Premium,iOS,UPI
C19005,47,Male,Ahmedabad,1995,Basic,Android,Wallet
C19006,51,Male,Mumbai,883,Standard,Android,UPI
C19007,22,Female,Chennai,634,Basic,Android,UPI
C19008,26,Female,Kolkata,1450,Basic,Android,UPI
C19009,36,Male,Mumbai,719,Standard,Android,UPI
C19010,42,Male,Hyderabad,975,Standard,Android,UPI
C19011,18,Male,Kolkata,501,Standard,iOS,UPI
C19012,32,Male,Kanpur,669,Premium,Web,UPI
C19013,27,Male,Bengaluru,148,Standard,iOS,Wallet
C19014,18,Female,Indore,1263,Basic,iOS,Card
C19015,19,Other,Lucknow,1068,Standard,Android,UPI
C19016,26,Male,Kolkata,403,Standard,iOS,Wallet
C19017,32,Male,Hyderabad,1668,Standard,Android,Net Banking
C19018,40,Male,Ahmedabad,467,Standard,Android,UPI
C19019,34,Male,Lucknow,1462,Premium,Android,UPI
C19020,40,Female,Bengaluru,273,Standard,Android,UPI
C19021,31,Male,Chandigarh,89,Standard,iOS,Card
C19022,25,Female,Noida,297,Standard,Android,Card
C19023,29,Female,Chennai,1165,Standard,iOS,Card
C19024,37,Female,Ahmedabad,420,Basic,Web,UPI
C19025,40,Female,Chennai,746,Basic,iOS,UPI
C19026,30,Female,Ahmedabad,1196,Standard,Android,UPI
C19027,23,Male,Lucknow,1422,Standard,iOS,Card
C19028,34,Female,Mumbai,1731,Basic,Android,UPI
C19029,35,Female,Mumbai,909,Standard,Android,UPI
C19030,42,Female,Bengaluru,259,Premium,Android,UPI
C19031,25,Male,Noida,2157,Premium,Android,Card
C19032,25,Male,Hyderabad,1717,Basic,Android,Card
C19033,38,Male,Kanpur,1827,Basic,Android,UPI
C19034,27,Male,Hyderabad,2032,Premium,Android,UPI
C19035,27,Male,Bengaluru,1549,Premium,iOS,Card
C19036,42,Female,Kanpur,2185,Basic,Web,Card
C19037,19,Male,Pune,1148,Basic,iOS,UPI
C19038,50,Male,Bengaluru,1245,Basic,Android,Card
C19039,25,Female,Mumbai,1312,Standard,iOS,Card
C19040,39,Male,Mumbai,1132,Standard,iOS,UPI
C19041,30,Female,Delhi,989,Basic,Android,Card
C19042,33,Male,Bengaluru,747,Standard,Android,UPI
C19043,29,Female,Pune,1754,Basic,Android,Card
C19044,39,Male,Bengaluru,742,Basic,Android,Net Banking
C19045,28,Female,Mumbai,2000,Standard,Web,UPI
C19046,26,Male,Bengaluru,1657,Standard,Android,UPI
C19047,47,Male,Hyderabad,2198,Basic,Android,Card
C19048,31,Female,Chandigarh,1430,Basic,iOS,Card
C19049,25,Female,Hyderabad,1329,Basic,iOS,UPI
C19050,18,Male,Mumbai,756,Premium,iOS,UPI
C19051,48,Female,Pune,1509,Premium,Android,UPI
C19052,26,Female,Noida,1289,Standard,iOS,UPI
C19053,50,Male,Jaipur,897,Premium,Android,Wallet
C19054,35,Male,Lucknow,176,Standard,iOS,Card
C19055,32,Female,Noida,48,Basic,Web,UPI
C19056,33,Male,Kolkata,530,Standard,iOS,Wallet
C19057,51,Female,Chandigarh,1556,Premium,Android,UPI
C19058,18,Male,Mumbai,2023,Standard,Web,Net Banking
C19059,33,Female,Lucknow,2056,Premium,Android,Net Banking
C19060,29,Female,Lucknow,1169,Standard,Android,UPI
C19061,29,Female,Noida,1895,Premium,iOS,Wallet
C19062,32,Other,Chennai,39,Standard,Android,Card
C19063,29,Female,Jaipur,1936,Standard,Android,UPI
C19064,33,Male,Delhi,2121,Premium,Android,UPI
C19065,31,Male,Pune,902,Basic,Android,UPI
C19066,19,Male,Bengaluru,128,Standard,Android,Card
C19067,34,Female,Pune,1578,Basic,iOS,UPI
C19068,37,Male,Kolkata,59,Premium,iOS,UPI
C19069,26,Male,Bengaluru,1415,Standard,Web,UPI
C19070,48,Female,Delhi,727,Basic,Web,UPI
C19071,43,Female,Bengaluru,1203,Standard,Web,UPI
C19072,39,Male,Kolkata,2026,Basic,Android,UPI
C19073,38,Female,Kolkata,359,Standard,Android,Card
C19074,31,Male,Ahmedabad,103,Basic,iOS,UPI
C19075,41,Male,Mumbai,1278,Premium,Web,Card
C19076,45,Female,Lucknow,1541,Standard,iOS,UPI
C19077,38,Female,Kolkata,677,Premium,iOS,UPI
C19078,26,Female,Mumbai,386,Basic,iOS,Net Banking
C19079,31,Male,Bengaluru,1556,Basic,Android,UPI
C19080,36,Male,Hyderabad,1525,Premium,Android,UPI
C19081,39,Male,Bengaluru,2080,Standard,Android,UPI
C19082,30,Male,Mumbai,1905,Basic,iOS,UPI
C19083,26,Male,Delhi,1609,Premium,Android,UPI
C19084,45,Female,Mumbai,73,Basic,Android,Wallet
C19085,21,Female,Mumbai,593,Basic,Android,UPI
C19086,23,Female,Bengaluru,1451,Standard,Android,Card
C19087,19,Female,Lucknow,1039,Standard,Android,UPI
C19088,23,Female,Chennai,142,Standard,iOS,UPI
C19089,42,Male,Hyderabad,1255,Basic,Web,Card
C19090,43,Female,Kolkata,1678,Basic,Android,Card
C19091,30,Female,Chennai,1605,Basic,Android,UPI
C19092,35,Male,Mumbai,2032,Basic,Android,UPI
C19093,31,Male,Delhi,350,Basic,Android,UPI
C19094,20,Male,Delhi,2100,Standard,iOS,Net Banking
C19095,51,Female,Pune,1170,Premium,iOS,Card
C19096,43,Female,Hyderabad,693,Premium,Android,Net Banking
C19097,34,Female,Hyderabad,1896,Standard,iOS,UPI
C19098,23,Female,Pune,254,Basic,Web,UPI
C19099,29,Female,Indore,89,Standard,Android,Card
C19100,25,Male,Bengaluru,1615,Premium,Web,Net Banking
C19101,32,Male,Chennai,1608,Basic,Android,Card
C19102,34,Female,Chennai,226,Basic,Android,UPI
C19103,28,Female,Ahmedabad,1940,Basic,Android,UPI
C19104,18,Male,Ahmedabad,1854,Standard,Android,Net Banking
C19105,50,Male,Ahmedabad,1756,Premium,Android,Card
C19106,33,Male,Delhi,879,Standard,Android,Wallet
C19107,35,Male,Hyderabad,2052,Standard,Android,Card
C19108,27,Male,Jaipur,314,Standard,iOS,UPI
C19109,18,Male,Hyderabad,1728,Premium,Android,UPI
C19110,30,Female,Chandigarh,1855,Basic,Android,UPI
C19111,28,Male,Bengaluru,1154,Standard,iOS,UPI
C19112,37,Male,Chennai,780,Premium,iOS,Card
C19113,39,Female,Hyderabad,1064,Premium,iOS,UPI
C19114,38,Male,Hyderabad,133,Basic,Android,UPI
C19115,40,Female,Lucknow,99,Basic,Web,UPI
C19116,47,Male,Delhi,762,Premium,Android,Wallet
C19117,35,Female,Pune,70,Premium,iOS,Card
C19118,41,Male,Pune,1408,Basic,Android,UPI
C19119,35,Female,Lucknow,1417,Basic,Web,Card
C19120,18,Male,Pune,1884,Basic,Android,Wallet
C19121,30,Male,Indore,627,Standard,Web,Card
C19122,23,Female,Kanpur,1798,Basic,Web,UPI
C19123,33,Female,Bengaluru,696,Basic,Android,UPI
C19124,24,Male,Lucknow,1207,Standard,Android,Card
C19125,36,Male,Indore,1781,Basic,Android,UPI
C19126,40,Male,Delhi,801,Premium,Android,UPI
C19127,42,Female,Pune,271,Standard,Android,UPI
C19128,46,Male,Bengaluru,1799,Standard,Android,UPI
C19129,18,Male,Kolkata,645,Premium,Android,UPI
C19130,20,Male,Mumbai,500,Basic,Android,UPI
C19131,57,Female,Ahmedabad,1516,Basic,Android,UPI
C19132,40,Female,Hyderabad,1189,Standard,Android,Card
C19133,33,Male,Pune,96,Standard,Android,Wallet
C19134,31,Female,Mumbai,2014,Standard,Android,UPI
C19135,30,Female,Kolkata,1157,Premium,Android,Card
C19136,18,Male,Chennai,616,Premium,iOS,UPI
C19137,24,Female,Pune,215,Basic,iOS,Card
C19138,30,Male,Bengaluru,1517,Basic,Web,UPI
C19139,25,Other,Delhi,1682,Standard,Android,Net Banking
C19140,26,Male,Hyderabad,1654,Premium,Android,UPI
C19141,54,Male,Gurugram,1407,Basic,Android,UPI
C19142,29,Male,Delhi,1930,Basic,Android,Card
C19143,34,Male,Kolkata,1350,Basic,Web,Card
C19144,33,Male,Mumbai,554,Premium,iOS,UPI
C19145,36,Male,Ahmedabad,510,Basic,Web,UPI
C19146,27,Male,Delhi,864,Standard,Web,Card
C19147,42,Female,Hyderabad,1602,Basic,Android,Wallet
C19148,35,Female,Bengaluru,78,Standard,Android,Card
C19149,19,Female,Mumbai,684,Basic,Android,UPI
C19150,30,Male,Bengaluru,968,Standard,iOS,Net Banking
C19151,29,Male,Bengaluru,1268,Basic,iOS,Card
C19152,29,Other,Chennai,349,Basic,Android,Card
C19153,36,Male,Indore,229,Basic,Web,UPI
C19154,37,Male,Hyderabad,2004,Standard,iOS,UPI
C19155,36,Male,Noida,238,Standard,Web,UPI
C19156,34,Female,Hyderabad,202,Basic,Android,Card
C19157,32,Male,Mumbai,450,Basic,iOS,UPI
C19158,18,Female,Delhi,774,Standard,iOS,Card
C19159,38,Male,Hyderabad,498,Basic,Android,UPI
C19160,35,Male,Bengaluru,1797,Standard,Android,Net Banking
C19161,22,Female,Kanpur,304,Basic,Android,UPI
C19162,34,Male,Kolkata,332,Standard,Android,Wallet
C19163,37,Male,Pune,286,Standard,iOS,Card
C19164,42,Male,Chennai,1446,Premium,Web,Card
C19165,36,Male,Hyderabad,1937,Standard,Web,UPI
C19166,34,Female,Pune,383,Basic,Android,UPI
C19167,40,Male,Mumbai,1233,Basic,iOS,Net Banking
C19168,28,Female,Delhi,837,Standard,Android,Net Banking
C19169,35,Female,Bengaluru,1380,Basic,Android,Card
C19170,25,Male,Delhi,1440,Basic,Web,UPI
C19171,41,Male,Kolkata,654,Premium,Web,Card
C19172,18,Male,Mumbai,1341,Basic,Web,Card
C19173,38,Female,Delhi,150,Standard,Android,Card
C19174,31,Male,Noida,1084,Basic,iOS,UPI
C19175,40,Male,Chandigarh,2131,Basic,Android,Card
C19176,24,Male,Chennai,1980,Basic,iOS,Card
C19177,32,Female,Chennai,147,Basic,Android,Net Banking
C19178,32,Female,Jaipur,154,Basic,Android,Net Banking
C19179,35,Male,Mumbai,1815,Premium,Web,UPI
C19180,22,Male,Hyderabad,484,Standard,Android,Card
C19181,37,Female,Mumbai,1473,Basic,Web,Card
C19182,18,Male,Hyderabad,1208,Basic,Android,Card
C19183,25,Other,Chandigarh,914,Premium,iOS,UPI
C19184,18,Female,Ahmedabad,698,Basic,Web,Card
C19185,38,Male,Chandigarh,1650,Basic,Android,UPI
C19186,35,Other,Ahmedabad,589,Standard,Android,UPI
C19187,35,Female,Pune,1689,Standard,iOS,UPI
C19188,44,Female,Ahmedabad,534,Basic,Android,Card
C19189,28,Female,Kolkata,1935,Standard,Android,UPI
C19190,36,Male,Hyderabad,1551,Basic,Android,Card
C19191,32,Female,Bengaluru,1212,Standard,Android,Net Banking
C19192,30,Female,Chennai,245,Basic,Android,Card
C19193,43,Female,Bengaluru,493,Premium,Android,Net Banking
C19194,50,Male,Chennai,1401,Standard,Android,UPI
C19195,27,Male,Delhi,1272,Basic,Web,UPI
C19196,39,Male,Pune,253,Standard,Android,UPI
C19197,34,Male,Delhi,245,Basic,Android,Net Banking
C19198,34,Male,Bengaluru,1346,Premium,iOS,Card
C19199,33,Male,Chennai,846,Basic,iOS,UPI
C19200,28,Male,Delhi,1058,Basic,Android,Net Banking
C19201,18,Female,Indore,1354,Standard,Android,Card
C19202,45,Female,Hyderabad,1873,Basic,Android,Net Banking
C19203,25,Female,Bengaluru,576,Basic,Web,UPI
C19204,29,Male,Mumbai,1535,Standard,Web,Net Banking
C19205,29,Male,Lucknow,1907,Standard,Android,UPI
C19206,24,Female,Pune,2013,Basic,Android,UPI
C19207,33,Female,Hyderabad,2148,Standard,iOS,UPI
C19208,31,Male,Delhi,39,Standard,iOS,Card
C19209,25,Other,Ahmedabad,194,Premium,Android,Card
C19210,32,Male,Gurugram,1915,Standard,Web,UPI
C19211,31,Female,Hyderabad,476,Standard,iOS,UPI
C19212,39,Male,Mumbai,659,Standard,Android,UPI
C19213,19,Female,Mumbai,1056,Basic,Android,UPI
C19214,24,Male,Mumbai,1452,Standard,Android,Wallet
C19215,38,Male,Ahmedabad,112,Standard,iOS,Net Banking
C19216,25,Male,Chandigarh,1437,Basic,Android,UPI
C19217,23,Female,Chandigarh,231,Standard,iOS,Net Banking
C19218,26,Male,Jaipur,832,Basic,Web,Card
C19219,30,Female,Delhi,1984,Standard,iOS,UPI
C19220,30,Female,Indore,302,Standard,Android,Card
C19221,29,Male,Bengaluru,128,Premium,Android,UPI
C19222,22,Male,Bengaluru,1061,Basic,Android,UPI
C19223,38,Male,Kolkata,567,Premium,Android,Card
C19224,43,Female,Mumbai,563,Basic,iOS,Net Banking
C19225,18,Female,Lucknow,949,Standard,Android,UPI
C19226,18,Female,Chandigarh,399,Standard,Android,Card
C19227,40,Male,Jaipur,74,Basic,iOS,Net Banking
C19228,45,Female,Jaipur,2038,Premium,Android,Net Banking
C19229,18,Other,Hyderabad,1788,Standard,Web,UPI
C19230,38,Male,Mumbai,923,Basic,iOS,UPI
C19231,46,Male,Jaipur,1831,Standard,Android,UPI
C19232,23,Male,Pune,2191,Standard,Web,UPI
C19233,45,Male,Noida,886,Standard,Android,Net Banking
C19234,29,Male,Mumbai,368,Basic,Android,UPI
C19235,34,Male,Bengaluru,467,Basic,Android,Net Banking
C19236,25,Female,Bengaluru,2115,Basic,Android,UPI
C19237,40,Female,Kolkata,1966,Standard,iOS,UPI
C19238,39,Male,Jaipur,1548,Standard,Web,UPI
C19239,47,Female,Indore,1502,Standard,iOS,Card
C19240,44,Male,Bengaluru,694,Basic,Android,UPI
C19241,31,Other,Chennai,1166,Standard,Android,Wallet
C19242,59,Male,Mumbai,829,Premium,Android,UPI
C19243,43,Female,Delhi,881,Basic,Android,Net Banking
C19244,36,Female,Bengaluru,1607,Standard,Web,UPI
C19245,22,Female,Pune,1200,Premium,Android,Card
C19246,18,Female,Hyderabad,959,Basic,Android,UPI
C19247,18,Male,Bengaluru,571,Standard,iOS,Card
C19248,23,Male,Pune,1451,Basic,iOS,Card
C19249,43,Male,Lucknow,1005,Basic,Web,UPI
C19250,35,Male,Delhi,138,Standard,Web,UPI
C19251,25,Female,Bengaluru,1518,Basic,Android,UPI
C19252,30,Female,Ahmedabad,757,Premium,Web,Card
C19253,29,Male,Jaipur,922,Basic,Web,Net Banking
C19254,38,Female,Lucknow,2175,Basic,Web,UPI
C19255,23,Female,Delhi,1516,Basic,Web,UPI
C19256,34,Male,Chennai,175,Standard,iOS,UPI
C19257,34,Female,Kanpur,1633,Basic,Android,Card
C19258,23,Female,Hyderabad,663,Basic,Web,UPI
C19259,45,Male,Hyderabad,1665,Basic,Android,UPI
C19260,28,Female,Chandigarh,788,Standard,Web,Card
C19261,22,Male,Mumbai,1265,Basic,Android,UPI
C19262,39,Female,Ahmedabad,1537,Premium,Android,UPI
C19263,31,Male,Lucknow,430,Basic,iOS,UPI
C19264,35,Male,Delhi,324,Basic,Android,Wallet
C19265,20,Female,Ahmedabad,1550,Standard,Android,UPI
C19266,38,Female,Hyderabad,185,Basic,iOS,Net Banking
C19267,51,Male,Lucknow,1807,Standard,Android,Card
C19268,20,Male,Noida,970,Premium,Web,Card
C19269,34,Male,Kanpur,234,Standard,Web,Net Banking
C19270,24,Male,Mumbai,1687,Premium,Android,Wallet
C19271,55,Female,Ahmedabad,1974,Standard,iOS,UPI
C19272,42,Male,Noida,175,Basic,Android,Card
C19273,34,Male,Pune,2072,Basic,iOS,UPI
C19274,20,Male,Pune,929,Standard,Android,UPI
C19275,22,Female,Mumbai,1480,Premium,Android,Net Banking
C19276,38,Male,Lucknow,608,Standard,Web,Wallet
C19277,19,Male,Mumbai,271,Standard,Android,Card
C19278,19,Male,Bengaluru,2171,Basic,iOS,UPI
C19279,31,Female,Noida,1448,Standard,Android,Card
C19280,32,Male,Gurugram,583,Standard,Web,Wallet
C19281,34,Female,Chandigarh,802,Premium,iOS,Net Banking
C19282,27,Male,Chennai,1674,Standard,iOS,Net Banking
C19283,39,Female,Delhi,688,Basic,Android,UPI
C19284,23,Male,Chennai,1522,Standard,iOS,UPI
C19285,37,Female,Mumbai,109,Basic,Android,UPI
C19286,33,Female,Kanpur,2172,Standard,iOS,UPI
C19287,36,Female,Pune,1602,Standard,Web,UPI
C19288,42,Male,Hyderabad,760,Premium,iOS,UPI
C19289,27,Female,Mumbai,1259,Standard,Android,Card
C19290,25,Male,Hyderabad,407,Basic,Web,Net Banking
C19291,18,Male,Kanpur,1008,Basic,iOS,Card
C19292,18,Other,Ahmedabad,796,Basic,iOS,UPI
C19293,29,Male,Mumbai,873,Standard,Web,UPI
C19294,30,Male,Delhi,1794,Standard,Android,Wallet
C19295,21,Male,Hyderabad,923,Standard,Android,Wallet
C19296,23,Female,Mumbai,43,Standard,Android,Wallet
C19297,45,Male,Gurugram,1013,Standard,iOS,Wallet
C19298,39,Male,Kolkata,142,Basic,Android,UPI
C19299,20,Female,Mumbai,1066,Standard,iOS,Card
C19300,27,Female,Jaipur,1504,Standard,Android,UPI
C19301,35,Male,Bengaluru,241,Basic,iOS,UPI
C19302,25,Male,Delhi,167,Basic,Android,UPI
C19303,24,Female,Pune,855,Standard,Android,Net Banking
C19304,28,Male,Mumbai,1076,Basic,Android,UPI
C19305,41,Female,Hyderabad,168,Standard,iOS,UPI
C19306,42,Male,Lucknow,736,Premium,Android,Net Banking
C19307,24,Male,Noida,1713,Basic,iOS,UPI
C19308,35,Female,Bengaluru,1268,Premium,Android,Card
C19309,31,Male,Kolkata,1163,Basic,iOS,Card
C19310,22,Male,Delhi,257,Standard,Android,UPI
C19311,28,Female,Pune,1764,Basic,Android,UPI
C19312,20,Female,Delhi,1314,Standard,Web,UPI
C19313,41,Male,Pune,961,Premium,Web,Card
C19314,45,Male,Delhi,1363,Basic,Android,Card
C19315,27,Male,Gurugram,362,Premium,Android,UPI
C19316,25,Male,Kanpur,1500,Standard,iOS,Card
C19317,40,Male,Bengaluru,680,Premium,Web,UPI
C19318,42,Male,Jaipur,119,Standard,Android,Card
C19319,21,Male,Mumbai,537,Standard,iOS,Card
C19320,30,Female,Ahmedabad,822,Premium,Android,Net Banking
C19321,30,Female,Bengaluru,984,Standard,Android,UPI
C19322,24,Male,Mumbai,526,Standard,Android,Card
C19323,34,Other,Kolkata,1741,Basic,iOS,UPI
C19324,25,Male,Hyderabad,602,Basic,iOS,UPI
C19325,26,Male,Chennai,283,Standard,iOS,UPI
C19326,30,Female,Chennai,512,Basic,Android,UPI
C19327,18,Male,Mumbai,898,Standard,Android,UPI
C19328,18,Female,Mumbai,127,Premium,Android,Wallet
C19329,39,Male,Pune,229,Standard,Android,UPI
C19330,24,Male,Pune,371,Premium,Android,Wallet
C19331,50,Male,Mumbai,879,Basic,iOS,UPI
C19332,49,Male,Hyderabad,2095,Basic,Android,Card
C19333,26,Female,Pune,1294,Basic,Web,UPI
C19334,52,Male,Kolkata,207,Premium,iOS,Net Banking
C19335,39,Female,Lucknow,179,Standard,Android,UPI
C19336,25,Male,Hyderabad,254,Premium,Web,UPI
C19337,18,Female,Chennai,174,Basic,Android,UPI
C19338,37,Male,Pune,1126,Basic,Android,Card
C19339,31,Male,Bengaluru,1615,Standard,iOS,Net Banking
C19340,35,Male,Mumbai,972,Standard,Web,Card
C19341,29,Male,Mumbai,914,Standard,Android,UPI
C19342,21,Female,Lucknow,1320,Standard,Android,Wallet
C19343,27,Male,Delhi,792,Standard,iOS,UPI
C19344,37,Male,Pune,1785,Standard,Android,UPI
C19345,28,Male,Pune,1519,Basic,Web,UPI
C19346,28,Female,Hyderabad,2163,Basic,Android,Card
C19347,18,Male,Lucknow,213,Basic,Web,Net Banking
C19348,32,Female,Kolkata,970,Standard,Android,Card
C19349,21,Female,Mumbai,1895,Standard,Web,UPI
C19350,39,Female,Jaipur,1489,Standard,iOS,UPI
C19351,24,Male,Chennai,1712,Premium,Web,UPI
C19352,28,Female,Bengaluru,1046,Standard,Android,Wallet
C19353,50,Male,Ahmedabad,875,Standard,Android,UPI
C19354,28,Female,Kolkata,1663,Standard,Android,Net Banking
C19355,27,Female,Bengaluru,1047,Premium,iOS,UPI
C19356,36,Male,Chandigarh,913,Basic,Android,Card
C19357,18,Female,Kolkata,893,Standard,Android,Card
C19358,42,Female,Pune,298,Basic,Android,Net Banking
C19359,40,Female,Mumbai,1733,Premium,iOS,Card
C19360,36,Female,Bengaluru,1877,Basic,iOS,UPI
C19361,18,Male,Hyderabad,92,Basic,Android,UPI
C19362,29,Male,Pune,903,Standard,iOS,UPI
C19363,20,Male,Chennai,1486,Standard,Android,Card
C19364,41,Female,Jaipur,355,Basic,Web,UPI
C19365,40,Female,Bengaluru,686,Standard,Web,Card
C19366,34,Male,Kolkata,2116,Standard,Android,Card
C19367,20,Female,Lucknow,1721,Basic,Android,UPI
C19368,44,Female,Jaipur,1933,Standard,iOS,UPI
C19369,29,Female,Jaipur,2165,Basic,iOS,UPI
C19370,47,Male,Kanpur,1508,Standard,Web,UPI
C19371,33,Male,Mumbai,635,Basic,Android,UPI
C19372,36,Female,Kolkata,2098,Standard,Android,UPI
C19373,27,Female,Indore,997,Standard,Android,UPI
C19374,44,Male,Pune,1199,Basic,Android,UPI
C19375,36,Female,Delhi,1218,Standard,Web,UPI
C19376,44,Male,Chandigarh,1220,Basic,Web,UPI
C19377,33,Male,Delhi,1225,Basic,Android,Wallet
C19378,31,Female,Bengaluru,1716,Premium,Android,Card
C19379,36,Female,Delhi,369,Premium,iOS,UPI
C19380,44,Male,Hyderabad,987,Standard,Android,Card
C19381,40,Male,Hyderabad,1295,Standard,iOS,Card
C19382,32,Male,Chennai,1239,Standard,iOS,UPI
C19383,18,Female,Noida,1600,Basic,iOS,Card
C19384,38,Female,Chennai,755,Basic,Android,Net Banking
C19385,18,Male,Chennai,2078,Standard,iOS,Net Banking
C19386,31,Female,Kanpur,61,Standard,iOS,UPI
C19387,30,Female,Lucknow,1604,Standard,iOS,UPI
C19388,18,Female,Delhi,397,Premium,iOS,UPI
C19389,34,Male,Mumbai,1339,Basic,Web,UPI
C19390,50,Female,Pune,81,Basic,Android,Net Banking
C19391,28,Male,Lucknow,536,Standard,Android,Wallet
C19392,38,Male,Chennai,879,Standard,Android,Card
C19393,52,Other,Delhi,242,Basic,iOS,UPI
C19394,39,Male,Ahmedabad,742,Basic,Android,UPI
C19395,25,Male,Kolkata,1406,Standard,Android,UPI
C19396,33,Female,Pune,381,Standard,Android,Card
C19397,35,Male,Kanpur,1386,Basic,Web,UPI
C19398,44,Male,Jaipur,1045,Standard,iOS,Card
C19399,42,Male,Kolkata,1851,Premium,Android,Wallet
C19400,18,Male,Kolkata,1413,Standard,Android,UPI
C19401,23,Female,Kolkata,998,Standard,Android,Wallet
C19402,30,Male,Chennai,1820,Basic,Web,UPI
C19403,22,Male,Hyderabad,403,Standard,Web,UPI
C19404,18,Male,Ahmedabad,1260,Basic,iOS,UPI
C19405,24,Male,Pune,517,Premium,Android,UPI
C19406,31,Female,Chennai,1007,Basic,Web,Card
C19407,26,Male,Mumbai,1063,Premium,Android,Card
C19408,22,Female,Kolkata,1328,Basic,iOS,Card
C19409,31,Male,Kolkata,707,Standard,Android,UPI
C19410,34,Female,Bengaluru,1466,Standard,Android,Card
C19411,27,Female,Bengaluru,421,Basic,Android,Card
C19412,43,Male,Delhi,392,Basic,Android,UPI
C19413,32,Male,Indore,264,Basic,iOS,UPI
C19414,23,Male,Lucknow,1073,Standard,iOS,Card
C19415,21,Male,Pune,924,Standard,Web,Net Banking
C19416,29,Male,Hyderabad,1821,Premium,iOS,Net Banking
C19417,41,Male,Ahmedabad,762,Basic,Android,Wallet
C19418,24,Male,Chennai,1290,Standard,Android,UPI
C19419,36,Male,Indore,2124,Basic,iOS,Card
C19420,32,Male,Mumbai,1366,Standard,Android,UPI
C19421,49,Male,Mumbai,1888,Basic,Android,UPI
C19422,35,Male,Pune,1135,Premium,Android,UPI
C19423,25,Male,Delhi,428,Standard,iOS,Card
C19424,38,Male,Pune,1005,Standard,iOS,Card
C19425,38,Male,Jaipur,1664,Basic,Android,Card
C19426,27,Male,Mumbai,280,Standard,Web,Card
C19427,21,Male,Hyderabad,1072,Basic,Web,UPI
C19428,36,Female,Kolkata,1153,Standard,iOS,UPI
C19429,32,Female,Lucknow,2039,Standard,Android,UPI
C19430,18,Male,Chennai,2150,Basic,iOS,UPI
C19431,33,Female,Delhi,1349,Basic,Android,UPI
C19432,25,Female,Pune,489,Basic,Android,Wallet
C19433,18,Female,Hyderabad,472,Standard,iOS,Wallet
C19434,28,Female,Jaipur,1329,Basic,Web,Net Banking
C19435,43,Male,Pune,455,Basic,Android,UPI
C19436,42,Male,Bengaluru,1491,Basic,Android,Card
C19437,40,Male,Ahmedabad,2129,Basic,Android,Wallet
C19438,33,Female,Chennai,436,Standard,Android,UPI
C19439,36,Female,Delhi,2022,Standard,iOS,UPI
C19440,32,Female,Pune,114,Basic,Android,UPI
C19441,21,Female,Gurugram,1077,Standard,Android,Net Banking
C19442,23,Female,Ahmedabad,867,Standard,Web,Card
C19443,26,Male,Bengaluru,1253,Basic,Web,Wallet
C19444,44,Female,Ahmedabad,1079,Premium,Web,UPI
C19445,41,Male,Bengaluru,1217,Standard,Android,UPI
C19446,21,Male,Chennai,291,Standard,Web,Card
C19447,31,Female,Chennai,1686,Standard,Android,UPI
C19448,27,Male,Delhi,2078,Standard,Android,Wallet
C19449,30,Male,Bengaluru,1059,Basic,Android,Card
C19450,26,Female,Gurugram,1889,Basic,Web,Card
C19451,44,Male,Delhi,296,Standard,Android,UPI
C19452,31,Male,Jaipur,1618,Premium,Web,Card
C19453,33,Male,Kolkata,733,Premium,Web,Wallet
C19454,33,Male,Chennai,1483,Basic,Web,Net Banking
C19455,22,Female,Mumbai,1263,Premium,Android,Card
C19456,32,Female,Delhi,125,Standard,Android,Card
C19457,41,Male,Delhi,791,Standard,Android,UPI
C19458,44,Male,Pune,973,Premium,Android,UPI
C19459,21,Male,Indore,1795,Premium,Android,Net Banking
C19460,18,Male,Kanpur,268,Standard,iOS,UPI
C19461,32,Male,Mumbai,2086,Standard,Web,UPI
C19462,41,Male,Bengaluru,134,Standard,Web,Net Banking
C19463,34,Female,Delhi,555,Standard,Android,Card
C19464,37,Female,Indore,339,Standard,Android,Card
C19465,19,Female,Delhi,1959,Basic,Android,UPI
C19466,26,Female,Delhi,1261,Premium,Web,Net Banking
C19467,18,Male,Pune,1583,Basic,Android,UPI
C19468,30,Male,Pune,1523,Basic,Android,UPI
C19469,18,Male,Delhi,1303,Basic,Android,UPI
C19470,43,Female,Kolkata,679,Basic,iOS,UPI
C19471,45,Male,Mumbai,312,Basic,Android,UPI
C19472,32,Female,Mumbai,975,Basic,Web,UPI
C19473,18,Male,Mumbai,921,Premium,Web,UPI
C19474,34,Female,Bengaluru,977,Standard,Web,Net Banking
C19475,48,Male,Indore,2189,Premium,Android,UPI
C19476,35,Male,Chennai,308,Premium,Web,UPI
C19477,42,Female,Ahmedabad,1436,Standard,Android,Net Banking
C19478,27,Male,Bengaluru,368,Basic,Android,Card
C19479,23,Female,Ahmedabad,1313,Basic,Android,Card
C19480,30,Female,Indore,1497,Premium,iOS,Card
C19481,18,Male,Bengaluru,107,Standard,Android,UPI
C19482,51,Female,Chandigarh,1029,Standard,Android,Card
C19483,32,Female,Kolkata,726,Premium,Web,Net Banking
C19484,39,Male,Ahmedabad,1088,Basic,Android,UPI
C19485,27,Female,Delhi,1089,Premium,Android,Net Banking
C19486,18,Female,Kolkata,1054,Standard,Web,Card
C19487,44,Female,Chennai,1422,Standard,iOS,UPI
C19488,21,Male,Indore,466,Premium,Android,UPI
C19489,34,Male,Noida,1889,Standard,Android,UPI
C19490,35,Male,Hyderabad,1855,Basic,Android,Wallet
C19491,32,Male,Gurugram,1024,Basic,Android,Wallet
C19492,24,Female,Kanpur,2000,Standard,Android,UPI
C19493,30,Male,Pune,625,Standard,Android,UPI
C19494,22,Male,Mumbai,476,Basic,iOS,Wallet
C19495,38,Female,Delhi,640,Basic,Android,Card
C19496,36,Male,Mumbai,1724,Basic,Android,Card
C19497,31,Male,Mumbai,329,Standard,Android,UPI
C19498,26,Male,Indore,690,Standard,Android,UPI
C19499,50,Female,Delhi,345,Standard,iOS,UPI
C19500,19,Male,Kolkata,994,Basic,iOS,Card
C19501,18,Male,Kolkata,692,Basic,Web,Wallet
C19502,30,Female,Pune,1803,Basic,Android,Card
C19503,29,Male,Delhi,1693,Premium,Android,UPI
C19504,41,Female,Pune,1950,Standard,iOS,UPI
C19505,37,Female,Pune,926,Basic,Android,Net Banking
C19506,31,Male,Pune,1182,Basic,Android,UPI
C19507,36,Other,Delhi,1895,Basic,iOS,UPI
C19508,35,Female,Ahmedabad,1577,Standard,Android,UPI
C19509,50,Female,Mumbai,2089,Standard,Android,Card
C19510,33,Male,Pune,2158,Standard,Android,UPI
C19511,25,Female,Hyderabad,193,Basic,Android,UPI
C19512,33,Male,Delhi,540,Standard,Android,Card
C19513,18,Male,Jaipur,1572,Standard,Android,Card
C19514,31,Female,Delhi,243,Basic,iOS,UPI
C19515,41,Male,Gurugram,215,Basic,Android,UPI
C19516,36,Female,Kanpur,328,Basic,Android,UPI
C19517,34,Female,Bengaluru,185,Standard,Android,UPI
C19518,37,Male,Bengaluru,1474,Standard,Android,UPI
C19519,41,Female,Mumbai,628,Standard,Android,UPI
C19520,44,Female,Noida,2075,Standard,Web,UPI
C19521,35,Male,Pune,250,Basic,Android,Card
C19522,28,Female,Mumbai,1020,Standard,Web,Card
C19523,18,Male,Chennai,1468,Standard,Web,Wallet
C19524,40,Male,Mumbai,811,Basic,Android,Card
C19525,36,Female,Pune,1583,Premium,Android,Net Banking
C19526,32,Female,Chennai,1853,Basic,Android,Net Banking
C19527,25,Female,Mumbai,1417,Standard,Web,UPI
C19528,40,Male,Lucknow,1346,Standard,Web,UPI
C19529,29,Female,Bengaluru,1278,Standard,iOS,UPI
C19530,31,Male,Chennai,2185,Basic,Web,Card
C19531,30,Female,Kolkata,1725,Basic,iOS,UPI
C19532,35,Male,Indore,160,Premium,iOS,UPI
C19533,21,Male,Chennai,1706,Premium,Web,UPI
C19534,36,Male,Noida,387,Standard,Android,UPI
C19535,25,Male,Bengaluru,1918,Basic,Android,UPI
C19536,25,Female,Lucknow,734,Standard,iOS,Net Banking
C19537,39,Female,Delhi,1534,Standard,iOS,UPI
C19538,22,Female,Ahmedabad,1633,Basic,Android,UPI
C19539,39,Female,Mumbai,802,Basic,Android,Wallet
C19540,32,Male,Chandigarh,2120,Premium,Android,Net Banking
C19541,18,Male,Gurugram,1168,Basic,Android,Wallet
C19542,43,Male,Hyderabad,947,Basic,Android,Net Banking
C19543,34,Male,Chennai,1094,Basic,Android,UPI
C19544,35,Male,Pune,697,Standard,Android,UPI
C19545,40,Female,Bengaluru,264,Standard,Android,Net Banking
C19546,44,Female,Kolkata,2160,Basic,Android,UPI
C19547,33,Male,Kolkata,1791,Standard,Web,UPI
C19548,37,Female,Chennai,1797,Basic,iOS,Card
C19549,34,Female,Delhi,2010,Basic,Android,UPI
C19550,28,Male,Noida,1358,Basic,iOS,UPI
C19551,18,Male,Mumbai,2166,Standard,Android,Card
C19552,33,Female,Pune,2168,Premium,iOS,UPI
C19553,43,Female,Mumbai,568,Standard,iOS,UPI
C19554,36,Female,Delhi,985,Basic,Android,Card
C19555,21,Female,Mumbai,237,Premium,Android,UPI
C19556,41,Female,Bengaluru,1553,Standard,iOS,Net Banking
C19557,28,Male,Kolkata,270,Standard,Android,UPI
C19558,18,Male,Chennai,1685,Premium,Web,UPI
C19559,40,Female,Kolkata,1775,Standard,Web,Net Banking
C19560,22,Other,Kolkata,922,Standard,Android,UPI
C19561,47,Male,Delhi,1400,Basic,iOS,Net Banking
C19562,41,Female,Mumbai,2089,Basic,Web,Net Banking
C19563,29,Male,Pune,1670,Premium,Web,UPI
C19564,35,Male,Kolkata,986,Standard,Android,Card
C19565,53,Male,Pune,1994,Standard,Android,UPI
C19566,40,Female,Delhi,116,Standard,Android,Wallet
C19567,33,Male,Jaipur,521,Premium,Android,Wallet
C19568,57,Female,Mumbai,740,Basic,Android,UPI
C19569,32,Female,Pune,820,Basic,Android,Wallet
C19570,36,Male,Mumbai,1488,Basic,Android,UPI
C19571,23,Male,Kolkata,1749,Basic,Android,Card
C19572,18,Male,Hyderabad,145,Standard,Android,UPI
C19573,28,Female,Ahmedabad,592,Standard,Android,UPI
C19574,31,Female,Mumbai,1804,Basic,Android,UPI
C19575,34,Male,Pune,1128,Standard,iOS,UPI
C19576,18,Male,Delhi,702,Basic,Android,UPI
C19577,37,Male,Kolkata,992,Standard,Android,UPI
C19578,24,Female,Mumbai,1344,Standard,Android,Wallet
C19579,36,Male,Mumbai,1321,Basic,Android,Net Banking
C19580,39,Female,Ahmedabad,1829,Standard,Android,UPI
C19581,27,Female,Mumbai,2174,Standard,iOS,UPI
C19582,22,Male,Delhi,1783,Standard,iOS,Net Banking
C19583,45,Female,Lucknow,255,Basic,Android,Card
C19584,39,Male,Jaipur,944,Basic,Web,UPI
C19585,32,Male,Lucknow,1081,Standard,iOS,UPI
C19586,44,Male,Bengaluru,1395,Premium,Web,Wallet
C19587,32,Female,Chennai,2111,Basic,Android,UPI
C19588,25,Female,Jaipur,999,Basic,Android,UPI
C19589,22,Male,Mumbai,784,Standard,iOS,Net Banking
C19590,30,Male,Ahmedabad,1982,Standard,iOS,Card
C19591,38,Male,Mumbai,1637,Basic,iOS,Net Banking
C19592,44,Female,Noida,1025,Standard,Android,UPI
C19593,31,Male,Kolkata,2046,Premium,Android,Wallet
C19594,42,Female,Chennai,686,Basic,iOS,Net Banking
C19595,29,Female,Chennai,552,Standard,Android,Card
C19596,24,Female,Delhi,76,Standard,iOS,Wallet
C19597,19,Female,Bengaluru,206,Basic,Android,UPI
C19598,26,Female,Ahmedabad,1906,Premium,Android,UPI
C19599,20,Female,Chennai,194,Premium,iOS,Card
C19600,49,Female,Chennai,1689,Standard,iOS,Card
C19601,35,Male,Delhi,188,Standard,Android,Card
C19602,30,Female,Kolkata,529,Standard,Android,Net Banking
C19603,46,Male,Hyderabad,790,Standard,Android,UPI
C19604,19,Male,Delhi,496,Basic,iOS,Card
C19605,30,Male,Gurugram,303,Basic,Android,UPI
C19606,49,Male,Chennai,2175,Basic,Android,Card
C19607,30,Female,Chennai,908,Basic,Android,Card
C19608,53,Female,Chandigarh,948,Standard,iOS,Wallet
C19609,38,Male,Bengaluru,1666,Premium,Android,Wallet
C19610,43,Male,Gurugram,2013,Basic,Android,Card
C19611,43,Male,Kolkata,677,Standard,Android,UPI
C19612,31,Male,Pune,1013,Standard,Android,Card
C19613,27,Male,Delhi,1070,Standard,Android,Card
C19614,30,Female,Mumbai,595,Standard,iOS,UPI
C19615,22,Female,Hyderabad,306,Basic,Android,UPI
C19616,30,Male,Mumbai,2028,Basic,iOS,Net Banking
C19617,31,Other,Mumbai,1545,Basic,Android,UPI
C19618,46,Male,Pune,1503,Premium,Android,Wallet
C19619,36,Male,Ahmedabad,719,Premium,Android,UPI
C19620,52,Male,Delhi,1463,Standard,Web,Wallet
C19621,18,Female,Ahmedabad,323,Standard,Android,Card
C19622,20,Male,Gurugram,286,Standard,Android,Card
C19623,28,Male,Ahmedabad,2101,Standard,Android,Card
C19624,44,Male,Jaipur,526,Basic,Android,UPI
C19625,30,Male,Kolkata,1700,Basic,Android,Card
C19626,18,Male,Delhi,633,Basic,Web,UPI
C19627,29,Female,Bengaluru,1445,Premium,Android,UPI
C19628,20,Male,Gurugram,1358,Standard,Web,Wallet
C19629,18,Female,Kolkata,1598,Standard,Android,Net Banking
C19630,49,Female,Jaipur,2099,Standard,Android,Wallet
C19631,28,Female,Indore,953,Standard,iOS,Net Banking
C19632,33,Female,Delhi,1909,Standard,Android,Card
C19633,30,Male,Bengaluru,677,Standard,Android,Wallet
C19634,29,Female,Kolkata,2121,Basic,Android,Card
C19635,23,Female,Mumbai,1114,Basic,Android,UPI
C19636,28,Male,Pune,1861,Standard,iOS,Card
C19637,34,Male,Jaipur,1820,Basic,Android,UPI
C19638,44,Male,Pune,1407,Standard,iOS,UPI
C19639,40,Male,Bengaluru,2121,Standard,Android,Card
C19640,20,Male,Ahmedabad,1495,Standard,Web,Wallet
C19641,40,Male,Delhi,1343,Basic,Web,UPI
C19642,35,Female,Kanpur,579,Basic,Android,Card
C19643,25,Female,Mumbai,846,Premium,iOS,UPI
C19644,33,Male,Kanpur,43,Premium,Android,Net Banking
C19645,36,Male,Chennai,1588,Basic,Android,Card
C19646,31,Male,Hyderabad,1346,Premium,iOS,Card
C19647,35,Male,Chennai,1542,Premium,Android,UPI
C19648,23,Male,Delhi,1394,Basic,iOS,UPI
C19649,49,Male,Hyderabad,566,Basic,Android,UPI
C19650,18,Female,Lucknow,2199,Premium,Web,Card
C19651,36,Female,Jaipur,975,Standard,Android,UPI
C19652,34,Male,Delhi,1547,Standard,Android,UPI
C19653,37,Female,Kolkata,320,Premium,Android,Card
C19654,25,Male,Lucknow,1325,Premium,iOS,UPI
C19655,42,Female,Lucknow,902,Basic,iOS,UPI
C19656,30,Female,Hyderabad,2043,Standard,iOS,UPI
C19657,20,Male,Mumbai,1685,Premium,Android,Net Banking
C19658,21,Female,Gurugram,2058,Basic,Android,Net Banking
C19659,32,Male,Hyderabad,711,Basic,iOS,UPI
C19660,18,Female,Bengaluru,1462,Premium,Android,Card
C19661,47,Female,Ahmedabad,1403,Standard,Android,UPI
C19662,40,Male,Bengaluru,574,Basic,Android,UPI
C19663,47,Female,Lucknow,740,Basic,iOS,UPI
C19664,46,Male,Mumbai,1494,Standard,Android,UPI
C19665,28,Female,Ahmedabad,349,Basic,Android,Card
C19666,23,Male,Indore,898,Basic,Web,UPI
C19667,18,Female,Chandigarh,1638,Premium,Android,UPI
C19668,27,Female,Noida,1855,Standard,Android,UPI
C19669,47,Male,Kanpur,1308,Basic,Android,UPI
C19670,24,Male,Bengaluru,1482,Standard,Web,Wallet
C19671,29,Male,Indore,1821,Standard,iOS,UPI
C19672,26,Male,Noida,531,Basic,iOS,UPI
C19673,34,Male,Chennai,1503,Premium,iOS,UPI
C19674,43,Female,Hyderabad,1626,Standard,Android,UPI
C19675,18,Male,Mumbai,1803,Standard,iOS,Card
C19676,19,Male,Pune,1349,Basic,Web,Card
C19677,44,Male,Kolkata,366,Standard,Android,Card
C19678,38,Male,Hyderabad,139,Basic,Android,UPI
C19679,29,Female,Hyderabad,1363,Standard,Android,Net Banking
C19680,46,Male,Pune,630,Standard,iOS,UPI
C19681,19,Male,Mumbai,827,Standard,Android,UPI
C19682,39,Female,Indore,1032,Standard,Android,Wallet
C19683,30,Male,Bengaluru,1649,Basic,Web,UPI
C19684,36,Male,Delhi,798,Standard,Android,Wallet
C19685,18,Male,Mumbai,1288,Basic,Android,Card
C19686,29,Male,Lucknow,1110,Standard,Android,UPI
C19687,38,Female,Kanpur,147,Premium,Web,Card
C19688,30,Female,Mumbai,1530,Standard,iOS,Wallet
C19689,42,Female,Delhi,1187,Basic,iOS,Net Banking
C19690,42,Male,Hyderabad,509,Standard,Android,UPI
C19691,22,Female,Delhi,1645,Basic,Android,Net Banking
C19692,38,Male,Ahmedabad,246,Basic,Android,UPI
C19693,22,Male,Mumbai,600,Basic,iOS,UPI
C19694,31,Male,Chennai,548,Basic,Android,UPI
C19695,37,Female,Hyderabad,1450,Standard,Android,Card
C19696,23,Female,Hyderabad,2178,Basic,Android,UPI
C19697,38,Other,Hyderabad,1854,Standard,iOS,Net Banking
C19698,26,Male,Delhi,330,Basic,Android,UPI
C19699,26,Female,Delhi,171,Standard,Android,UPI
C19700,37,Female,Mumbai,1742,Basic,Android,UPI
C19701,23,Male,Mumbai,1284,Basic,Web,Card
C19702,23,Male,Indore,808,Standard,Android,UPI
C19703,40,Male,Bengaluru,1956,Basic,iOS,Net Banking
C19704,32,Female,Bengaluru,417,Basic,Android,UPI
C19705,18,Male,Mumbai,304,Standard,iOS,Card
C19706,39,Female,Ahmedabad,1114,Basic,Web,Net Banking
C19707,27,Male,Noida,614,Standard,Android,Net Banking
C19708,18,Female,Jaipur,534,Basic,Android,Card
C19709,18,Female,Pune,1388,Standard,iOS,UPI
C19710,39,Female,Lucknow,691,Basic,iOS,UPI
C19711,23,Female,Hyderabad,1299,Premium,Android,UPI
C19712,20,Female,Lucknow,1260,Basic,Android,Wallet
C19713,37,Male,Jaipur,1751,Premium,iOS,UPI
C19714,38,Male,Mumbai,2147,Basic,iOS,Net Banking
C19715,24,Male,Chennai,1395,Standard,Android,Net Banking
C19716,39,Female,Bengaluru,652,Basic,Android,Wallet
C19717,49,Female,Mumbai,1279,Basic,Web,UPI
C19718,43,Male,Lucknow,1076,Basic,Android,UPI
C19719,42,Male,Mumbai,1010,Basic,Android,UPI
C19720,34,Female,Ahmedabad,778,Basic,Web,UPI
C19721,27,Male,Chandigarh,199,Standard,iOS,Net Banking
C19722,30,Female,Chennai,565,Standard,Android,Wallet
C19723,35,Female,Bengaluru,1312,Standard,iOS,UPI
C19724,20,Female,Pune,183,Basic,Android,Net Banking
C19725,24,Male,Jaipur,369,Standard,Android,Net Banking
C19726,18,Female,Delhi,1267,Standard,Android,UPI
C19727,33,Female,Delhi,2190,Basic,Web,UPI
C19728,32,Male,Pune,392,Standard,Android,Net Banking
C19729,25,Female,Gurugram,200,Basic,Android,Net Banking
C19730,38,Female,Bengaluru,788,Standard,Android,Wallet
C19731,22,Male,Hyderabad,194,Standard,Android,Card
C19732,25,Male,Chandigarh,1974,Standard,Android,UPI
C19733,38,Female,Delhi,1738,Standard,Android,Net Banking
C19734,39,Female,Mumbai,283,Basic,iOS,UPI
C19735,24,Female,Pune,249,Standard,Android,Net Banking
C19736,33,Other,Mumbai,1203,Standard,Web,UPI
C19737,24,Male,Delhi,909,Premium,Web,UPI
C19738,29,Female,Pune,1534,Standard,Android,Card
C19739,32,Male,Kolkata,2042,Basic,Android,UPI
C19740,36,Female,Chennai,755,Basic,iOS,UPI
C19741,34,Female,Hyderabad,1739,Standard,Android,UPI
C19742,33,Male,Pune,752,Standard,Android,UPI
C19743,21,Male,Kolkata,535,Basic,iOS,UPI
C19744,34,Male,Jaipur,2136,Standard,iOS,UPI
C19745,36,Male,Jaipur,574,Standard,iOS,Card
C19746,37,Male,Kolkata,340,Basic,Web,UPI
C19747,25,Female,Kanpur,1315,Basic,iOS,UPI
C19748,39,Female,Lucknow,1322,Standard,Android,UPI
C19749,19,Female,Mumbai,1085,Standard,Android,Card
C19750,27,Other,Indore,219,Basic,iOS,UPI
C19751,29,Female,Kanpur,283,Basic,iOS,UPI
C19752,20,Female,Bengaluru,1674,Basic,iOS,Card
C19753,28,Female,Mumbai,374,Basic,Android,Wallet
C19754,33,Female,Pune,628,Standard,iOS,UPI
C19755,18,Male,Hyderabad,1772,Basic,Web,UPI
C19756,27,Female,Ahmedabad,764,Standard,Android,UPI
C19757,18,Male,Chennai,778,Basic,Android,Net Banking
C19758,49,Male,Mumbai,2018,Standard,Web,Card
C19759,33,Male,Delhi,1763,Premium,Web,Card
C19760,32,Male,Kanpur,1567,Basic,Android,UPI
C19761,33,Female,Mumbai,441,Premium,Android,UPI
C19762,36,Male,Ahmedabad,647,Standard,iOS,Wallet
C19763,40,Male,Bengaluru,1330,Premium,Android,UPI
C19764,18,Female,Hyderabad,1850,Basic,Android,UPI
C19765,43,Female,Chennai,1126,Premium,Android,Wallet
C19766,42,Male,Delhi,1643,Standard,iOS,UPI
C19767,30,Male,Kolkata,738,Basic,Android,UPI
C19768,30,Male,Kolkata,823,Premium,Android,UPI
C19769,18,Female,Mumbai,1350,Premium,Android,Net Banking
C19770,20,Female,Bengaluru,1260,Basic,iOS,Wallet
C19771,36,Male,Ahmedabad,300,Standard,Web,Card
C19772,42,Female,Ahmedabad,873,Premium,iOS,Wallet
C19773,38,Other,Chennai,1888,Standard,Android,UPI
C19774,30,Male,Jaipur,1187,Standard,Web,Card
C19775,48,Male,Mumbai,1643,Basic,Web,Card
C19776,40,Female,Mumbai,1823,Basic,Android,UPI
C19777,27,Male,Kolkata,652,Standard,Web,Card
C19778,51,Male,Kolkata,539,Standard,Android,UPI
C19779,21,Male,Lucknow,1288,Standard,Android,Card
C19780,18,Male,Delhi,1070,Standard,iOS,Net Banking
C19781,27,Male,Chennai,1987,Basic,Android,UPI
C19782,24,Female,Kolkata,426,Standard,Web,UPI
C19783,28,Other,Delhi,946,Basic,Android,Wallet
C19784,38,Female,Chennai,135,Standard,iOS,Card
C19785,31,Male,Kolkata,818,Standard,iOS,UPI
C19786,31,Female,Delhi,1304,Standard,Android,UPI
C19787,32,Male,Bengaluru,1763,Basic,iOS,Net Banking
C19788,18,Male,Delhi,1861,Standard,Android,UPI
C19789,18,Male,Noida,32,Basic,Android,UPI
C19790,28,Female,Delhi,1922,Basic,Android,UPI
C19791,23,Female,Mumbai,1519,Standard,Web,UPI
C19792,29,Female,Mumbai,467,Basic,iOS,Wallet
C19793,44,Male,Mumbai,498,Standard,iOS,UPI
C19794,30,Female,Delhi,1716,Premium,Android,Card
C19795,19,Male,Pune,1536,Basic,iOS,Card
C19796,24,Female,Mumbai,477,Standard,iOS,UPI
C19797,46,Male,Bengaluru,980,Standard,Web,UPI
C19798,45,Male,Mumbai,1893,Basic,iOS,UPI
C19799,36,Male,Hyderabad,74,Standard,Android,UPI
C19800,18,Male,Mumbai,1139,Basic,Web,UPI
C19801,34,Male,Pune,1927,Standard,iOS,Wallet
C19802,34,Male,Kolkata,38,Standard,Android,Card
C19803,31,Female,Ahmedabad,1215,Basic,iOS,UPI
C19804,26,Male,Delhi,1242,Standard,Android,UPI
C19805,28,Male,Kanpur,710,Standard,iOS,UPI
C19806,25,Female,Kolkata,1200,Standard,Android,Net Banking
C19807,21,Female,Mumbai,1556,Basic,iOS,Net Banking
C19808,43,Male,Hyderabad,645,Basic,Android,UPI
C19809,39,Male,Jaipur,1106,Basic,iOS,Card
C19810,28,Male,Bengaluru,1194,Standard,Android,UPI
C19811,34,Female,Hyderabad,105,Basic,Android,Card
C19812,35,Male,Pune,491,Standard,Android,Net Banking
C19813,52,Female,Mumbai,1441,Premium,Android,UPI
C19814,39,Female,Indore,1091,Basic,iOS,Net Banking
C19815,39,Male,Delhi,2133,Standard,Android,UPI
C19816,31,Female,Mumbai,1874,Basic,Android,UPI
C19817,27,Female,Mumbai,511,Standard,Web,Net Banking
C19818,43,Female,Hyderabad,2193,Basic,Android,UPI
C19819,37,Female,Kanpur,1902,Premium,Android,UPI
C19820,24,Female,Lucknow,942,Basic,Android,UPI
C19821,35,Female,Noida,1377,Premium,Web,UPI
C19822,39,Male,Chennai,636,Basic,Android,UPI
C19823,18,Male,Hyderabad,199,Standard,Android,Wallet
C19824,23,Female,Hyderabad,545,Basic,Android,Card
C19825,34,Male,Mumbai,1614,Basic,iOS,UPI
C19826,18,Male,Noida,1268,Premium,Android,Net Banking
C19827,18,Female,Chennai,988,Basic,Web,UPI
C19828,29,Female,Hyderabad,1073,Standard,Android,UPI
C19829,35,Female,Chennai,1752,Standard,iOS,UPI
C19830,36,Male,Jaipur,1540,Basic,Android,UPI
C19831,45,Male,Delhi,1409,Basic,Web,UPI
C19832,32,Female,Ahmedabad,1117,Premium,Android,Card
C19833,28,Female,Ahmedabad,36,Standard,Android,UPI
C19834,19,Female,Lucknow,754,Premium,Android,UPI
C19835,28,Male,Mumbai,304,Standard,Android,Card
C19836,37,Female,Delhi,1710,Standard,Android,Card
C19837,38,Male,Hyderabad,794,Standard,Android,Wallet
C19838,33,Male,Lucknow,561,Basic,Android,Net Banking
C19839,36,Male,Indore,1075,Premium,Android,UPI
C19840,42,Female,Pune,1071,Standard,Android,UPI
C19841,32,Female,Delhi,2052,Standard,Android,UPI
C19842,43,Male,Delhi,417,Premium,Android,UPI
C19843,24,Male,Kolkata,1813,Basic,Web,Net Banking
C19844,30,Male,Delhi,498,Basic,Android,Net Banking
C19845,27,Female,Chennai,1769,Basic,iOS,UPI
C19846,38,Female,Lucknow,1198,Standard,Android,Wallet
C19847,22,Male,Hyderabad,1200,Standard,Android,UPI
C19848,28,Male,Hyderabad,1559,Basic,Web,Card
C19849,18,Male,Mumbai,231,Standard,iOS,Card
C19850,36,Male,Delhi,1759,Basic,iOS,UPI
C19851,42,Male,Kolkata,1648,Standard,Android,UPI
C19852,39,Male,Bengaluru,460,Basic,iOS,UPI
C19853,38,Female,Delhi,217,Basic,Web,UPI
C19854,39,Female,Mumbai,1599,Standard,Android,UPI
C19855,37,Male,Mumbai,228,Basic,Android,Card
C19856,37,Male,Kolkata,1288,Basic,Web,UPI
C19857,37,Male,Pune,583,Basic,Android,Net Banking
C19858,25,Male,Chennai,1588,Premium,Android,Card
C19859,29,Male,Chennai,2031,Basic,Android,UPI
C19860,32,Female,Delhi,1856,Basic,Android,UPI
C19861,28,Male,Chennai,1657,Standard,Android,UPI
C19862,18,Male,Mumbai,1424,Basic,Android,Card
C19863,20,Female,Noida,196,Standard,Android,UPI
C19864,33,Female,Mumbai,2091,Standard,Android,Wallet
C19865,39,Female,Hyderabad,2024,Basic,Android,Card
C19866,31,Female,Mumbai,165,Premium,iOS,UPI
C19867,56,Male,Jaipur,1729,Standard,iOS,Card
C19868,23,Male,Delhi,262,Standard,Android,Net Banking
C19869,35,Male,Noida,1339,Premium,Android,Wallet
C19870,43,Other,Mumbai,571,Premium,Web,Wallet
C19871,41,Male,Lucknow,305,Basic,iOS,Net Banking
C19872,37,Male,Kolkata,529,Standard,Web,UPI
C19873,41,Female,Delhi,724,Basic,Web,Card
C19874,31,Female,Delhi,787,Standard,Android,Card
C19875,46,Male,Bengaluru,682,Standard,Android,Net Banking
C19876,43,Male,Lucknow,1034,Basic,Android,Net Banking
C19877,23,Male,Kanpur,1418,Standard,Android,UPI
C19878,34,Male,Delhi,1036,Standard,iOS,UPI
C19879,18,Female,Bengaluru,1305,Basic,Android,UPI
C19880,45,Female,Delhi,865,Standard,Web,Wallet
C19881,33,Male,Mumbai,631,Basic,iOS,UPI
C19882,43,Male,Kolkata,351,Standard,Web,UPI
C19883,30,Female,Bengaluru,705,Basic,iOS,UPI
C19884,18,Male,Delhi,447,Standard,Android,Card
C19885,55,Female,Kanpur,1155,Basic,Android,Wallet
C19886,32,Male,Ahmedabad,1450,Standard,iOS,UPI
C19887,22,Male,Jaipur,1864,Standard,Android,Card
C19888,41,Female,Mumbai,669,Standard,Web,UPI
C19889,49,Male,Noida,303,Standard,Android,UPI
C19890,29,Male,Pune,1799,Standard,iOS,UPI
C19891,30,Male,Chennai,1604,Basic,Android,Card
C19892,33,Male,Mumbai,717,Standard,iOS,Net Banking
C19893,21,Male,Kanpur,2190,Basic,iOS,Net Banking
C19894,25,Male,Chennai,1422,Standard,Android,Card
C19895,47,Male,Lucknow,1656,Premium,Web,UPI
C19896,30,Male,Kolkata,792,Standard,iOS,Net Banking
C19897,23,Male,Jaipur,988,Basic,Android,Wallet
C19898,27,Female,Kolkata,787,Basic,Web,Card
C19899,41,Female,Noida,1617,Standard,iOS,Card
C19900,18,Female,Delhi,1798,Basic,Android,Card
C19901,33,Male,Delhi,1897,Standard,Android,UPI
C19902,53,Female,Ahmedabad,751,Standard,Web,UPI
C19903,49,Male,Chennai,1697,Standard,iOS,Wallet
C19904,36,Female,Pune,1513,Basic,Android,Card
C19905,43,Female,Ahmedabad,57,Standard,Android,Card
C19906,43,Male,Chennai,1755,Basic,Android,UPI
C19907,30,Male,Jaipur,315,Basic,Android,UPI
C19908,39,Female,Bengaluru,308,Standard,Android,UPI
C19909,47,Male,Lucknow,262,Standard,Android,UPI
C19910,20,Female,Mumbai,1221,Standard,Android,Wallet
C19911,36,Male,Kolkata,99,Standard,iOS,Wallet
C19912,34,Female,Kanpur,1124,Basic,iOS,Wallet
C19913,32,Female,Delhi,1580,Basic,iOS,UPI
C19914,31,Female,Bengaluru,1192,Basic,Android,Card
C19915,33,Female,Bengaluru,610,Basic,Android,UPI
C19916,34,Male,Pune,754,Basic,iOS,UPI
C19917,41,Male,Hyderabad,1596,Standard,iOS,UPI
C19918,35,Female,Mumbai,766,Standard,Android,Card
C19919,29,Male,Kanpur,1475,Basic,iOS,UPI
C19920,23,Male,Delhi,1522,Standard,Android,UPI
C19921,27,Female,Chennai,1166,Basic,Android,UPI
C19922,33,Female,Pune,837,Basic,iOS,UPI
C19923,25,Female,Mumbai,159,Standard,Android,Net Banking
C19924,40,Male,Mumbai,1645,Standard,Android,UPI
C19925,35,Male,Indore,692,Standard,Web,Card
C19926,41,Female,Kolkata,1016,Basic,Android,UPI
C19927,25,Female,Mumbai,88,Standard,iOS,UPI
C19928,24,Female,Jaipur,1640,Standard,Android,UPI
C19929,41,Female,Chennai,2004,Standard,Web,Wallet
C19930,32,Male,Mumbai,1936,Basic,Android,Net Banking
C19931,29,Male,Kolkata,699,Basic,Web,Net Banking
C19932,37,Female,Chennai,223,Premium,Android,UPI
C19933,37,Female,Delhi,236,Basic,Web,Card
C19934,20,Female,Kanpur,854,Premium,iOS,Net Banking
C19935,43,Female,Bengaluru,35,Standard,Android,UPI
C19936,27,Male,Bengaluru,418,Standard,iOS,UPI
C19937,46,Male,Bengaluru,1356,Basic,Android,UPI
C19938,19,Male,Jaipur,120,Premium,Android,Net Banking
C19939,34,Female,Ahmedabad,1377,Basic,Android,UPI
C19940,29,Male,Noida,1913,Basic,iOS,UPI
C19941,18,Male,Delhi,2188,Basic,Android,Card
C19942,37,Female,Jaipur,2138,Basic,iOS,UPI
C19943,18,Male,Pune,656,Standard,iOS,UPI
C19944,28,Male,Bengaluru,1431,Basic,Android,UPI
C19945,41,Male,Mumbai,130,Standard,Android,Card
C19946,26,Female,Lucknow,547,Standard,iOS,UPI
C19947,23,Female,Delhi,1721,Standard,Android,Card
C19948,38,Male,Pune,474,Standard,Android,UPI
C19949,29,Male,Chennai,690,Basic,Android,UPI
C19950,27,Male,Mumbai,920,Standard,Android,Card
C19951,42,Female,Chandigarh,747,Basic,iOS,Card
C19952,20,Female,Lucknow,1634,Standard,Android,Card
C19953,27,Male,Chennai,1999,Standard,Web,UPI
C19954,39,Male,Kolkata,1198,Standard,iOS,Net Banking
C19955,20,Female,Chennai,1278,Basic,Web,Card
C19956,47,Male,Ahmedabad,1618,Basic,iOS,UPI
C19957,29,Male,Mumbai,898,Premium,Android,UPI
C19958,39,Male,Hyderabad,1016,Premium,Android,UPI
C19959,39,Female,Bengaluru,2092,Standard,Android,Card
C19960,30,Male,Hyderabad,865,Basic,iOS,UPI
C19961,27,Male,Hyderabad,605,Basic,iOS,Card
C19962,31,Male,Delhi,75,Premium,Android,Wallet
C19963,37,Male,Indore,76,Basic,iOS,Card
C19964,22,Male,Mumbai,1698,Standard,Android,UPI
C19965,20,Female,Mumbai,530,Basic,iOS,Wallet
C19966,44,Female,Bengaluru,1636,Standard,Android,Card
C19967,24,Female,Pune,125,Basic,Android,UPI
C19968,34,Male,Delhi,1755,Basic,Android,UPI
C19969,29,Male,Chennai,914,Basic,Web,UPI
C19970,30,Male,Ahmedabad,1800,Premium,iOS,UPI
C19971,44,Male,Mumbai,1833,Standard,Android,UPI
C19972,30,Male,Chandigarh,1267,Standard,Android,Net Banking
C19973,28,Male,Bengaluru,2146,Premium,Android,UPI
C19974,29,Female,Kolkata,2082,Basic,Android,Card
C19975,26,Male,Mumbai,1549,Premium,iOS,Card
C19976,25,Female,Ahmedabad,1097,Basic,Android,Wallet
C19977,27,Female,Lucknow,2039,Basic,Android,UPI
C19978,46,Male,Mumbai,2133,Standard,Android,UPI
C19979,37,Male,Mumbai,916,Premium,iOS,Wallet
C19980,28,Female,Bengaluru,733,Standard,Android,Wallet
C19981,40,Male,Mumbai,686,Basic,Android,Card
C19982,18,Male,Chandigarh,2059,Premium,Android,UPI
C19983,43,Female,Pune,364,Standard,iOS,Wallet
C19984,43,Male,Pune,36,Standard,Web,Card
C19985,51,Other,Indore,1116,Standard,Android,UPI
C19986,40,Male,Lucknow,2094,Basic,Android,Net Banking
C19987,35,Female,Lucknow,739,Basic,iOS,UPI
C19988,43,Female,Bengaluru,1124,Standard,Android,UPI
C19989,25,Female,Bengaluru,263,Basic,Android,Card
C19990,27,Female,Bengaluru,1810,Standard,Android,Net Banking
C19991,30,Male,Bengaluru,2052,Standard,Android,Net Banking
C19992,43,Male,Bengaluru,1406,Standard,Android,UPI
C19993,23,Female,Delhi,298,Standard,Android,UPI
C19994,22,Male,Bengaluru,242,Basic,Android,Card
C19995,33,Male,Hyderabad,1635,Standard,Android,Card
C19996,37,Female,Bengaluru,308,Basic,Android,Net Banking
C19997,25,Male,Delhi,177,Basic,Web,UPI
C19998,37,Male,Bengaluru,1961,Basic,Android,UPI
C19999,43,Female,Chennai,1173,Basic,Web,UPI
